Folder Path,traj.csv exists?,foodpatches_reviewed.mat exists?,traj.mat exists?,traj.mat empty?,Diagnosis of video,frames with zero worms,frames with one worm,frames with two or more worms,proportion of frames with multiple worms,final classification of the video
/Users/benitaibrahim/Documents/PTUT/Minipatches_light_20260116/20221115T113223_SmallPatches_C6-CAM1,1,1,1,0,OK,5828,27562,0,0.0,1 worm clean
/Users/benitaibrahim/Documents/PTUT/Minipatches_light_20260116/20221120T190805_SmallPatches_C2-CAM6,1,1,1,0,OK,915,33626,0,0.0,1 worm clean
/Users/benitaibrahim/Documents/PTUT/Minipatches_light_20260116/20221125T232044_SmallPatches_C1-CAM7,1,1,1,0,OK,6011,4872,0,0.0,1 worm clean
/Users/benitaibrahim/Documents/PTUT/Minipatches_light_20260116/20221014T101555_SmallPatches_C3-CAM6,1,1,1,0,OK,3604,31033,0,0.0,1 worm clean
/Users/benitaibrahim/Documents/PTUT/Minipatches_light_20260116/20221110T105445_SmallPatches_C1-CAM7,0,0,1,0,WEIRD,0,0,0,0.0,0 worms
/Users/benitaibrahim/Documents/PTUT/Minipatches_light_20260116/20221116T103106_SmallPatches_C6-CAM5,1,0,1,0,WEIRD,0,1153,33511,0.9667378259866144,2+ worms
/Users/benitaibrahim/Documents/PTUT/Minipatches_light_20260116/20221126T114423_SmallPatches_C5-CAM1,1,1,1,0,OK,11729,22887,0,0.0,1 worm clean
/Users/benitaibrahim/Documents/PTUT/Minipatches_light_20260116/20221017T202150_SmallPatches_C3-CAM7,1,1,1,0,OK,5653,28948,0,0.0,1 worm clean
/Users/benitaibrahim/Documents/PTUT/Minipatches_light_20260116/20221116T102254_SmallPatches_C1-CAM8,1,1,1,0,OK,8693,25983,0,0.0,1 worm clean
/Users/benitaibrahim/Documents/PTUT/Minipatches_light_20260116/20221011T192159_SmallPatches_C5-CAM5,1,1,1,0,OK,0,34680,0,0.0,1 worm clean
/Users/benitaibrahim/Documents/PTUT/Minipatches_light_20260116/20221117T104123_SmallPatches_C3-CAM6,1,1,1,0,OK,969,33629,0,0.0,1 worm clean
/Users/benitaibrahim/Documents/PTUT/Minipatches_light_20260116/20221126T205101_SmallPatches_C4-CAM5,1,0,1,0,WEIRD,0,7732,26822,0.7762342999363315,2+ worms
/Users/benitaibrahim/Documents/PTUT/Minipatches_light_20260116/20221122T192231_SmallPatches_C2-CAM2,1,1,1,0,OK,3340,31358,0,0.0,1 worm clean
/Users/benitaibrahim/Documents/PTUT/Minipatches_light_20260116/20221116T103106_SmallPatches_C6-CAM2,1,1,1,0,OK,0,34698,0,0.0,1 worm clean
/Users/benitaibrahim/Documents/PTUT/Minipatches_light_20260116/20221014T101555_SmallPatches_C3-CAM1,1,1,1,0,OK,5631,29008,0,0.0,1 worm clean
/Users/benitaibrahim/Documents/PTUT/Minipatches_light_20260116/20221115T113223_SmallPatches_C6-CAM6,1,0,1,0,WEIRD,16562,8147,1,4.046944556859571e-05,1 worm with errors
/Users/benitaibrahim/Documents/PTUT/Minipatches_light_20260116/20221126T205101_SmallPatches_C4-CAM2,1,1,1,0,OK,13361,20675,0,0.0,1 worm clean
/Users/benitaibrahim/Documents/PTUT/Minipatches_light_20260116/20221110T193059_SmallPatches_C3-CAM7,0,0,1,0,WEIRD,0,0,0,0.0,0 worms
/Users/benitaibrahim/Documents/PTUT/Minipatches_light_20260116/20221117T195638_SmallPatches_C3-CAM8,1,1,1,0,OK,0,1840,0,0.0,1 worm clean
/Users/benitaibrahim/Documents/PTUT/Minipatches_light_20260116/20221117T104123_SmallPatches_C3-CAM1,0,0,1,0,WEIRD,0,0,0,0.0,0 worms
/Users/benitaibrahim/Documents/PTUT/Minipatches_light_20260116/20221011T192159_SmallPatches_C5-CAM2,1,1,1,0,OK,1270,33341,0,0.0,1 worm clean
/Users/benitaibrahim/Documents/PTUT/Minipatches_light_20260116/20221126T114423_SmallPatches_C5-CAM6,1,1,1,0,OK,0,34683,0,0.0,1 worm clean
/Users/benitaibrahim/Documents/PTUT/Minipatches_light_20260116/20221110T194534_SmallPatches_C5-CAM5,1,1,1,0,OK,2732,31930,0,0.0,1 worm clean
/Users/benitaibrahim/Documents/PTUT/Minipatches_light_20260116/20221117T195638_SmallPatches_C3-CAM1,1,1,1,0,OK,10228,24365,0,0.0,1 worm clean
/Users/benitaibrahim/Documents/PTUT/Minipatches_light_20260116/20221126T203601_SmallPatches_C3-CAM7,1,1,1,0,OK,433,1994,0,0.0,1 worm clean
/Users/benitaibrahim/Documents/PTUT/Minipatches_light_20260116/20221116T102254_SmallPatches_C1-CAM6,1,0,1,0,WEIRD,0,4396,30282,0.8732337505046427,2+ worms
/Users/benitaibrahim/Documents/PTUT/Minipatches_light_20260116/20221117T104123_SmallPatches_C3-CAM8,1,1,1,0,OK,6204,28375,0,0.0,1 worm clean
/Users/benitaibrahim/Documents/PTUT/Minipatches_light_20260116/20221011T111213_SmallPatches_C1-CAM1,1,1,1,0,OK,0,33146,0,0.0,1 worm clean
/Users/benitaibrahim/Documents/PTUT/Minipatches_light_20260116/20221011T112304_SmallPatches_C4-CAM4,1,0,1,0,WEIRD,4297,14455,12208,0.3943152454780362,2+ worms
/Users/benitaibrahim/Documents/PTUT/Minipatches_light_20260116/20221012T130040_SmallPatches_C2-CAM7,1,1,1,0,OK,3240,24110,0,0.0,1 worm clean
/Users/benitaibrahim/Documents/PTUT/Minipatches_light_20260116/20221014T101555_SmallPatches_C3-CAM8,1,1,1,0,OK,90,34543,0,0.0,1 worm clean
/Users/benitaibrahim/Documents/PTUT/Minipatches_light_20260116/20221015T195306_SmallPatches_C1-CAM3,1,1,1,0,OK,874,33747,0,0.0,1 worm clean
/Users/benitaibrahim/Documents/PTUT/Minipatches_light_20260116/20221115T113217_SmallPatches_C5-CAM7,1,1,1,0,OK,14106,20512,0,0.0,1 worm clean
/Users/benitaibrahim/Documents/PTUT/Minipatches_light_20260116/20221117T195557_SmallPatches_C1-CAM4,1,1,1,0,OK,3637,30933,0,0.0,1 worm clean
/Users/benitaibrahim/Documents/PTUT/Minipatches_light_20260116/20221126T114423_SmallPatches_C5-CAM8,1,1,1,0,OK,2733,31847,0,0.0,1 worm clean
/Users/benitaibrahim/Documents/PTUT/Minipatches_light_20260116/20221011T111213_SmallPatches_C1-CAM6,1,1,1,0,OK,1078,30627,0,0.0,1 worm clean
/Users/benitaibrahim/Documents/PTUT/Minipatches_light_20260116/20221011T191711_SmallPatches_C2-CAM7,1,1,1,0,OK,1204,33565,0,0.0,1 worm clean
/Users/benitaibrahim/Documents/PTUT/Minipatches_light_20260116/20221116T102254_SmallPatches_C1-CAM1,1,1,1,0,OK,22113,12338,0,0.0,1 worm clean
/Users/benitaibrahim/Documents/PTUT/Minipatches_light_20260116/20221117T195638_SmallPatches_C3-CAM6,1,0,1,0,WEIRD,4413,18144,12039,0.34798820672910163,2+ worms
/Users/benitaibrahim/Documents/PTUT/Minipatches_light_20260116/20221110T194534_SmallPatches_C5-CAM2,1,1,1,0,OK,2221,32482,0,0.0,1 worm clean
/Users/benitaibrahim/Documents/PTUT/Minipatches_light_20260116/20221122T102404_SmallPatches_C3-CAM7,1,1,1,0,OK,11086,23505,0,0.0,1 worm clean
/Users/benitaibrahim/Documents/PTUT/Minipatches_light_20260116/20221015T195306_SmallPatches_C1-CAM4,1,1,1,0,OK,892,33732,0,0.0,1 worm clean
/Users/benitaibrahim/Documents/PTUT/Minipatches_light_20260116/20221115T113223_SmallPatches_C6-CAM8,0,0,1,0,WEIRD,0,0,0,0.0,0 worms
/Users/benitaibrahim/Documents/PTUT/Minipatches_light_20260116/20221012T131806_SmallPatches_C4-CAM7,0,0,1,1,NO WORM,0,0,0,0.0,0 worms
/Users/benitaibrahim/Documents/PTUT/Minipatches_light_20260116/20221110T110848_SmallPatches_C4-CAM4,1,1,1,0,OK,713,33993,0,0.0,1 worm clean
/Users/benitaibrahim/Documents/PTUT/Minipatches_light_20260116/20221119T201720_SmallPatches_C1-CAM7,1,1,1,0,OK,6431,28106,0,0.0,1 worm clean
/Users/benitaibrahim/Documents/PTUT/Minipatches_light_20260116/20221116T102308_SmallPatches_C3-CAM4,1,1,1,0,OK,851,33844,0,0.0,1 worm clean
/Users/benitaibrahim/Documents/PTUT/Minipatches_light_20260116/20221123T210707_SmallPatches_C3-CAM3,1,1,1,0,OK,1397,33248,0,0.0,1 worm clean
/Users/benitaibrahim/Documents/PTUT/Minipatches_light_20260116/20221015T200706_SmallPatches_C6-CAM2,1,1,1,0,OK,655,33583,0,0.0,1 worm clean
/Users/benitaibrahim/Documents/PTUT/Minipatches_light_20260116/20221012T131923_SmallPatches_C6-CAM2,1,1,1,0,OK,2871,23690,0,0.0,1 worm clean
/Users/benitaibrahim/Documents/PTUT/Minipatches_light_20260116/20221120T191902_SmallPatches_C5-CAM6,1,1,1,0,OK,159,34465,0,0.0,1 worm clean
/Users/benitaibrahim/Documents/PTUT/Minipatches_light_20260116/20221016T201801_SmallPatches_C3-CAM4,0,0,1,0,WEIRD,0,0,0,0.0,0 worms
/Users/benitaibrahim/Documents/PTUT/Minipatches_light_20260116/20221121T204620_SmallPatches_C3-CAM2,1,1,1,0,OK,379,34185,0,0.0,1 worm clean
/Users/benitaibrahim/Documents/PTUT/Minipatches_light_20260116/20221117T105413_SmallPatches_C5-CAM6,1,1,1,0,OK,1427,33229,0,0.0,1 worm clean
/Users/benitaibrahim/Documents/PTUT/Minipatches_light_20260116/20221013T201332_SmallPatches_C2-CAM5,1,1,1,0,OK,5579,29093,0,0.0,1 worm clean
/Users/benitaibrahim/Documents/PTUT/Minipatches_light_20260116/20221015T200700_SmallPatches_C5-CAM5,1,0,1,0,WEIRD,1,1,357,0.9944289693593314,2+ worms
/Users/benitaibrahim/Documents/PTUT/Minipatches_light_20260116/20221014T103141_SmallPatches_C6-CAM5,0,0,1,0,WEIRD,0,0,0,0.0,0 worms
/Users/benitaibrahim/Documents/PTUT/Minipatches_light_20260116/20221117T200335_SmallPatches_C6-CAM7,0,0,1,1,NO WORM,0,0,0,0.0,0 worms
/Users/benitaibrahim/Documents/PTUT/Minipatches_light_20260116/20221014T103134_SmallPatches_C5-CAM4,1,1,1,0,OK,5220,29397,0,0.0,1 worm clean
/Users/benitaibrahim/Documents/PTUT/Minipatches_light_20260116/20221110T110848_SmallPatches_C4-CAM3,1,1,1,0,OK,3104,31567,0,0.0,1 worm clean
/Users/benitaibrahim/Documents/PTUT/Minipatches_light_20260116/20221116T102308_SmallPatches_C3-CAM3,1,1,1,0,OK,4,34639,0,0.0,1 worm clean
/Users/benitaibrahim/Documents/PTUT/Minipatches_light_20260116/20221014T103141_SmallPatches_C6-CAM2,1,1,1,0,OK,744,33875,0,0.0,1 worm clean
/Users/benitaibrahim/Documents/PTUT/Minipatches_light_20260116/20221013T201332_SmallPatches_C2-CAM2,1,1,1,0,OK,3500,31168,0,0.0,1 worm clean
/Users/benitaibrahim/Documents/PTUT/Minipatches_light_20260116/20221015T200700_SmallPatches_C5-CAM2,1,1,1,0,OK,0,410,0,0.0,1 worm clean
/Users/benitaibrahim/Documents/PTUT/Minipatches_light_20260116/20221013T200138_SmallPatches_C5-CAM8,1,0,1,0,WEIRD,4195,30506,4,0.00011525716755510733,1 worm with errors
/Users/benitaibrahim/Documents/PTUT/Minipatches_light_20260116/20221117T105413_SmallPatches_C5-CAM1,0,0,1,1,NO WORM,0,0,0,0.0,0 worms
/Users/benitaibrahim/Documents/PTUT/Minipatches_light_20260116/20221121T204620_SmallPatches_C3-CAM5,0,0,1,1,NO WORM,0,0,0,0.0,0 worms
/Users/benitaibrahim/Documents/PTUT/Minipatches_light_20260116/20221016T203158_SmallPatches_C4-CAM2 copy,1,0,1,0,WEIRD,49,7339,27071,0.7856002785919498,2+ worms
/Users/benitaibrahim/Documents/PTUT/Minipatches_light_20260116/20221126T112832_SmallPatches_C3-CAM7,1,1,1,0,OK,2755,31670,0,0.0,1 worm clean
/Users/benitaibrahim/Documents/PTUT/Minipatches_light_20260116/20221016T201801_SmallPatches_C3-CAM3,1,1,1,0,OK,433,34164,0,0.0,1 worm clean
/Users/benitaibrahim/Documents/PTUT/Minipatches_light_20260116/20221012T131923_SmallPatches_C6-CAM5,1,1,1,0,OK,1580,24985,0,0.0,1 worm clean
/Users/benitaibrahim/Documents/PTUT/Minipatches_light_20260116/20221015T200706_SmallPatches_C6-CAM5,1,1,1,0,OK,2908,25530,0,0.0,1 worm clean
/Users/benitaibrahim/Documents/PTUT/Minipatches_light_20260116/20221013T200138_SmallPatches_C5-CAM1,1,0,1,0,WEIRD,122,34518,1,2.8867526918968852e-05,1 worm with errors
/Users/benitaibrahim/Documents/PTUT/Minipatches_light_20260116/20221118T103541_SmallPatches_C3-CAM4,1,1,1,0,OK,150,34352,0,0.0,1 worm clean
/Users/benitaibrahim/Documents/PTUT/Minipatches_light_20260116/20221117T105413_SmallPatches_C5-CAM8,0,0,1,0,WEIRD,0,0,0,0.0,0 worms
/Users/benitaibrahim/Documents/PTUT/Minipatches_light_20260116/20221115T193611_SmallPatches_C3-CAM2,1,1,1,0,OK,7243,27403,0,0.0,1 worm clean
/Users/benitaibrahim/Documents/PTUT/Minipatches_light_20260116/20221125T143258_SmallPatches_C1-CAM3,1,1,1,0,OK,450,34140,0,0.0,1 worm clean
/Users/benitaibrahim/Documents/PTUT/Minipatches_light_20260116/20221014T191303_SmallPatches_C2-CAM7,1,1,1,0,OK,13107,21689,0,0.0,1 worm clean
/Users/benitaibrahim/Documents/PTUT/Minipatches_light_20260116/20221115T194416_SmallPatches_C6-CAM3,1,1,1,0,OK,4219,30119,0,0.0,1 worm clean
/Users/benitaibrahim/Documents/PTUT/Minipatches_light_20260116/20221116T103117_SmallPatches_C4-CAM5,1,0,1,0,WEIRD,64,5226,29400,0.8475064860190257,2+ worms
/Users/benitaibrahim/Documents/PTUT/Minipatches_light_20260116/20221120T191902_SmallPatches_C5-CAM8,1,1,1,0,OK,2095,32532,0,0.0,1 worm clean
/Users/benitaibrahim/Documents/PTUT/Minipatches_light_20260116/20221122T192239_SmallPatches_C3-CAM1,1,1,1,0,OK,1126,33075,0,0.0,1 worm clean
/Users/benitaibrahim/Documents/PTUT/Minipatches_light_20260116/20221013T200026_SmallPatches_C4-CAM3,1,1,1,0,OK,278,34357,0,0.0,1 worm clean
/Users/benitaibrahim/Documents/PTUT/Minipatches_light_20260116/20221122T193945_SmallPatches_C5-CAM4,1,1,1,0,OK,0,34676,0,0.0,1 worm clean
/Users/benitaibrahim/Documents/PTUT/Minipatches_light_20260116/20221116T194409_SmallPatches_C5-CAM7,1,1,1,0,OK,705,33983,0,0.0,1 worm clean
/Users/benitaibrahim/Documents/PTUT/Minipatches_light_20260116/20221115T194416_SmallPatches_C6-CAM4,1,1,1,0,OK,408,33930,0,0.0,1 worm clean
/Users/benitaibrahim/Documents/PTUT/Minipatches_light_20260116/20221116T103117_SmallPatches_C4-CAM2,1,1,1,0,OK,2067,32652,0,0.0,1 worm clean
/Users/benitaibrahim/Documents/PTUT/Minipatches_light_20260116/20221125T143258_SmallPatches_C1-CAM4,1,1,1,0,OK,4376,30248,0,0.0,1 worm clean
/Users/benitaibrahim/Documents/PTUT/Minipatches_light_20260116/20221012T200721_SmallPatches_C3-CAM7,1,1,1,0,OK,1438,33186,0,0.0,1 worm clean
/Users/benitaibrahim/Documents/PTUT/Minipatches_light_20260116/20221013T200138_SmallPatches_C5-CAM6,1,1,1,0,OK,8387,26296,0,0.0,1 worm clean
/Users/benitaibrahim/Documents/PTUT/Minipatches_light_20260116/20221118T103541_SmallPatches_C3-CAM3,0,0,1,0,WEIRD,0,0,0,0.0,0 worms
/Users/benitaibrahim/Documents/PTUT/Minipatches_light_20260116/20221122T193945_SmallPatches_C5-CAM3,1,1,1,0,OK,1049,33563,0,0.0,1 worm clean
/Users/benitaibrahim/Documents/PTUT/Minipatches_light_20260116/20221119T113745_SmallPatches_C2-CAM2,1,1,1,0,OK,1299,31991,0,0.0,1 worm clean
/Users/benitaibrahim/Documents/PTUT/Minipatches_light_20260116/20221013T200026_SmallPatches_C4-CAM4,1,1,1,0,OK,2799,31746,0,0.0,1 worm clean
/Users/benitaibrahim/Documents/PTUT/Minipatches_light_20260116/20221122T192239_SmallPatches_C3-CAM6,1,0,1,0,WEIRD,0,2762,31445,0.9192562925716958,2+ worms
/Users/benitaibrahim/Documents/PTUT/Minipatches_light_20260116/20221125T232132_SmallPatches_C2-CAM2,1,1,1,0,OK,3840,30642,0,0.0,1 worm clean
/Users/benitaibrahim/Documents/PTUT/Minipatches_light_20260116/20221110T194534_SmallPatches_C5-CAM3,1,1,1,0,OK,0,34678,0,0.0,1 worm clean
/Users/benitaibrahim/Documents/PTUT/Minipatches_light_20260116/20221123T211445_SmallPatches_C4-CAM4,1,0,1,0,WEIRD,521,22795,11316,0.3267498267498268,2+ worms
/Users/benitaibrahim/Documents/PTUT/Minipatches_light_20260116/20221110T193059_SmallPatches_C3-CAM8,1,1,1,0,OK,583,34060,0,0.0,1 worm clean
/Users/benitaibrahim/Documents/PTUT/Minipatches_light_20260116/20221125T233330_SmallPatches_C4-CAM4,1,1,1,0,OK,2276,32358,0,0.0,1 worm clean
/Users/benitaibrahim/Documents/PTUT/Minipatches_light_20260116/20221011T111213_SmallPatches_C1-CAM7,1,1,1,0,OK,3116,29123,0,0.0,1 worm clean
/Users/benitaibrahim/Documents/PTUT/Minipatches_light_20260116/20221126T203601_SmallPatches_C3-CAM1,1,1,1,0,OK,0,34201,0,0.0,1 worm clean
/Users/benitaibrahim/Documents/PTUT/Minipatches_light_20260116/20221011T191711_SmallPatches_C2-CAM6,1,1,1,0,OK,16145,17201,0,0.0,1 worm clean
/Users/benitaibrahim/Documents/PTUT/Minipatches_light_20260116/20221015T195306_SmallPatches_C1-CAM5,1,1,1,0,OK,398,34216,0,0.0,1 worm clean
/Users/benitaibrahim/Documents/PTUT/Minipatches_light_20260116/20221012T130040_SmallPatches_C2-CAM1,1,1,1,0,OK,29,27532,0,0.0,1 worm clean
/Users/benitaibrahim/Documents/PTUT/Minipatches_light_20260116/20221117T195557_SmallPatches_C1-CAM2,1,1,1,0,OK,3516,31049,0,0.0,1 worm clean
/Users/benitaibrahim/Documents/PTUT/Minipatches_light_20260116/20221115T113217_SmallPatches_C5-CAM1,1,1,1,0,OK,6909,27707,0,0.0,1 worm clean
/Users/benitaibrahim/Documents/PTUT/Minipatches_light_20260116/20221017T202150_SmallPatches_C3-CAM8,1,0,1,0,WEIRD,0,2186,32404,0.9368025440878867,2+ worms
/Users/benitaibrahim/Documents/PTUT/Minipatches_light_20260116/20221126T203601_SmallPatches_C3-CAM6,1,1,1,0,OK,0,34585,0,0.0,1 worm clean
/Users/benitaibrahim/Documents/PTUT/Minipatches_light_20260116/20221116T102254_SmallPatches_C1-CAM7,1,1,1,0,OK,21549,13019,0,0.0,1 worm clean
/Users/benitaibrahim/Documents/PTUT/Minipatches_light_20260116/20221125T233330_SmallPatches_C4-CAM3,1,1,1,0,OK,2786,31814,0,0.0,1 worm clean
/Users/benitaibrahim/Documents/PTUT/Minipatches_light_20260116/20221122T102404_SmallPatches_C3-CAM1,1,1,1,0,OK,1211,33386,0,0.0,1 worm clean
/Users/benitaibrahim/Documents/PTUT/Minipatches_light_20260116/20221110T194534_SmallPatches_C5-CAM4,1,1,1,0,OK,0,34668,0,0.0,1 worm clean
/Users/benitaibrahim/Documents/PTUT/Minipatches_light_20260116/20221123T211445_SmallPatches_C4-CAM3,1,1,1,0,OK,8713,8938,0,0.0,1 worm clean
/Users/benitaibrahim/Documents/PTUT/Minipatches_light_20260116/20221115T113217_SmallPatches_C5-CAM6,1,1,1,0,OK,3460,31170,0,0.0,1 worm clean
/Users/benitaibrahim/Documents/PTUT/Minipatches_light_20260116/20221117T195557_SmallPatches_C1-CAM5,0,0,1,0,WEIRD,0,0,0,0.0,0 worms
/Users/benitaibrahim/Documents/PTUT/Minipatches_light_20260116/20221012T131806_SmallPatches_C4-CAM1,1,1,1,0,OK,0,26440,0,0.0,1 worm clean
/Users/benitaibrahim/Documents/PTUT/Minipatches_light_20260116/20221011T112304_SmallPatches_C4-CAM5,1,1,1,0,OK,1862,30485,0,0.0,1 worm clean
/Users/benitaibrahim/Documents/PTUT/Minipatches_light_20260116/20221012T130040_SmallPatches_C2-CAM6,1,1,1,0,OK,51,27632,0,0.0,1 worm clean
/Users/benitaibrahim/Documents/PTUT/Minipatches_light_20260116/20221110T105445_SmallPatches_C1-CAM8,1,1,1,0,OK,373,34249,0,0.0,1 worm clean
/Users/benitaibrahim/Documents/PTUT/Minipatches_light_20260116/20221125T232044_SmallPatches_C1-CAM8,0,0,1,0,WEIRD,0,0,0,0.0,0 worms
/Users/benitaibrahim/Documents/PTUT/Minipatches_light_20260116/20221015T195306_SmallPatches_C1-CAM2,1,1,1,0,OK,1513,33111,0,0.0,1 worm clean
/Users/benitaibrahim/Documents/PTUT/Minipatches_light_20260116/20221125T232044_SmallPatches_C1-CAM1,1,1,1,0,OK,16831,1474,0,0.0,1 worm clean
/Users/benitaibrahim/Documents/PTUT/Minipatches_light_20260116/20221110T105445_SmallPatches_C1-CAM1,1,1,1,0,OK,6692,26857,0,0.0,1 worm clean
/Users/benitaibrahim/Documents/PTUT/Minipatches_light_20260116/20221116T103106_SmallPatches_C6-CAM3,1,1,1,0,OK,13078,21632,0,0.0,1 worm clean
/Users/benitaibrahim/Documents/PTUT/Minipatches_light_20260116/20221115T113223_SmallPatches_C6-CAM7,1,0,1,0,WEIRD,83,7604,26939,0.7779991913590943,2+ worms
/Users/benitaibrahim/Documents/PTUT/Minipatches_light_20260116/20221017T202150_SmallPatches_C3-CAM1,1,1,1,0,OK,6584,28023,0,0.0,1 worm clean
/Users/benitaibrahim/Documents/PTUT/Minipatches_light_20260116/20221011T192159_SmallPatches_C5-CAM3,1,1,1,0,OK,9209,25473,0,0.0,1 worm clean
/Users/benitaibrahim/Documents/PTUT/Minipatches_light_20260116/20221126T114423_SmallPatches_C5-CAM7,1,1,1,0,OK,19814,4259,0,0.0,1 worm clean
/Users/benitaibrahim/Documents/PTUT/Minipatches_light_20260116/20221122T192231_SmallPatches_C2-CAM4,0,0,1,1,NO WORM,0,0,0,0.0,0 worms
/Users/benitaibrahim/Documents/PTUT/Minipatches_light_20260116/20221126T205101_SmallPatches_C4-CAM3,1,1,1,0,OK,1546,33010,0,0.0,1 worm clean
/Users/benitaibrahim/Documents/PTUT/Minipatches_light_20260116/20221110T193059_SmallPatches_C3-CAM6,1,0,1,0,WEIRD,81,30385,4175,0.12052192488669496,2+ worms
/Users/benitaibrahim/Documents/PTUT/Minipatches_light_20260116/20221120T190805_SmallPatches_C2-CAM7,1,1,1,0,OK,6926,27773,0,0.0,1 worm clean
/Users/benitaibrahim/Documents/PTUT/Minipatches_light_20260116/20221116T103106_SmallPatches_C6-CAM4,1,1,1,0,OK,3780,30943,0,0.0,1 worm clean
/Users/benitaibrahim/Documents/PTUT/Minipatches_light_20260116/20221125T232044_SmallPatches_C1-CAM6,1,0,1,0,WEIRD,0,28664,5891,0.17048184054406018,2+ worms
/Users/benitaibrahim/Documents/PTUT/Minipatches_light_20260116/20221014T101555_SmallPatches_C3-CAM7,1,0,1,0,WEIRD,3386,31273,1,2.8851702250432774e-05,1 worm with errors
/Users/benitaibrahim/Documents/PTUT/Minipatches_light_20260116/20221115T113217_SmallPatches_C5-CAM8,1,1,1,0,OK,10048,24585,0,0.0,1 worm clean
/Users/benitaibrahim/Documents/PTUT/Minipatches_light_20260116/20221126T205101_SmallPatches_C4-CAM4,1,1,1,0,OK,21999,11818,0,0.0,1 worm clean
/Users/benitaibrahim/Documents/PTUT/Minipatches_light_20260116/20221110T193059_SmallPatches_C3-CAM1,1,0,1,0,WEIRD,5335,29318,2,5.771172990910403e-05,1 worm with errors
/Users/benitaibrahim/Documents/PTUT/Minipatches_light_20260116/20221117T104123_SmallPatches_C3-CAM7,1,1,1,0,OK,4636,29330,0,0.0,1 worm clean
/Users/benitaibrahim/Documents/PTUT/Minipatches_light_20260116/20221017T202150_SmallPatches_C3-CAM6,1,1,1,0,OK,2751,31837,0,0.0,1 worm clean
/Users/benitaibrahim/Documents/PTUT/Minipatches_light_20260116/20221011T192159_SmallPatches_C5-CAM4,1,1,1,0,OK,2864,18434,0,0.0,1 worm clean
/Users/benitaibrahim/Documents/PTUT/Minipatches_light_20260116/20221126T203601_SmallPatches_C3-CAM8,1,1,1,0,OK,2741,29875,0,0.0,1 worm clean
/Users/benitaibrahim/Documents/PTUT/Minipatches_light_20260116/20221013T200138_SmallPatches_C5-CAM7,1,1,1,0,OK,1326,33307,0,0.0,1 worm clean
/Users/benitaibrahim/Documents/PTUT/Minipatches_light_20260116/20221012T200721_SmallPatches_C3-CAM6,1,1,1,0,OK,9111,25502,0,0.0,1 worm clean
/Users/benitaibrahim/Documents/PTUT/Minipatches_light_20260116/20221115T193611_SmallPatches_C3-CAM4,1,1,1,0,OK,0,34621,0,0.0,1 worm clean
/Users/benitaibrahim/Documents/PTUT/Minipatches_light_20260116/20221017T203313_SmallPatches_C5-CAM6,1,0,1,0,WEIRD,5513,29132,1,2.8863360849737343e-05,1 worm with errors
/Users/benitaibrahim/Documents/PTUT/Minipatches_light_20260116/20221115T194416_SmallPatches_C6-CAM5,1,1,1,0,OK,2701,31636,0,0.0,1 worm clean
/Users/benitaibrahim/Documents/PTUT/Minipatches_light_20260116/20221116T194409_SmallPatches_C5-CAM6,1,1,1,0,OK,19010,15447,0,0.0,1 worm clean
/Users/benitaibrahim/Documents/PTUT/Minipatches_light_20260116/20221116T103117_SmallPatches_C4-CAM3,1,0,1,0,WEIRD,556,8043,25372,0.7468723322834182,2+ worms
/Users/benitaibrahim/Documents/PTUT/Minipatches_light_20260116/20221125T143258_SmallPatches_C1-CAM5,1,1,1,0,OK,581,1128,0,0.0,1 worm clean
/Users/benitaibrahim/Documents/PTUT/Minipatches_light_20260116/20221126T112832_SmallPatches_C3-CAM8,1,1,1,0,OK,8375,26276,0,0.0,1 worm clean
/Users/benitaibrahim/Documents/PTUT/Minipatches_light_20260116/20221013T200026_SmallPatches_C4-CAM5,0,0,1,0,WEIRD,0,0,0,0.0,0 worms
/Users/benitaibrahim/Documents/PTUT/Minipatches_light_20260116/20221117T200335_SmallPatches_C6-CAM8,0,0,1,1,NO WORM,0,0,0,0.0,0 worms
/Users/benitaibrahim/Documents/PTUT/Minipatches_light_20260116/20221122T192239_SmallPatches_C3-CAM7,1,1,1,0,OK,628,33584,0,0.0,1 worm clean
/Users/benitaibrahim/Documents/PTUT/Minipatches_light_20260116/20221122T193945_SmallPatches_C5-CAM2,1,1,1,0,OK,806,33816,0,0.0,1 worm clean
/Users/benitaibrahim/Documents/PTUT/Minipatches_light_20260116/20221125T143258_SmallPatches_C1-CAM2,0,0,1,0,WEIRD,0,0,0,0.0,0 worms
/Users/benitaibrahim/Documents/PTUT/Minipatches_light_20260116/20221014T191303_SmallPatches_C2-CAM6,1,1,1,0,OK,2510,32256,0,0.0,1 worm clean
/Users/benitaibrahim/Documents/PTUT/Minipatches_light_20260116/20221115T194416_SmallPatches_C6-CAM2,1,1,1,0,OK,2558,31778,0,0.0,1 worm clean
/Users/benitaibrahim/Documents/PTUT/Minipatches_light_20260116/20221116T194409_SmallPatches_C5-CAM1,1,0,1,0,WEIRD,2295,32348,2,5.7728387934766925e-05,1 worm with errors
/Users/benitaibrahim/Documents/PTUT/Minipatches_light_20260116/20221116T103117_SmallPatches_C4-CAM4,1,1,1,0,OK,2393,32359,0,0.0,1 worm clean
/Users/benitaibrahim/Documents/PTUT/Minipatches_light_20260116/20221017T203313_SmallPatches_C5-CAM1,0,0,1,1,NO WORM,0,0,0,0.0,0 worms
/Users/benitaibrahim/Documents/PTUT/Minipatches_light_20260116/20221115T193611_SmallPatches_C3-CAM3,1,1,1,0,OK,2812,31822,0,0.0,1 worm clean
/Users/benitaibrahim/Documents/PTUT/Minipatches_light_20260116/20221119T201720_SmallPatches_C1-CAM8,0,0,1,0,WEIRD,0,0,0,0.0,0 worms
/Users/benitaibrahim/Documents/PTUT/Minipatches_light_20260116/20221122T193945_SmallPatches_C5-CAM5,1,1,1,0,OK,1527,32868,0,0.0,1 worm clean
/Users/benitaibrahim/Documents/PTUT/Minipatches_light_20260116/20221013T200026_SmallPatches_C4-CAM2,1,1,1,0,OK,0,34643,0,0.0,1 worm clean
/Users/benitaibrahim/Documents/PTUT/Minipatches_light_20260116/20221119T201720_SmallPatches_C1-CAM1,1,1,1,0,OK,2250,30531,0,0.0,1 worm clean
/Users/benitaibrahim/Documents/PTUT/Minipatches_light_20260116/20221116T102308_SmallPatches_C3-CAM2,0,0,1,0,WEIRD,0,0,0,0.0,0 worms
/Users/benitaibrahim/Documents/PTUT/Minipatches_light_20260116/20221117T200335_SmallPatches_C6-CAM6,0,0,1,1,NO WORM,0,0,0,0.0,0 worms
/Users/benitaibrahim/Documents/PTUT/Minipatches_light_20260116/20221014T103134_SmallPatches_C5-CAM5,1,0,1,0,WEIRD,1389,13090,20123,0.5815559794231547,2+ worms
/Users/benitaibrahim/Documents/PTUT/Minipatches_light_20260116/20221016T201801_SmallPatches_C3-CAM2,1,1,1,0,OK,2162,32413,0,0.0,1 worm clean
/Users/benitaibrahim/Documents/PTUT/Minipatches_light_20260116/20221126T112832_SmallPatches_C3-CAM6,1,1,1,0,OK,7528,27003,0,0.0,1 worm clean
/Users/benitaibrahim/Documents/PTUT/Minipatches_light_20260116/20221116T194409_SmallPatches_C5-CAM8,1,1,1,0,OK,3936,30715,0,0.0,1 worm clean
/Users/benitaibrahim/Documents/PTUT/Minipatches_light_20260116/20221015T200706_SmallPatches_C6-CAM4,1,0,1,0,WEIRD,129,9283,24825,0.7250927359289657,2+ worms
/Users/benitaibrahim/Documents/PTUT/Minipatches_light_20260116/20221012T131923_SmallPatches_C6-CAM4,1,1,1,0,OK,253,26264,0,0.0,1 worm clean
/Users/benitaibrahim/Documents/PTUT/Minipatches_light_20260116/20221014T103141_SmallPatches_C6-CAM3,1,1,1,0,OK,3000,31612,0,0.0,1 worm clean
/Users/benitaibrahim/Documents/PTUT/Minipatches_light_20260116/20221121T204620_SmallPatches_C3-CAM4,1,0,1,0,WEIRD,20544,8844,5187,0.15002169197396964,2+ worms
/Users/benitaibrahim/Documents/PTUT/Minipatches_light_20260116/20221013T201332_SmallPatches_C2-CAM3,1,1,1,0,OK,4624,30120,0,0.0,1 worm clean
/Users/benitaibrahim/Documents/PTUT/Minipatches_light_20260116/20221012T200721_SmallPatches_C3-CAM8,0,0,1,0,WEIRD,0,0,0,0.0,0 worms
/Users/benitaibrahim/Documents/PTUT/Minipatches_light_20260116/20221122T102358_SmallPatches_C2-CAM6,1,1,1,0,OK,6565,27523,0,0.0,1 worm clean
/Users/benitaibrahim/Documents/PTUT/Minipatches_light_20260116/20221015T200700_SmallPatches_C5-CAM3,0,0,1,1,NO WORM,0,0,0,0.0,0 worms
/Users/benitaibrahim/Documents/PTUT/Minipatches_light_20260116/20221014T103134_SmallPatches_C5-CAM2,1,1,1,0,OK,6307,28108,0,0.0,1 worm clean
/Users/benitaibrahim/Documents/PTUT/Minipatches_light_20260116/20221123T210707_SmallPatches_C3-CAM2,1,0,1,0,WEIRD,10546,24078,1,2.888086642599278e-05,1 worm with errors
/Users/benitaibrahim/Documents/PTUT/Minipatches_light_20260116/20221119T201720_SmallPatches_C1-CAM6,1,0,1,0,WEIRD,4949,28867,45,0.0013289625232568443,1 worm with errors
/Users/benitaibrahim/Documents/PTUT/Minipatches_light_20260116/20221110T110848_SmallPatches_C4-CAM5,1,0,1,0,WEIRD,0,2095,32569,0.9395626586660513,2+ worms
/Users/benitaibrahim/Documents/PTUT/Minipatches_light_20260116/20221013T201332_SmallPatches_C2-CAM4,1,1,1,0,OK,5635,29035,0,0.0,1 worm clean
/Users/benitaibrahim/Documents/PTUT/Minipatches_light_20260116/20221015T200700_SmallPatches_C5-CAM4,1,0,1,0,WEIRD,0,221,206,0.48243559718969553,2+ worms
/Users/benitaibrahim/Documents/PTUT/Minipatches_light_20260116/20221121T204620_SmallPatches_C3-CAM3,1,1,1,0,OK,16088,18490,0,0.0,1 worm clean
/Users/benitaibrahim/Documents/PTUT/Minipatches_light_20260116/20221014T103141_SmallPatches_C6-CAM4,1,1,1,0,OK,3657,30955,0,0.0,1 worm clean
/Users/benitaibrahim/Documents/PTUT/Minipatches_light_20260116/20221012T131923_SmallPatches_C6-CAM3,1,1,1,0,OK,1209,25296,0,0.0,1 worm clean
/Users/benitaibrahim/Documents/PTUT/Minipatches_light_20260116/20221120T191902_SmallPatches_C5-CAM7,1,1,1,0,OK,22531,12071,0,0.0,1 worm clean
/Users/benitaibrahim/Documents/PTUT/Minipatches_light_20260116/20221015T200706_SmallPatches_C6-CAM3,1,1,1,0,OK,5259,28971,0,0.0,1 worm clean
/Users/benitaibrahim/Documents/PTUT/Minipatches_light_20260116/20221126T112832_SmallPatches_C3-CAM1,1,1,1,0,OK,5737,28743,0,0.0,1 worm clean
/Users/benitaibrahim/Documents/PTUT/Minipatches_light_20260116/20221119T115009_SmallPatches_C5-CAM2,1,1,1,0,OK,12602,22030,0,0.0,1 worm clean
/Users/benitaibrahim/Documents/PTUT/Minipatches_light_20260116/20221122T192144_SmallPatches_C1-CAM5,1,1,1,0,OK,183,34385,0,0.0,1 worm clean
/Users/benitaibrahim/Documents/PTUT/Minipatches_light_20260116/20221015T113417_SmallPatches_C5-CAM1,1,1,1,0,OK,2168,32437,0,0.0,1 worm clean
/Users/benitaibrahim/Documents/PTUT/Minipatches_light_20260116/20221017T112927_SmallPatches_C4-CAM5,1,0,1,0,WEIRD,2914,3684,19013,0.7423763226738511,2+ worms
/Users/benitaibrahim/Documents/PTUT/Minipatches_light_20260116/20221118T103454_SmallPatches_C1-CAM4,1,1,1,0,OK,0,34578,0,0.0,1 worm clean
/Users/benitaibrahim/Documents/PTUT/Minipatches_light_20260116/20221110T105552_SmallPatches_C2-CAM2,0,0,1,1,NO WORM,0,0,0,0.0,0 worms
/Users/benitaibrahim/Documents/PTUT/Minipatches_light_20260116/20221122T192144_SmallPatches_C1-CAM2,1,1,1,0,OK,2979,25551,0,0.0,1 worm clean
/Users/benitaibrahim/Documents/PTUT/Minipatches_light_20260116/20221115T112027_SmallPatches_C2-CAM7,1,1,1,0,OK,6762,27905,0,0.0,1 worm clean
/Users/benitaibrahim/Documents/PTUT/Minipatches_light_20260116/20221119T115009_SmallPatches_C5-CAM5,1,1,1,0,OK,5698,28920,0,0.0,1 worm clean
/Users/benitaibrahim/Documents/PTUT/Minipatches_light_20260116/20221118T103454_SmallPatches_C1-CAM3,1,1,1,0,OK,7840,26734,0,0.0,1 worm clean
/Users/benitaibrahim/Documents/PTUT/Minipatches_light_20260116/20221017T112927_SmallPatches_C4-CAM2,1,1,1,0,OK,1526,24079,0,0.0,1 worm clean
/Users/benitaibrahim/Documents/PTUT/Minipatches_light_20260116/20221017T203320_SmallPatches_C6-CAM2,1,1,1,0,OK,0,34637,0,0.0,1 worm clean
/Users/benitaibrahim/Documents/PTUT/Minipatches_light_20260116/20221015T111903_SmallPatches_C1-CAM5,1,0,1,0,WEIRD,401,21137,13053,0.37735249053221936,2+ worms
/Users/benitaibrahim/Documents/PTUT/Minipatches_light_20260116/20221116T193622_SmallPatches_C3-CAM7,1,1,1,0,OK,1209,33383,0,0.0,1 worm clean
/Users/benitaibrahim/Documents/PTUT/Minipatches_light_20260116/20221125T144055_SmallPatches_C5-CAM2,1,1,1,0,OK,890,33740,0,0.0,1 worm clean
/Users/benitaibrahim/Documents/PTUT/Minipatches_light_20260116/20221125T144101_SmallPatches_C6-CAM3,1,1,1,0,OK,9190,25376,0,0.0,1 worm clean
/Users/benitaibrahim/Documents/PTUT/Minipatches_light_20260116/20221110T193129_SmallPatches_C2-CAM4,1,1,1,0,OK,2505,32163,0,0.0,1 worm clean
/Users/benitaibrahim/Documents/PTUT/Minipatches_light_20260116/20221015T113423_SmallPatches_C6-CAM7,0,0,1,0,WEIRD,0,0,0,0.0,0 worms
/Users/benitaibrahim/Documents/PTUT/Minipatches_light_20260116/20221115T193532_SmallPatches_C1-CAM2,1,1,1,0,OK,652,33947,0,0.0,1 worm clean
/Users/benitaibrahim/Documents/PTUT/Minipatches_light_20260116/20221125T144101_SmallPatches_C6-CAM4,1,1,1,0,OK,12756,21341,0,0.0,1 worm clean
/Users/benitaibrahim/Documents/PTUT/Minipatches_light_20260116/20221125T144055_SmallPatches_C5-CAM5,1,1,1,0,OK,5273,13298,0,0.0,1 worm clean
/Users/benitaibrahim/Documents/PTUT/Minipatches_light_20260116/20221015T111903_SmallPatches_C1-CAM2,0,0,1,0,WEIRD,0,0,0,0.0,0 worms
/Users/benitaibrahim/Documents/PTUT/Minipatches_light_20260116/20221115T193532_SmallPatches_C1-CAM5,1,1,1,0,OK,2239,32361,0,0.0,1 worm clean
/Users/benitaibrahim/Documents/PTUT/Minipatches_light_20260116/20221015T113417_SmallPatches_C5-CAM8,1,0,1,0,WEIRD,0,113,34542,0.9967392872601356,2+ worms
/Users/benitaibrahim/Documents/PTUT/Minipatches_light_20260116/20221120T190810_SmallPatches_C3-CAM2,1,1,1,0,OK,15184,19400,0,0.0,1 worm clean
/Users/benitaibrahim/Documents/PTUT/Minipatches_light_20260116/20221011T112417_SmallPatches_C6-CAM1,0,0,1,0,WEIRD,0,0,0,0.0,0 worms
/Users/benitaibrahim/Documents/PTUT/Minipatches_light_20260116/20221122T103604_SmallPatches_C5-CAM4,1,1,1,0,OK,3722,30923,0,0.0,1 worm clean
/Users/benitaibrahim/Documents/PTUT/Minipatches_light_20260116/20221016T203324_SmallPatches_C6-CAM2,1,1,1,0,OK,1,34639,0,0.0,1 worm clean
/Users/benitaibrahim/Documents/PTUT/Minipatches_light_20260116/20221011T111254_SmallPatches_C3-CAM7,1,1,1,0,OK,1060,32050,0,0.0,1 worm clean
/Users/benitaibrahim/Documents/PTUT/Minipatches_light_20260116/20221017T113050_SmallPatches_C6-CAM2,1,1,1,0,OK,8695,25932,0,0.0,1 worm clean
/Users/benitaibrahim/Documents/PTUT/Minipatches_light_20260116/20221119T115015_SmallPatches_C6-CAM6,1,1,1,0,OK,787,33842,0,0.0,1 worm clean
/Users/benitaibrahim/Documents/PTUT/Minipatches_light_20260116/20221016T114101_SmallPatches_C5-CAM4,1,1,1,0,OK,922,33756,0,0.0,1 worm clean
/Users/benitaibrahim/Documents/PTUT/Minipatches_light_20260116/20221017T111506_SmallPatches_C3-CAM2,1,1,1,0,OK,8380,26210,0,0.0,1 worm clean
/Users/benitaibrahim/Documents/PTUT/Minipatches_light_20260116/20221123T211456_SmallPatches_C6-CAM8,1,1,1,0,OK,9613,25020,0,0.0,1 worm clean
/Users/benitaibrahim/Documents/PTUT/Minipatches_light_20260116/20221016T203158_SmallPatches_C4-CAM8,1,1,1,0,OK,11,34599,0,0.0,1 worm clean
/Users/benitaibrahim/Documents/PTUT/Minipatches_light_20260116/20221119T115015_SmallPatches_C6-CAM1,0,0,1,0,WEIRD,0,0,0,0.0,0 worms
/Users/benitaibrahim/Documents/PTUT/Minipatches_light_20260116/20221011T112411_SmallPatches_C5-CAM1,1,1,1,0,OK,4185,28181,0,0.0,1 worm clean
/Users/benitaibrahim/Documents/PTUT/Minipatches_light_20260116/20221122T103604_SmallPatches_C5-CAM3,1,1,1,0,OK,4044,8565,0,0.0,1 worm clean
/Users/benitaibrahim/Documents/PTUT/Minipatches_light_20260116/20221123T115657_SmallPatches_C2-CAM7,1,1,1,0,OK,4634,29854,0,0.0,1 worm clean
/Users/benitaibrahim/Documents/PTUT/Minipatches_light_20260116/20221011T112417_SmallPatches_C6-CAM6,1,1,1,0,OK,8956,23419,0,0.0,1 worm clean
/Users/benitaibrahim/Documents/PTUT/Minipatches_light_20260116/20221123T211456_SmallPatches_C6-CAM1,1,1,1,0,OK,278,34380,0,0.0,1 worm clean
/Users/benitaibrahim/Documents/PTUT/Minipatches_light_20260116/20221016T203158_SmallPatches_C4-CAM1,1,1,1,0,OK,2549,32082,0,0.0,1 worm clean
/Users/benitaibrahim/Documents/PTUT/Minipatches_light_20260116/20221013T114735_SmallPatches_C1-CAM4,1,1,1,0,OK,4077,29418,0,0.0,1 worm clean
/Users/benitaibrahim/Documents/PTUT/Minipatches_light_20260116/20221116T103112_SmallPatches_C5-CAM3,1,1,1,0,OK,15,34656,0,0.0,1 worm clean
/Users/benitaibrahim/Documents/PTUT/Minipatches_light_20260116/20221119T115015_SmallPatches_C6-CAM8,1,1,1,0,OK,770,25882,0,0.0,1 worm clean
/Users/benitaibrahim/Documents/PTUT/Minipatches_light_20260116/20221014T103022_SmallPatches_C4-CAM3,1,1,1,0,OK,531,22593,0,0.0,1 worm clean
/Users/benitaibrahim/Documents/PTUT/Minipatches_light_20260116/20221121T121358_SmallPatches_C5-CAM1,1,1,1,0,OK,6223,28376,0,0.0,1 worm clean
/Users/benitaibrahim/Documents/PTUT/Minipatches_light_20260116/20221118T103528_SmallPatches_C2-CAM7,1,1,1,0,OK,5673,28842,0,0.0,1 worm clean
/Users/benitaibrahim/Documents/PTUT/Minipatches_light_20260116/20221123T120808_SmallPatches_C4-CAM4,1,1,1,0,OK,5024,29543,0,0.0,1 worm clean
/Users/benitaibrahim/Documents/PTUT/Minipatches_light_20260116/20221011T192204_SmallPatches_C6-CAM7,1,1,1,0,OK,806,33876,0,0.0,1 worm clean
/Users/benitaibrahim/Documents/PTUT/Minipatches_light_20260116/20221011T112417_SmallPatches_C6-CAM8,0,0,1,0,WEIRD,0,0,0,0.0,0 worms
/Users/benitaibrahim/Documents/PTUT/Minipatches_light_20260116/20221014T103022_SmallPatches_C4-CAM4,1,0,1,0,WEIRD,10804,23008,1,2.957442403809186e-05,1 worm with errors
/Users/benitaibrahim/Documents/PTUT/Minipatches_light_20260116/20221116T103112_SmallPatches_C5-CAM4,1,1,1,0,OK,1978,32728,0,0.0,1 worm clean
/Users/benitaibrahim/Documents/PTUT/Minipatches_light_20260116/20221123T211456_SmallPatches_C6-CAM6,1,1,1,0,OK,2527,32097,0,0.0,1 worm clean
/Users/benitaibrahim/Documents/PTUT/Minipatches_light_20260116/20221016T203158_SmallPatches_C4-CAM6,1,1,1,0,OK,238,34401,0,0.0,1 worm clean
/Users/benitaibrahim/Documents/PTUT/Minipatches_light_20260116/20221013T114735_SmallPatches_C1-CAM3,1,1,1,0,OK,5735,27766,0,0.0,1 worm clean
/Users/benitaibrahim/Documents/PTUT/Minipatches_light_20260116/20221119T203023_SmallPatches_C5-CAM5,1,1,1,0,OK,13590,20060,0,0.0,1 worm clean
/Users/benitaibrahim/Documents/PTUT/Minipatches_light_20260116/20221015T112001_SmallPatches_C2-CAM4,1,1,1,0,OK,90,34501,0,0.0,1 worm clean
/Users/benitaibrahim/Documents/PTUT/Minipatches_light_20260116/20221014T101512_SmallPatches_C1-CAM7,0,0,1,0,WEIRD,0,0,0,0.0,0 worms
/Users/benitaibrahim/Documents/PTUT/Minipatches_light_20260116/20221116T193607_SmallPatches_C2-CAM6,1,1,1,0,OK,3666,30869,0,0.0,1 worm clean
/Users/benitaibrahim/Documents/PTUT/Minipatches_light_20260116/20221017T203320_SmallPatches_C6-CAM4,1,1,1,0,OK,845,33794,0,0.0,1 worm clean
/Users/benitaibrahim/Documents/PTUT/Minipatches_light_20260116/20221015T111903_SmallPatches_C1-CAM3,1,1,1,0,OK,8451,26163,0,0.0,1 worm clean
/Users/benitaibrahim/Documents/PTUT/Minipatches_light_20260116/20221116T193622_SmallPatches_C3-CAM1,1,1,1,0,OK,1333,33252,0,0.0,1 worm clean
/Users/benitaibrahim/Documents/PTUT/Minipatches_light_20260116/20221125T144055_SmallPatches_C5-CAM4,0,0,1,0,WEIRD,0,0,0,0.0,0 worms
/Users/benitaibrahim/Documents/PTUT/Minipatches_light_20260116/20221125T144101_SmallPatches_C6-CAM5,1,1,1,0,OK,912,33736,0,0.0,1 worm clean
/Users/benitaibrahim/Documents/PTUT/Minipatches_light_20260116/20221110T193129_SmallPatches_C2-CAM2,1,1,1,0,OK,232,34423,0,0.0,1 worm clean
/Users/benitaibrahim/Documents/PTUT/Minipatches_light_20260116/20221115T193532_SmallPatches_C1-CAM4,1,1,1,0,OK,5629,28956,0,0.0,1 worm clean
/Users/benitaibrahim/Documents/PTUT/Minipatches_light_20260116/20221015T113423_SmallPatches_C6-CAM1,1,1,1,0,OK,6027,28605,0,0.0,1 worm clean
/Users/benitaibrahim/Documents/PTUT/Minipatches_light_20260116/20221125T144101_SmallPatches_C6-CAM2,1,1,1,0,OK,1487,33136,0,0.0,1 worm clean
/Users/benitaibrahim/Documents/PTUT/Minipatches_light_20260116/20221125T144055_SmallPatches_C5-CAM3,1,1,1,0,OK,2665,31965,0,0.0,1 worm clean
/Users/benitaibrahim/Documents/PTUT/Minipatches_light_20260116/20221116T193622_SmallPatches_C3-CAM6,1,1,1,0,OK,7037,27516,0,0.0,1 worm clean
/Users/benitaibrahim/Documents/PTUT/Minipatches_light_20260116/20221017T203320_SmallPatches_C6-CAM3,0,0,1,0,WEIRD,0,0,0,0.0,0 worms
/Users/benitaibrahim/Documents/PTUT/Minipatches_light_20260116/20221015T111903_SmallPatches_C1-CAM4,1,0,1,0,WEIRD,354,34237,7,0.00020232383374761546,1 worm with errors
/Users/benitaibrahim/Documents/PTUT/Minipatches_light_20260116/20221015T113423_SmallPatches_C6-CAM6,1,0,1,0,WEIRD,2161,32461,1,2.8882534731248015e-05,1 worm with errors
/Users/benitaibrahim/Documents/PTUT/Minipatches_light_20260116/20221121T120109_SmallPatches_C2-CAM7,1,1,1,0,OK,2757,31815,0,0.0,1 worm clean
/Users/benitaibrahim/Documents/PTUT/Minipatches_light_20260116/20221115T193532_SmallPatches_C1-CAM3,1,1,1,0,OK,4667,29925,0,0.0,1 worm clean
/Users/benitaibrahim/Documents/PTUT/Minipatches_light_20260116/20221122T192144_SmallPatches_C1-CAM3,1,1,1,0,OK,18795,15757,0,0.0,1 worm clean
/Users/benitaibrahim/Documents/PTUT/Minipatches_light_20260116/20221115T112027_SmallPatches_C2-CAM6,1,1,1,0,OK,0,34650,0,0.0,1 worm clean
/Users/benitaibrahim/Documents/PTUT/Minipatches_light_20260116/20221015T113417_SmallPatches_C5-CAM7,1,1,1,0,OK,65,34571,0,0.0,1 worm clean
/Users/benitaibrahim/Documents/PTUT/Minipatches_light_20260116/20221017T112927_SmallPatches_C4-CAM3,1,1,1,0,OK,0,25598,0,0.0,1 worm clean
/Users/benitaibrahim/Documents/PTUT/Minipatches_light_20260116/20221118T103454_SmallPatches_C1-CAM2,1,1,1,0,OK,262,34314,0,0.0,1 worm clean
/Users/benitaibrahim/Documents/PTUT/Minipatches_light_20260116/20221122T192144_SmallPatches_C1-CAM4,1,1,1,0,OK,2718,31833,0,0.0,1 worm clean
/Users/benitaibrahim/Documents/PTUT/Minipatches_light_20260116/20221110T105552_SmallPatches_C2-CAM4,1,1,1,0,OK,3934,30796,0,0.0,1 worm clean
/Users/benitaibrahim/Documents/PTUT/Minipatches_light_20260116/20221015T113423_SmallPatches_C6-CAM8,1,1,1,0,OK,11595,23036,0,0.0,1 worm clean
/Users/benitaibrahim/Documents/PTUT/Minipatches_light_20260116/20221119T115009_SmallPatches_C5-CAM3,0,0,1,0,WEIRD,0,0,0,0.0,0 worms
/Users/benitaibrahim/Documents/PTUT/Minipatches_light_20260116/20221118T103454_SmallPatches_C1-CAM5,1,1,1,0,OK,5250,29330,0,0.0,1 worm clean
/Users/benitaibrahim/Documents/PTUT/Minipatches_light_20260116/20221116T193622_SmallPatches_C3-CAM8,0,0,1,0,WEIRD,0,0,0,0.0,0 worms
/Users/benitaibrahim/Documents/PTUT/Minipatches_light_20260116/20221017T112927_SmallPatches_C4-CAM4,1,1,1,0,OK,10080,15528,0,0.0,1 worm clean
/Users/benitaibrahim/Documents/PTUT/Minipatches_light_20260116/20221116T103112_SmallPatches_C5-CAM5,0,0,1,1,NO WORM,0,0,0,0.0,0 worms
/Users/benitaibrahim/Documents/PTUT/Minipatches_light_20260116/20221123T211456_SmallPatches_C6-CAM7,0,0,1,1,NO WORM,0,0,0,0.0,0 worms
/Users/benitaibrahim/Documents/PTUT/Minipatches_light_20260116/20221013T114735_SmallPatches_C1-CAM2,1,1,1,0,OK,323,33174,0,0.0,1 worm clean
/Users/benitaibrahim/Documents/PTUT/Minipatches_light_20260116/20221016T203158_SmallPatches_C4-CAM7,1,1,1,0,OK,778,33861,0,0.0,1 worm clean
/Users/benitaibrahim/Documents/PTUT/Minipatches_light_20260116/20221014T103022_SmallPatches_C4-CAM5,1,1,1,0,OK,1080,33536,0,0.0,1 worm clean
/Users/benitaibrahim/Documents/PTUT/Minipatches_light_20260116/20221011T192204_SmallPatches_C6-CAM6,1,1,1,0,OK,1845,32850,0,0.0,1 worm clean
/Users/benitaibrahim/Documents/PTUT/Minipatches_light_20260116/20221116T193607_SmallPatches_C2-CAM7,1,1,1,0,OK,1662,32912,0,0.0,1 worm clean
/Users/benitaibrahim/Documents/PTUT/Minipatches_light_20260116/20221123T120808_SmallPatches_C4-CAM2,0,0,1,1,NO WORM,0,0,0,0.0,0 worms
/Users/benitaibrahim/Documents/PTUT/Minipatches_light_20260116/20221017T113043_SmallPatches_C5-CAM8,1,1,1,0,OK,25672,8948,0,0.0,1 worm clean
/Users/benitaibrahim/Documents/PTUT/Minipatches_light_20260116/20221014T101512_SmallPatches_C1-CAM6,1,1,1,0,OK,1876,32754,0,0.0,1 worm clean
/Users/benitaibrahim/Documents/PTUT/Minipatches_light_20260116/20221011T192204_SmallPatches_C6-CAM1,1,1,1,0,OK,2880,31808,0,0.0,1 worm clean
/Users/benitaibrahim/Documents/PTUT/Minipatches_light_20260116/20221011T191616_SmallPatches_C1-CAM1,0,0,1,0,WEIRD,0,0,0,0.0,0 worms
/Users/benitaibrahim/Documents/PTUT/Minipatches_light_20260116/20221013T114735_SmallPatches_C1-CAM5,0,0,1,0,WEIRD,0,0,0,0.0,0 worms
/Users/benitaibrahim/Documents/PTUT/Minipatches_light_20260116/20221116T103112_SmallPatches_C5-CAM2,1,1,1,0,OK,22821,11856,0,0.0,1 worm clean
/Users/benitaibrahim/Documents/PTUT/Minipatches_light_20260116/20221014T101512_SmallPatches_C1-CAM1,1,1,1,0,OK,1,34629,0,0.0,1 worm clean
/Users/benitaibrahim/Documents/PTUT/Minipatches_light_20260116/20221119T203023_SmallPatches_C5-CAM3,0,0,1,0,WEIRD,0,0,0,0.0,0 worms
/Users/benitaibrahim/Documents/PTUT/Minipatches_light_20260116/20221015T112001_SmallPatches_C2-CAM2,1,1,1,0,OK,0,34594,0,0.0,1 worm clean
/Users/benitaibrahim/Documents/PTUT/Minipatches_light_20260116/20221118T103528_SmallPatches_C2-CAM6,1,1,1,0,OK,21751,12957,0,0.0,1 worm clean
/Users/benitaibrahim/Documents/PTUT/Minipatches_light_20260116/20221120T190810_SmallPatches_C3-CAM4,1,0,1,0,WEIRD,0,1311,33269,0.9620879120879121,2+ worms
/Users/benitaibrahim/Documents/PTUT/Minipatches_light_20260116/20221017T113043_SmallPatches_C5-CAM6,1,1,1,0,OK,1267,33331,0,0.0,1 worm clean
/Users/benitaibrahim/Documents/PTUT/Minipatches_light_20260116/20221014T101512_SmallPatches_C1-CAM8,1,0,1,0,WEIRD,10183,24448,3,8.662008431021539e-05,1 worm with errors
/Users/benitaibrahim/Documents/PTUT/Minipatches_light_20260116/20221017T111506_SmallPatches_C3-CAM3,1,1,1,0,OK,519,33924,0,0.0,1 worm clean
/Users/benitaibrahim/Documents/PTUT/Minipatches_light_20260116/20221122T103604_SmallPatches_C5-CAM2,1,1,1,0,OK,4562,29163,0,0.0,1 worm clean
/Users/benitaibrahim/Documents/PTUT/Minipatches_light_20260116/20221016T203324_SmallPatches_C6-CAM4,1,1,1,0,OK,5278,29355,0,0.0,1 worm clean
/Users/benitaibrahim/Documents/PTUT/Minipatches_light_20260116/20221011T192204_SmallPatches_C6-CAM8,1,1,1,0,OK,139,33838,0,0.0,1 worm clean
/Users/benitaibrahim/Documents/PTUT/Minipatches_light_20260116/20221123T115657_SmallPatches_C2-CAM6,1,1,1,0,OK,8496,26038,0,0.0,1 worm clean
/Users/benitaibrahim/Documents/PTUT/Minipatches_light_20260116/20221011T191616_SmallPatches_C1-CAM8,1,1,1,0,OK,7118,27560,0,0.0,1 worm clean
/Users/benitaibrahim/Documents/PTUT/Minipatches_light_20260116/20221011T112417_SmallPatches_C6-CAM7,1,1,1,0,OK,14372,17821,0,0.0,1 worm clean
/Users/benitaibrahim/Documents/PTUT/Minipatches_light_20260116/20221016T114101_SmallPatches_C5-CAM2,1,1,1,0,OK,7504,27153,0,0.0,1 worm clean
/Users/benitaibrahim/Documents/PTUT/Minipatches_light_20260116/20221011T111254_SmallPatches_C3-CAM1,0,0,1,0,WEIRD,0,0,0,0.0,0 worms
/Users/benitaibrahim/Documents/PTUT/Minipatches_light_20260116/20221017T113050_SmallPatches_C6-CAM4,1,1,1,0,OK,732,33904,0,0.0,1 worm clean
/Users/benitaibrahim/Documents/PTUT/Minipatches_light_20260116/20221017T113043_SmallPatches_C5-CAM1,1,1,1,0,OK,4155,30454,0,0.0,1 worm clean
/Users/benitaibrahim/Documents/PTUT/Minipatches_light_20260116/20221017T111506_SmallPatches_C3-CAM4,1,1,1,0,OK,1544,33031,0,0.0,1 worm clean
/Users/benitaibrahim/Documents/PTUT/Minipatches_light_20260116/20221120T190810_SmallPatches_C3-CAM3,1,1,1,0,OK,4122,30455,0,0.0,1 worm clean
/Users/benitaibrahim/Documents/PTUT/Minipatches_light_20260116/20221011T111254_SmallPatches_C3-CAM6,1,1,1,0,OK,3825,24266,0,0.0,1 worm clean
/Users/benitaibrahim/Documents/PTUT/Minipatches_light_20260116/20221119T115015_SmallPatches_C6-CAM7,1,1,1,0,OK,3215,31400,0,0.0,1 worm clean
/Users/benitaibrahim/Documents/PTUT/Minipatches_light_20260116/20221017T113050_SmallPatches_C6-CAM3,1,1,1,0,OK,956,33657,0,0.0,1 worm clean
/Users/benitaibrahim/Documents/PTUT/Minipatches_light_20260116/20221011T112411_SmallPatches_C5-CAM7,0,0,1,0,WEIRD,0,0,0,0.0,0 worms
/Users/benitaibrahim/Documents/PTUT/Minipatches_light_20260116/20221122T103604_SmallPatches_C5-CAM5,1,1,1,0,OK,3707,30866,0,0.0,1 worm clean
/Users/benitaibrahim/Documents/PTUT/Minipatches_light_20260116/20221116T193528_SmallPatches_C1-CAM4,1,1,1,0,OK,476,34068,0,0.0,1 worm clean
/Users/benitaibrahim/Documents/PTUT/Minipatches_light_20260116/20221119T203029_SmallPatches_C6-CAM1,1,0,1,0,WEIRD,10711,18695,5202,0.15031206657420249,2+ worms
/Users/benitaibrahim/Documents/PTUT/Minipatches_light_20260116/20221115T113211_SmallPatches_C4-CAM3,1,0,1,0,WEIRD,450,18594,14557,0.4332311538347073,2+ worms
/Users/benitaibrahim/Documents/PTUT/Minipatches_light_20260116/20221015T201543_SmallPatches_C5-CAM4,1,1,1,0,OK,3606,31064,0,0.0,1 worm clean
/Users/benitaibrahim/Documents/PTUT/Minipatches_light_20260116/20221125T233336_SmallPatches_C5-CAM6,1,0,1,0,WEIRD,1270,15367,17982,0.5194257488662295,2+ worms
/Users/benitaibrahim/Documents/PTUT/Minipatches_light_20260116/20221011T191645_SmallPatches_C3-CAM2,1,1,1,0,OK,32620,2051,0,0.0,1 worm clean
/Users/benitaibrahim/Documents/PTUT/Minipatches_light_20260116/20221110T194358_SmallPatches_C4-CAM1,1,1,1,0,OK,1098,33217,0,0.0,1 worm clean
/Users/benitaibrahim/Documents/PTUT/Minipatches_light_20260116/20221011T111318_SmallPatches_C2-CAM5,1,1,1,0,OK,0,32783,0,0.0,1 worm clean
/Users/benitaibrahim/Documents/PTUT/Minipatches_light_20260116/20221017T202104_SmallPatches_C1-CAM1,1,1,1,0,OK,3786,29271,0,0.0,1 worm clean
/Users/benitaibrahim/Documents/PTUT/Minipatches_light_20260116/20221126T114417_SmallPatches_C4-CAM4,0,0,1,0,WEIRD,0,0,0,0.0,0 worms
/Users/benitaibrahim/Documents/PTUT/Minipatches_light_20260116/20221115T113211_SmallPatches_C4-CAM4,1,1,1,0,OK,16506,18122,0,0.0,1 worm clean
/Users/benitaibrahim/Documents/PTUT/Minipatches_light_20260116/20221116T193528_SmallPatches_C1-CAM3,1,1,1,0,OK,5115,29418,0,0.0,1 worm clean
/Users/benitaibrahim/Documents/PTUT/Minipatches_light_20260116/20221119T203029_SmallPatches_C6-CAM6,1,0,1,0,WEIRD,1388,33104,119,0.0034382132847938516,1 worm with errors
/Users/benitaibrahim/Documents/PTUT/Minipatches_light_20260116/20221117T200328_SmallPatches_C5-CAM2,1,1,1,0,OK,2285,32410,0,0.0,1 worm clean
/Users/benitaibrahim/Documents/PTUT/Minipatches_light_20260116/20221015T201431_SmallPatches_C4-CAM4,0,0,1,1,NO WORM,0,0,0,0.0,0 worms
/Users/benitaibrahim/Documents/PTUT/Minipatches_light_20260116/20221125T233343_SmallPatches_C6-CAM7,1,1,1,0,OK,148,34457,0,0.0,1 worm clean
/Users/benitaibrahim/Documents/PTUT/Minipatches_light_20260116/20221121T120032_SmallPatches_C1-CAM7,1,0,1,0,WEIRD,17188,16107,1277,0.03693740599328937,1 worm with errors
/Users/benitaibrahim/Documents/PTUT/Minipatches_light_20260116/20221126T114417_SmallPatches_C4-CAM3,1,1,1,0,OK,5637,28991,0,0.0,1 worm clean
/Users/benitaibrahim/Documents/PTUT/Minipatches_light_20260116/20221125T232148_SmallPatches_C3-CAM1,1,0,1,0,WEIRD,6178,22238,6182,0.17868084860396555,2+ worms
/Users/benitaibrahim/Documents/PTUT/Minipatches_light_20260116/20221017T202104_SmallPatches_C1-CAM6,1,1,1,0,OK,286,34290,0,0.0,1 worm clean
/Users/benitaibrahim/Documents/PTUT/Minipatches_light_20260116/20221110T194358_SmallPatches_C4-CAM6,0,0,1,0,WEIRD,0,0,0,0.0,0 worms
/Users/benitaibrahim/Documents/PTUT/Minipatches_light_20260116/20221011T111318_SmallPatches_C2-CAM2,1,1,1,0,OK,5727,27227,0,0.0,1 worm clean
/Users/benitaibrahim/Documents/PTUT/Minipatches_light_20260116/20221015T111939_SmallPatches_C3-CAM2,1,1,1,0,OK,8901,21372,0,0.0,1 worm clean
/Users/benitaibrahim/Documents/PTUT/Minipatches_light_20260116/20221121T204538_SmallPatches_C1-CAM7,1,1,1,0,OK,0,34605,0,0.0,1 worm clean
/Users/benitaibrahim/Documents/PTUT/Minipatches_light_20260116/20221125T233336_SmallPatches_C5-CAM1,1,1,1,0,OK,12726,21615,0,0.0,1 worm clean
/Users/benitaibrahim/Documents/PTUT/Minipatches_light_20260116/20221126T205107_SmallPatches_C5-CAM8,1,1,1,0,OK,21315,13249,0,0.0,1 worm clean
/Users/benitaibrahim/Documents/PTUT/Minipatches_light_20260116/20221125T232148_SmallPatches_C3-CAM8,1,1,1,0,OK,159,34410,0,0.0,1 worm clean
/Users/benitaibrahim/Documents/PTUT/Minipatches_light_20260116/20221122T103611_SmallPatches_C6-CAM3,1,1,1,0,OK,4306,30386,0,0.0,1 worm clean
/Users/benitaibrahim/Documents/PTUT/Minipatches_light_20260116/20221126T203516_SmallPatches_C1-CAM3,1,1,1,0,OK,3710,30748,0,0.0,1 worm clean
/Users/benitaibrahim/Documents/PTUT/Minipatches_light_20260116/20221125T233336_SmallPatches_C5-CAM8,1,1,1,0,OK,537,34075,0,0.0,1 worm clean
/Users/benitaibrahim/Documents/PTUT/Minipatches_light_20260116/20221110T194540_SmallPatches_C6-CAM2,1,1,1,0,OK,3968,30696,0,0.0,1 worm clean
/Users/benitaibrahim/Documents/PTUT/Minipatches_light_20260116/20221126T205107_SmallPatches_C5-CAM1,1,1,1,0,OK,27035,7476,0,0.0,1 worm clean
/Users/benitaibrahim/Documents/PTUT/Minipatches_light_20260116/20221118T104744_SmallPatches_C5-CAM4,1,0,1,0,WEIRD,0,3311,591,0.1514607893388006,2+ worms
/Users/benitaibrahim/Documents/PTUT/Minipatches_light_20260116/20221126T205114_SmallPatches_C6-CAM3,1,1,1,0,OK,404,34119,0,0.0,1 worm clean
/Users/benitaibrahim/Documents/PTUT/Minipatches_light_20260116/20221012T200644_SmallPatches_C1-CAM3,0,0,1,0,WEIRD,0,0,0,0.0,0 worms
/Users/benitaibrahim/Documents/PTUT/Minipatches_light_20260116/20221110T105517_SmallPatches_C3-CAM2,1,1,1,0,OK,5340,29324,0,0.0,1 worm clean
/Users/benitaibrahim/Documents/PTUT/Minipatches_light_20260116/20221126T205107_SmallPatches_C5-CAM6,1,1,1,0,OK,8681,25863,0,0.0,1 worm clean
/Users/benitaibrahim/Documents/PTUT/Minipatches_light_20260116/20221118T104744_SmallPatches_C5-CAM3,1,0,1,0,WEIRD,2526,29249,2662,0.07730057786682928,2+ worms
/Users/benitaibrahim/Documents/PTUT/Minipatches_light_20260116/20221122T193952_SmallPatches_C6-CAM7,1,1,1,0,OK,454,34193,0,0.0,1 worm clean
/Users/benitaibrahim/Documents/PTUT/Minipatches_light_20260116/20221110T194358_SmallPatches_C4-CAM8,1,1,1,0,OK,5991,28736,0,0.0,1 worm clean
/Users/benitaibrahim/Documents/PTUT/Minipatches_light_20260116/20221110T194540_SmallPatches_C6-CAM5,1,1,1,0,OK,6891,27773,0,0.0,1 worm clean
/Users/benitaibrahim/Documents/PTUT/Minipatches_light_20260116/20221122T103611_SmallPatches_C6-CAM4,1,1,1,0,OK,3063,31641,0,0.0,1 worm clean
/Users/benitaibrahim/Documents/PTUT/Minipatches_light_20260116/20221017T202104_SmallPatches_C1-CAM8,0,0,1,0,WEIRD,0,0,0,0.0,0 worms
/Users/benitaibrahim/Documents/PTUT/Minipatches_light_20260116/20221126T203516_SmallPatches_C1-CAM4,1,1,1,0,OK,5090,29411,0,0.0,1 worm clean
/Users/benitaibrahim/Documents/PTUT/Minipatches_light_20260116/20221012T200644_SmallPatches_C1-CAM4,1,1,1,0,OK,0,34607,0,0.0,1 worm clean
/Users/benitaibrahim/Documents/PTUT/Minipatches_light_20260116/20221119T203029_SmallPatches_C6-CAM8,1,1,1,0,OK,8279,26015,0,0.0,1 worm clean
/Users/benitaibrahim/Documents/PTUT/Minipatches_light_20260116/20221126T205114_SmallPatches_C6-CAM4,1,1,1,0,OK,5806,28659,0,0.0,1 worm clean
/Users/benitaibrahim/Documents/PTUT/Minipatches_light_20260116/20221016T201820_SmallPatches_C2-CAM4,1,0,1,0,WEIRD,0,2765,31907,0.9202526534379326,2+ worms
/Users/benitaibrahim/Documents/PTUT/Minipatches_light_20260116/20221123T115619_SmallPatches_C1-CAM4,1,1,1,0,OK,13958,20029,0,0.0,1 worm clean
/Users/benitaibrahim/Documents/PTUT/Minipatches_light_20260116/20221119T113756_SmallPatches_C3-CAM4,1,1,1,0,OK,1227,33334,0,0.0,1 worm clean
/Users/benitaibrahim/Documents/PTUT/Minipatches_light_20260116/20221121T204614_SmallPatches_C2-CAM7,1,1,1,0,OK,2172,32393,0,0.0,1 worm clean
/Users/benitaibrahim/Documents/PTUT/Minipatches_light_20260116/20221013T115324_SmallPatches_C4-CAM1,1,1,1,0,OK,195,32906,0,0.0,1 worm clean
/Users/benitaibrahim/Documents/PTUT/Minipatches_light_20260116/20221014T192724_SmallPatches_C6-CAM7,1,1,1,0,OK,2157,32498,0,0.0,1 worm clean
/Users/benitaibrahim/Documents/PTUT/Minipatches_light_20260116/20221115T112033_SmallPatches_C3-CAM2,1,1,1,0,OK,2922,31194,0,0.0,1 worm clean
/Users/benitaibrahim/Documents/PTUT/Minipatches_light_20260116/20221013T115324_SmallPatches_C4-CAM6,1,1,1,0,OK,0,33117,0,0.0,1 worm clean
/Users/benitaibrahim/Documents/PTUT/Minipatches_light_20260116/20221012T130017_SmallPatches_C3-CAM8,1,1,1,0,OK,2387,25326,0,0.0,1 worm clean
/Users/benitaibrahim/Documents/PTUT/Minipatches_light_20260116/20221126T203554_SmallPatches_C2-CAM4,0,0,1,1,NO WORM,0,0,0,0.0,0 worms
/Users/benitaibrahim/Documents/PTUT/Minipatches_light_20260116/20221119T115002_SmallPatches_C4-CAM4,1,1,1,0,OK,10088,24491,0,0.0,1 worm clean
/Users/benitaibrahim/Documents/PTUT/Minipatches_light_20260116/20221119T113756_SmallPatches_C3-CAM3,0,0,1,0,WEIRD,0,0,0,0.0,0 worms
/Users/benitaibrahim/Documents/PTUT/Minipatches_light_20260116/20221013T201306_SmallPatches_C3-CAM7,1,1,1,0,OK,2116,32616,0,0.0,1 worm clean
/Users/benitaibrahim/Documents/PTUT/Minipatches_light_20260116/20221123T115619_SmallPatches_C1-CAM3,1,1,1,0,OK,0,34593,0,0.0,1 worm clean
/Users/benitaibrahim/Documents/PTUT/Minipatches_light_20260116/20221117T195631_SmallPatches_C2-CAM4,1,1,1,0,OK,1550,33137,0,0.0,1 worm clean
/Users/benitaibrahim/Documents/PTUT/Minipatches_light_20260116/20221012T130017_SmallPatches_C3-CAM1,1,1,1,0,OK,321,27406,0,0.0,1 worm clean
/Users/benitaibrahim/Documents/PTUT/Minipatches_light_20260116/20221115T111955_SmallPatches_C1-CAM5,1,1,1,0,OK,2619,31983,0,0.0,1 worm clean
/Users/benitaibrahim/Documents/PTUT/Minipatches_light_20260116/20221012T125943_SmallPatches_C1-CAM4,1,1,1,0,OK,0,27612,0,0.0,1 worm clean
/Users/benitaibrahim/Documents/PTUT/Minipatches_light_20260116/20221123T210701_SmallPatches_C2-CAM7,1,1,1,0,OK,8654,5675,0,0.0,1 worm clean
/Users/benitaibrahim/Documents/PTUT/Minipatches_light_20260116/20221110T111024_SmallPatches_C5-CAM5,1,1,1,0,OK,3566,31084,0,0.0,1 worm clean
/Users/benitaibrahim/Documents/PTUT/Minipatches_light_20260116/20221015T113303_SmallPatches_C4-CAM2,1,1,1,0,OK,2934,31705,0,0.0,1 worm clean
/Users/benitaibrahim/Documents/PTUT/Minipatches_light_20260116/20221012T131916_SmallPatches_C5-CAM5,0,0,1,1,NO WORM,0,0,0,0.0,0 worms
/Users/benitaibrahim/Documents/PTUT/Minipatches_light_20260116/20221017T111530_SmallPatches_C2-CAM4,1,0,1,0,WEIRD,0,1522,33173,0.9561320074938752,2+ worms
/Users/benitaibrahim/Documents/PTUT/Minipatches_light_20260116/20221012T130017_SmallPatches_C3-CAM6,1,1,1,0,OK,2272,25440,0,0.0,1 worm clean
/Users/benitaibrahim/Documents/PTUT/Minipatches_light_20260116/20221013T115324_SmallPatches_C4-CAM8,1,1,1,0,OK,9215,23917,0,0.0,1 worm clean
/Users/benitaibrahim/Documents/PTUT/Minipatches_light_20260116/20221015T113303_SmallPatches_C4-CAM5,1,1,1,0,OK,10312,24333,0,0.0,1 worm clean
/Users/benitaibrahim/Documents/PTUT/Minipatches_light_20260116/20221012T131916_SmallPatches_C5-CAM2,0,0,1,1,NO WORM,0,0,0,0.0,0 worms
/Users/benitaibrahim/Documents/PTUT/Minipatches_light_20260116/20221110T111024_SmallPatches_C5-CAM2,1,1,1,0,OK,0,34673,0,0.0,1 worm clean
/Users/benitaibrahim/Documents/PTUT/Minipatches_light_20260116/20221012T125943_SmallPatches_C1-CAM3,1,1,1,0,OK,5149,19649,0,0.0,1 worm clean
/Users/benitaibrahim/Documents/PTUT/Minipatches_light_20260116/20221115T111955_SmallPatches_C1-CAM2,1,1,1,0,OK,1433,33164,0,0.0,1 worm clean
/Users/benitaibrahim/Documents/PTUT/Minipatches_light_20260116/20221012T202949_SmallPatches_C4-CAM7,1,1,1,0,OK,2126,8579,0,0.0,1 worm clean
/Users/benitaibrahim/Documents/PTUT/Minipatches_light_20260116/20221122T103611_SmallPatches_C6-CAM5,0,0,1,1,NO WORM,0,0,0,0.0,0 worms
/Users/benitaibrahim/Documents/PTUT/Minipatches_light_20260116/20221126T203516_SmallPatches_C1-CAM5,1,1,1,0,OK,3136,31357,0,0.0,1 worm clean
/Users/benitaibrahim/Documents/PTUT/Minipatches_light_20260116/20221121T120032_SmallPatches_C1-CAM8,1,1,1,0,OK,7716,24799,0,0.0,1 worm clean
/Users/benitaibrahim/Documents/PTUT/Minipatches_light_20260116/20221118T104744_SmallPatches_C5-CAM2,0,0,1,0,WEIRD,0,0,0,0.0,0 worms
/Users/benitaibrahim/Documents/PTUT/Minipatches_light_20260116/20221126T205107_SmallPatches_C5-CAM7,1,1,1,0,OK,1138,33372,0,0.0,1 worm clean
/Users/benitaibrahim/Documents/PTUT/Minipatches_light_20260116/20221121T204538_SmallPatches_C1-CAM8,1,1,1,0,OK,17102,17495,0,0.0,1 worm clean
/Users/benitaibrahim/Documents/PTUT/Minipatches_light_20260116/20221122T193952_SmallPatches_C6-CAM6,1,1,1,0,OK,38,34582,0,0.0,1 worm clean
/Users/benitaibrahim/Documents/PTUT/Minipatches_light_20260116/20221110T194540_SmallPatches_C6-CAM4,1,1,1,0,OK,9457,25214,0,0.0,1 worm clean
/Users/benitaibrahim/Documents/PTUT/Minipatches_light_20260116/20221126T205114_SmallPatches_C6-CAM5,1,1,1,0,OK,1754,30863,0,0.0,1 worm clean
/Users/benitaibrahim/Documents/PTUT/Minipatches_light_20260116/20221121T205850_SmallPatches_C6-CAM6,0,0,1,0,WEIRD,0,0,0,0.0,0 worms
/Users/benitaibrahim/Documents/PTUT/Minipatches_light_20260116/20221125T233343_SmallPatches_C6-CAM8,1,1,1,0,OK,3632,30884,0,0.0,1 worm clean
/Users/benitaibrahim/Documents/PTUT/Minipatches_light_20260116/20221012T200644_SmallPatches_C1-CAM5,1,1,1,0,OK,3063,31561,0,0.0,1 worm clean
/Users/benitaibrahim/Documents/PTUT/Minipatches_light_20260116/20221110T105517_SmallPatches_C3-CAM4,1,1,1,0,OK,3614,30102,0,0.0,1 worm clean
/Users/benitaibrahim/Documents/PTUT/Minipatches_light_20260116/20221122T193952_SmallPatches_C6-CAM1,1,1,1,0,OK,12184,14300,0,0.0,1 worm clean
/Users/benitaibrahim/Documents/PTUT/Minipatches_light_20260116/20221110T194540_SmallPatches_C6-CAM3,1,1,1,0,OK,124,34547,0,0.0,1 worm clean
/Users/benitaibrahim/Documents/PTUT/Minipatches_light_20260116/20221118T104744_SmallPatches_C5-CAM5,1,1,1,0,OK,500,34142,0,0.0,1 worm clean
/Users/benitaibrahim/Documents/PTUT/Minipatches_light_20260116/20221122T103611_SmallPatches_C6-CAM2,1,0,1,0,WEIRD,1632,14649,18389,0.5304009229881742,2+ worms
/Users/benitaibrahim/Documents/PTUT/Minipatches_light_20260116/20221126T203516_SmallPatches_C1-CAM2,0,0,1,0,WEIRD,0,0,0,0.0,0 worms
/Users/benitaibrahim/Documents/PTUT/Minipatches_light_20260116/20221110T105517_SmallPatches_C3-CAM3,1,1,1,0,OK,1083,33585,0,0.0,1 worm clean
/Users/benitaibrahim/Documents/PTUT/Minipatches_light_20260116/20221012T200644_SmallPatches_C1-CAM2,1,1,1,0,OK,0,34609,0,0.0,1 worm clean
/Users/benitaibrahim/Documents/PTUT/Minipatches_light_20260116/20221121T205850_SmallPatches_C6-CAM1,1,1,1,0,OK,1271,33345,0,0.0,1 worm clean
/Users/benitaibrahim/Documents/PTUT/Minipatches_light_20260116/20221126T205114_SmallPatches_C6-CAM2,1,0,1,0,WEIRD,0,3315,31202,0.9039603673552162,2+ worms
/Users/benitaibrahim/Documents/PTUT/Minipatches_light_20260116/20221015T201431_SmallPatches_C4-CAM5,1,0,1,0,WEIRD,142,5113,29434,0.8485110553777855,2+ worms
/Users/benitaibrahim/Documents/PTUT/Minipatches_light_20260116/20221121T205850_SmallPatches_C6-CAM8,1,1,1,0,OK,5408,29211,0,0.0,1 worm clean
/Users/benitaibrahim/Documents/PTUT/Minipatches_light_20260116/20221125T233343_SmallPatches_C6-CAM6,0,0,1,1,NO WORM,0,0,0,0.0,0 worms
/Users/benitaibrahim/Documents/PTUT/Minipatches_light_20260116/20221115T113211_SmallPatches_C4-CAM5,1,1,1,0,OK,29,34602,0,0.0,1 worm clean
/Users/benitaibrahim/Documents/PTUT/Minipatches_light_20260116/20221015T201543_SmallPatches_C5-CAM2,1,1,1,0,OK,5512,19741,0,0.0,1 worm clean
/Users/benitaibrahim/Documents/PTUT/Minipatches_light_20260116/20221117T200328_SmallPatches_C5-CAM3,0,0,1,1,NO WORM,0,0,0,0.0,0 worms
/Users/benitaibrahim/Documents/PTUT/Minipatches_light_20260116/20221119T203029_SmallPatches_C6-CAM7,1,1,1,0,OK,1210,33390,0,0.0,1 worm clean
/Users/benitaibrahim/Documents/PTUT/Minipatches_light_20260116/20221121T204538_SmallPatches_C1-CAM6,0,0,1,0,WEIRD,0,0,0,0.0,0 worms
/Users/benitaibrahim/Documents/PTUT/Minipatches_light_20260116/20221015T111939_SmallPatches_C3-CAM3,0,0,1,0,WEIRD,0,0,0,0.0,0 worms
/Users/benitaibrahim/Documents/PTUT/Minipatches_light_20260116/20221122T193952_SmallPatches_C6-CAM8,1,1,1,0,OK,609,33454,0,0.0,1 worm clean
/Users/benitaibrahim/Documents/PTUT/Minipatches_light_20260116/20221110T194358_SmallPatches_C4-CAM7,1,1,1,0,OK,9415,25301,0,0.0,1 worm clean
/Users/benitaibrahim/Documents/PTUT/Minipatches_light_20260116/20221122T103559_SmallPatches_C4-CAM4,1,1,1,0,OK,574,34035,0,0.0,1 worm clean
/Users/benitaibrahim/Documents/PTUT/Minipatches_light_20260116/20221121T120032_SmallPatches_C1-CAM6,1,0,1,0,WEIRD,2313,28067,4197,0.12138126500274748,2+ worms
/Users/benitaibrahim/Documents/PTUT/Minipatches_light_20260116/20221017T202104_SmallPatches_C1-CAM7,1,0,1,0,WEIRD,1095,3819,29681,0.8579563520739991,2+ worms
/Users/benitaibrahim/Documents/PTUT/Minipatches_light_20260116/20221117T200328_SmallPatches_C5-CAM4,1,1,1,0,OK,771,33779,0,0.0,1 worm clean
/Users/benitaibrahim/Documents/PTUT/Minipatches_light_20260116/20221115T113211_SmallPatches_C4-CAM2,1,1,1,0,OK,8455,26174,0,0.0,1 worm clean
/Users/benitaibrahim/Documents/PTUT/Minipatches_light_20260116/20221125T233343_SmallPatches_C6-CAM1,1,1,1,0,OK,769,33820,0,0.0,1 worm clean
/Users/benitaibrahim/Documents/PTUT/Minipatches_light_20260116/20221015T201431_SmallPatches_C4-CAM2,1,1,1,0,OK,333,34329,0,0.0,1 worm clean
/Users/benitaibrahim/Documents/PTUT/Minipatches_light_20260116/20221125T232148_SmallPatches_C3-CAM7,1,1,1,0,OK,10830,23744,0,0.0,1 worm clean
/Users/benitaibrahim/Documents/PTUT/Minipatches_light_20260116/20221121T120032_SmallPatches_C1-CAM1,1,0,1,0,WEIRD,3627,1295,28214,0.8514606470304201,2+ worms
/Users/benitaibrahim/Documents/PTUT/Minipatches_light_20260116/20221126T114417_SmallPatches_C4-CAM5,1,1,1,0,OK,8772,22801,0,0.0,1 worm clean
/Users/benitaibrahim/Documents/PTUT/Minipatches_light_20260116/20221122T103559_SmallPatches_C4-CAM3,1,1,1,0,OK,14029,20410,0,0.0,1 worm clean
/Users/benitaibrahim/Documents/PTUT/Minipatches_light_20260116/20221011T191645_SmallPatches_C3-CAM3,1,1,1,0,OK,2826,31852,0,0.0,1 worm clean
/Users/benitaibrahim/Documents/PTUT/Minipatches_light_20260116/20221011T111318_SmallPatches_C2-CAM4,1,1,1,0,OK,3887,29282,0,0.0,1 worm clean
/Users/benitaibrahim/Documents/PTUT/Minipatches_light_20260116/20221125T233336_SmallPatches_C5-CAM7,1,1,1,0,OK,1674,32933,0,0.0,1 worm clean
/Users/benitaibrahim/Documents/PTUT/Minipatches_light_20260116/20221121T204538_SmallPatches_C1-CAM1,1,1,1,0,OK,21581,10739,0,0.0,1 worm clean
/Users/benitaibrahim/Documents/PTUT/Minipatches_light_20260116/20221015T111939_SmallPatches_C3-CAM4,1,1,1,0,OK,4846,29752,0,0.0,1 worm clean
/Users/benitaibrahim/Documents/PTUT/Minipatches_light_20260116/20221012T130017_SmallPatches_C3-CAM7,1,1,1,0,OK,644,27084,0,0.0,1 worm clean
/Users/benitaibrahim/Documents/PTUT/Minipatches_light_20260116/20221013T201306_SmallPatches_C3-CAM8,0,0,1,1,NO WORM,0,0,0,0.0,0 worms
/Users/benitaibrahim/Documents/PTUT/Minipatches_light_20260116/20221110T111024_SmallPatches_C5-CAM3,1,1,1,0,OK,4143,30514,0,0.0,1 worm clean
/Users/benitaibrahim/Documents/PTUT/Minipatches_light_20260116/20221119T201803_SmallPatches_C3-CAM8,1,1,1,0,OK,8396,26187,0,0.0,1 worm clean
/Users/benitaibrahim/Documents/PTUT/Minipatches_light_20260116/20221115T111955_SmallPatches_C1-CAM3,1,1,1,0,OK,0,24075,0,0.0,1 worm clean
/Users/benitaibrahim/Documents/PTUT/Minipatches_light_20260116/20221012T125943_SmallPatches_C1-CAM2,1,1,1,0,OK,525,27080,0,0.0,1 worm clean
/Users/benitaibrahim/Documents/PTUT/Minipatches_light_20260116/20221014T192604_SmallPatches_C4-CAM3,1,1,1,0,OK,0,34673,0,0.0,1 worm clean
/Users/benitaibrahim/Documents/PTUT/Minipatches_light_20260116/20221014T192724_SmallPatches_C6-CAM8,1,1,1,0,OK,1894,32770,0,0.0,1 worm clean
/Users/benitaibrahim/Documents/PTUT/Minipatches_light_20260116/20221012T131916_SmallPatches_C5-CAM3,0,0,1,1,NO WORM,0,0,0,0.0,0 worms
/Users/benitaibrahim/Documents/PTUT/Minipatches_light_20260116/20221015T113303_SmallPatches_C4-CAM4,1,1,1,0,OK,268,33999,0,0.0,1 worm clean
/Users/benitaibrahim/Documents/PTUT/Minipatches_light_20260116/20221017T111530_SmallPatches_C2-CAM2,1,1,1,0,OK,4674,29844,0,0.0,1 worm clean
/Users/benitaibrahim/Documents/PTUT/Minipatches_light_20260116/20221012T131916_SmallPatches_C5-CAM4,1,1,1,0,OK,1,25944,0,0.0,1 worm clean
/Users/benitaibrahim/Documents/PTUT/Minipatches_light_20260116/20221012T125943_SmallPatches_C1-CAM5,1,0,1,0,WEIRD,99,27453,59,0.002136829524464887,1 worm with errors
/Users/benitaibrahim/Documents/PTUT/Minipatches_light_20260116/20221123T210701_SmallPatches_C2-CAM6,1,1,1,0,OK,936,33527,0,0.0,1 worm clean
/Users/benitaibrahim/Documents/PTUT/Minipatches_light_20260116/20221014T192604_SmallPatches_C4-CAM4,1,1,1,0,OK,443,34200,0,0.0,1 worm clean
/Users/benitaibrahim/Documents/PTUT/Minipatches_light_20260116/20221012T202949_SmallPatches_C4-CAM1,1,1,1,0,OK,0,34635,0,0.0,1 worm clean
/Users/benitaibrahim/Documents/PTUT/Minipatches_light_20260116/20221115T111955_SmallPatches_C1-CAM4,0,0,1,0,WEIRD,0,0,0,0.0,0 worms
/Users/benitaibrahim/Documents/PTUT/Minipatches_light_20260116/20221110T111024_SmallPatches_C5-CAM4,1,1,1,0,OK,41,34627,0,0.0,1 worm clean
/Users/benitaibrahim/Documents/PTUT/Minipatches_light_20260116/20221014T192724_SmallPatches_C6-CAM6,0,0,1,0,WEIRD,0,0,0,0.0,0 worms
/Users/benitaibrahim/Documents/PTUT/Minipatches_light_20260116/20221012T202949_SmallPatches_C4-CAM8,1,1,1,0,OK,9959,24676,0,0.0,1 worm clean
/Users/benitaibrahim/Documents/PTUT/Minipatches_light_20260116/20221016T201820_SmallPatches_C2-CAM2,1,1,1,0,OK,6516,28046,0,0.0,1 worm clean
/Users/benitaibrahim/Documents/PTUT/Minipatches_light_20260116/20221119T201803_SmallPatches_C3-CAM6,1,1,1,0,OK,2052,32521,0,0.0,1 worm clean
/Users/benitaibrahim/Documents/PTUT/Minipatches_light_20260116/20221119T113756_SmallPatches_C3-CAM2,1,1,1,0,OK,3140,30809,0,0.0,1 worm clean
/Users/benitaibrahim/Documents/PTUT/Minipatches_light_20260116/20221013T201306_SmallPatches_C3-CAM6,1,1,1,0,OK,457,30597,0,0.0,1 worm clean
/Users/benitaibrahim/Documents/PTUT/Minipatches_light_20260116/20221121T204614_SmallPatches_C2-CAM1,1,1,1,0,OK,0,6919,0,0.0,1 worm clean
/Users/benitaibrahim/Documents/PTUT/Minipatches_light_20260116/20221123T115619_SmallPatches_C1-CAM2,1,0,1,0,WEIRD,3138,24397,7076,0.20444367397648147,2+ worms
/Users/benitaibrahim/Documents/PTUT/Minipatches_light_20260116/20221013T115324_SmallPatches_C4-CAM7,1,0,1,0,WEIRD,0,517,32606,0.9843915104308185,2+ worms
/Users/benitaibrahim/Documents/PTUT/Minipatches_light_20260116/20221126T203554_SmallPatches_C2-CAM5,1,1,1,0,OK,6043,28561,0,0.0,1 worm clean
/Users/benitaibrahim/Documents/PTUT/Minipatches_light_20260116/20221119T201803_SmallPatches_C3-CAM1,1,1,1,0,OK,0,34560,0,0.0,1 worm clean
/Users/benitaibrahim/Documents/PTUT/Minipatches_light_20260116/20221016T201820_SmallPatches_C2-CAM5,1,1,1,0,OK,5534,29056,0,0.0,1 worm clean
/Users/benitaibrahim/Documents/PTUT/Minipatches_light_20260116/20221014T192724_SmallPatches_C6-CAM1,1,1,1,0,OK,377,34286,0,0.0,1 worm clean
/Users/benitaibrahim/Documents/PTUT/Minipatches_light_20260116/20221126T203554_SmallPatches_C2-CAM2,1,1,1,0,OK,665,33933,0,0.0,1 worm clean
/Users/benitaibrahim/Documents/PTUT/Minipatches_light_20260116/20221115T112033_SmallPatches_C3-CAM4,1,1,1,0,OK,5267,29366,0,0.0,1 worm clean
/Users/benitaibrahim/Documents/PTUT/Minipatches_light_20260116/20221123T115619_SmallPatches_C1-CAM5,1,1,1,0,OK,5408,19653,0,0.0,1 worm clean
/Users/benitaibrahim/Documents/PTUT/Minipatches_light_20260116/20221117T195631_SmallPatches_C2-CAM2,1,1,1,0,OK,0,34640,0,0.0,1 worm clean
/Users/benitaibrahim/Documents/PTUT/Minipatches_light_20260116/20221121T204614_SmallPatches_C2-CAM6,1,1,1,0,OK,1639,32952,0,0.0,1 worm clean
/Users/benitaibrahim/Documents/PTUT/Minipatches_light_20260116/20221013T201306_SmallPatches_C3-CAM1,1,1,1,0,OK,4996,23591,0,0.0,1 worm clean
/Users/benitaibrahim/Documents/PTUT/Minipatches_light_20260116/20221017T202208_SmallPatches_C2-CAM6,1,1,1,0,OK,3356,31292,0,0.0,1 worm clean
/Users/benitaibrahim/Documents/PTUT/Minipatches_light_20260116/20221014T192717_SmallPatches_C5-CAM2,1,0,1,0,WEIRD,635,6486,27538,0.7945411004356733,2+ worms
/Users/benitaibrahim/Documents/PTUT/Minipatches_light_20260116/20221015T195345_SmallPatches_C3-CAM3,1,1,1,0,OK,889,33739,0,0.0,1 worm clean
/Users/benitaibrahim/Documents/PTUT/Minipatches_light_20260116/20221117T105407_SmallPatches_C4-CAM3,1,1,1,0,OK,204,34449,0,0.0,1 worm clean
/Users/benitaibrahim/Documents/PTUT/Minipatches_light_20260116/20221115T194409_SmallPatches_C5-CAM5,0,0,1,0,WEIRD,0,0,0,0.0,0 worms
/Users/benitaibrahim/Documents/PTUT/Minipatches_light_20260116/20221120T190723_SmallPatches_C1-CAM7,1,0,1,0,WEIRD,18160,12508,3910,0.11307767944936087,2+ worms
/Users/benitaibrahim/Documents/PTUT/Minipatches_light_20260116/20221116T194416_SmallPatches_C6-CAM6,1,1,1,0,OK,10118,24622,0,0.0,1 worm clean
/Users/benitaibrahim/Documents/PTUT/Minipatches_light_20260116/20221122T102319_SmallPatches_C1-CAM2,1,0,1,0,WEIRD,0,7654,26949,0.7788053058983325,2+ worms
/Users/benitaibrahim/Documents/PTUT/Minipatches_light_20260116/20221017T203157_SmallPatches_C4-CAM1,1,1,1,0,OK,6967,27644,0,0.0,1 worm clean
/Users/benitaibrahim/Documents/PTUT/Minipatches_light_20260116/20221012T203108_SmallPatches_C6-CAM6,1,1,1,0,OK,0,34692,0,0.0,1 worm clean
/Users/benitaibrahim/Documents/PTUT/Minipatches_light_20260116/20221123T210621_SmallPatches_C1-CAM3,0,0,1,0,WEIRD,0,0,0,0.0,0 worms
/Users/benitaibrahim/Documents/PTUT/Minipatches_light_20260116/20221110T111030_SmallPatches_C6-CAM3,1,1,1,0,OK,4650,30008,0,0.0,1 worm clean
/Users/benitaibrahim/Documents/PTUT/Minipatches_light_20260116/20221014T101612_SmallPatches_C2-CAM3,1,0,1,0,WEIRD,0,31711,2934,0.08468754510030307,2+ worms
/Users/benitaibrahim/Documents/PTUT/Minipatches_light_20260116/20221123T120814_SmallPatches_C5-CAM3,1,1,1,0,OK,71,34505,0,0.0,1 worm clean
/Users/benitaibrahim/Documents/PTUT/Minipatches_light_20260116/20221115T194409_SmallPatches_C5-CAM2,1,1,1,0,OK,5987,28663,0,0.0,1 worm clean
/Users/benitaibrahim/Documents/PTUT/Minipatches_light_20260116/20221116T194416_SmallPatches_C6-CAM1,0,0,1,1,NO WORM,0,0,0,0.0,0 worms
/Users/benitaibrahim/Documents/PTUT/Minipatches_light_20260116/20221117T105407_SmallPatches_C4-CAM4,1,1,1,0,OK,2462,31686,0,0.0,1 worm clean
/Users/benitaibrahim/Documents/PTUT/Minipatches_light_20260116/20221110T193022_SmallPatches_C1-CAM7,1,1,1,0,OK,354,34273,0,0.0,1 worm clean
/Users/benitaibrahim/Documents/PTUT/Minipatches_light_20260116/20221016T113100_SmallPatches_C3-CAM2,1,1,1,0,OK,11522,23054,0,0.0,1 worm clean
/Users/benitaibrahim/Documents/PTUT/Minipatches_light_20260116/20221015T195345_SmallPatches_C3-CAM4,1,1,1,0,OK,5545,29086,0,0.0,1 worm clean
/Users/benitaibrahim/Documents/PTUT/Minipatches_light_20260116/20221013T201234_SmallPatches_C1-CAM3,1,1,1,0,OK,2035,32612,0,0.0,1 worm clean
/Users/benitaibrahim/Documents/PTUT/Minipatches_light_20260116/20221014T192717_SmallPatches_C5-CAM5,1,1,1,0,OK,2727,31928,0,0.0,1 worm clean
/Users/benitaibrahim/Documents/PTUT/Minipatches_light_20260116/20221116T194402_SmallPatches_C4-CAM8,1,1,1,0,OK,3183,30896,0,0.0,1 worm clean
/Users/benitaibrahim/Documents/PTUT/Minipatches_light_20260116/20221110T111030_SmallPatches_C6-CAM4,1,1,1,0,OK,4918,29705,0,0.0,1 worm clean
/Users/benitaibrahim/Documents/PTUT/Minipatches_light_20260116/20221014T101612_SmallPatches_C2-CAM4,0,0,1,0,WEIRD,0,0,0,0.0,0 worms
/Users/benitaibrahim/Documents/PTUT/Minipatches_light_20260116/20221123T120814_SmallPatches_C5-CAM4,1,1,1,0,OK,1034,33586,0,0.0,1 worm clean
/Users/benitaibrahim/Documents/PTUT/Minipatches_light_20260116/20221012T203108_SmallPatches_C6-CAM1,0,0,1,1,NO WORM,0,0,0,0.0,0 worms
/Users/benitaibrahim/Documents/PTUT/Minipatches_light_20260116/20221123T210621_SmallPatches_C1-CAM4,1,1,1,0,OK,0,34591,0,0.0,1 worm clean
/Users/benitaibrahim/Documents/PTUT/Minipatches_light_20260116/20221122T102319_SmallPatches_C1-CAM5,1,1,1,0,OK,13366,21230,0,0.0,1 worm clean
/Users/benitaibrahim/Documents/PTUT/Minipatches_light_20260116/20221119T113711_SmallPatches_C1-CAM2,1,1,1,0,OK,8233,26254,0,0.0,1 worm clean
/Users/benitaibrahim/Documents/PTUT/Minipatches_light_20260116/20221122T193937_SmallPatches_C4-CAM5,1,1,1,0,OK,16192,17097,0,0.0,1 worm clean
/Users/benitaibrahim/Documents/PTUT/Minipatches_light_20260116/20221123T120820_SmallPatches_C6-CAM5,1,1,1,0,OK,1979,14371,0,0.0,1 worm clean
/Users/benitaibrahim/Documents/PTUT/Minipatches_light_20260116/20221117T105419_SmallPatches_C6-CAM5,0,0,1,1,NO WORM,0,0,0,0.0,0 worms
/Users/benitaibrahim/Documents/PTUT/Minipatches_light_20260116/20221017T111428_SmallPatches_C1-CAM7,1,1,1,0,OK,1657,32909,0,0.0,1 worm clean
/Users/benitaibrahim/Documents/PTUT/Minipatches_light_20260116/20221115T193605_SmallPatches_C2-CAM7,1,1,1,0,OK,1162,33489,0,0.0,1 worm clean
/Users/benitaibrahim/Documents/PTUT/Minipatches_light_20260116/20221116T194416_SmallPatches_C6-CAM8,1,1,1,0,OK,15018,19641,0,0.0,1 worm clean
/Users/benitaibrahim/Documents/PTUT/Minipatches_light_20260116/20221014T191245_SmallPatches_C3-CAM4,0,0,1,0,WEIRD,0,0,0,0.0,0 worms
/Users/benitaibrahim/Documents/PTUT/Minipatches_light_20260116/20221116T194402_SmallPatches_C4-CAM1,1,1,1,0,OK,3107,31530,0,0.0,1 worm clean
/Users/benitaibrahim/Documents/PTUT/Minipatches_light_20260116/20221125T143338_SmallPatches_C2-CAM6,1,0,1,0,WEIRD,7328,27175,76,0.0021978657566731254,1 worm with errors
/Users/benitaibrahim/Documents/PTUT/Minipatches_light_20260116/20221123T120820_SmallPatches_C6-CAM2,1,1,1,0,OK,10240,24335,0,0.0,1 worm clean
/Users/benitaibrahim/Documents/PTUT/Minipatches_light_20260116/20221011T192051_SmallPatches_C4-CAM7,1,1,1,0,OK,2122,32515,0,0.0,1 worm clean
/Users/benitaibrahim/Documents/PTUT/Minipatches_light_20260116/20221016T203314_SmallPatches_C5-CAM5,1,1,1,0,OK,1728,32900,0,0.0,1 worm clean
/Users/benitaibrahim/Documents/PTUT/Minipatches_light_20260116/20221120T191908_SmallPatches_C6-CAM2,1,0,1,0,WEIRD,11070,20703,120,0.0037625811306556296,1 worm with errors
/Users/benitaibrahim/Documents/PTUT/Minipatches_light_20260116/20221017T203157_SmallPatches_C4-CAM8,0,0,1,0,WEIRD,0,0,0,0.0,0 worms
/Users/benitaibrahim/Documents/PTUT/Minipatches_light_20260116/20221117T104032_SmallPatches_C1-CAM7,1,1,1,0,OK,5341,29247,0,0.0,1 worm clean
/Users/benitaibrahim/Documents/PTUT/Minipatches_light_20260116/20221119T113711_SmallPatches_C1-CAM5,1,1,1,0,OK,6237,28301,0,0.0,1 worm clean
/Users/benitaibrahim/Documents/PTUT/Minipatches_light_20260116/20221122T193937_SmallPatches_C4-CAM2,1,0,1,0,WEIRD,1,26785,7804,0.22561433940445216,2+ worms
/Users/benitaibrahim/Documents/PTUT/Minipatches_light_20260116/20221116T194402_SmallPatches_C4-CAM6,1,1,1,0,OK,9965,21474,0,0.0,1 worm clean
/Users/benitaibrahim/Documents/PTUT/Minipatches_light_20260116/20221013T114833_SmallPatches_C2-CAM2,1,1,1,0,OK,1430,32120,0,0.0,1 worm clean
/Users/benitaibrahim/Documents/PTUT/Minipatches_light_20260116/20221121T121404_SmallPatches_C6-CAM5,1,1,1,0,OK,3183,31416,0,0.0,1 worm clean
/Users/benitaibrahim/Documents/PTUT/Minipatches_light_20260116/20221117T200322_SmallPatches_C4-CAM5,1,0,1,0,WEIRD,11929,20999,1561,0.045260807793789326,1 worm with errors
/Users/benitaibrahim/Documents/PTUT/Minipatches_light_20260116/20221118T104750_SmallPatches_C6-CAM2,1,1,1,0,OK,3141,31507,0,0.0,1 worm clean
/Users/benitaibrahim/Documents/PTUT/Minipatches_light_20260116/20221016T201712_SmallPatches_C1-CAM1,0,0,1,1,NO WORM,0,0,0,0.0,0 worms
/Users/benitaibrahim/Documents/PTUT/Minipatches_light_20260116/20221125T143343_SmallPatches_C3-CAM4,1,1,1,0,OK,21740,12882,0,0.0,1 worm clean
/Users/benitaibrahim/Documents/PTUT/Minipatches_light_20260116/20221014T191156_SmallPatches_C1-CAM8,1,1,1,0,OK,149,34448,0,0.0,1 worm clean
/Users/benitaibrahim/Documents/PTUT/Minipatches_light_20260116/20221126T112823_SmallPatches_C2-CAM2,1,1,1,0,OK,22278,9195,0,0.0,1 worm clean
/Users/benitaibrahim/Documents/PTUT/Minipatches_light_20260116/20221116T102313_SmallPatches_C2-CAM7,1,1,1,0,OK,1435,31063,0,0.0,1 worm clean
/Users/benitaibrahim/Documents/PTUT/Minipatches_light_20260116/20221016T113946_SmallPatches_C4-CAM6,1,0,1,0,WEIRD,0,10653,24038,0.6929174713902742,2+ worms
/Users/benitaibrahim/Documents/PTUT/Minipatches_light_20260116/20221012T203101_SmallPatches_C5-CAM7,1,1,1,0,OK,1109,33543,0,0.0,1 worm clean
/Users/benitaibrahim/Documents/PTUT/Minipatches_light_20260116/20221121T205844_SmallPatches_C5-CAM6,1,1,1,0,OK,19910,14716,0,0.0,1 worm clean
/Users/benitaibrahim/Documents/PTUT/Minipatches_light_20260116/20221121T120115_SmallPatches_C3-CAM1,1,1,1,0,OK,1186,33380,0,0.0,1 worm clean
/Users/benitaibrahim/Documents/PTUT/Minipatches_light_20260116/20221115T194401_SmallPatches_C4-CAM8,1,1,1,0,OK,2180,32455,0,0.0,1 worm clean
/Users/benitaibrahim/Documents/PTUT/Minipatches_light_20260116/20221013T200144_SmallPatches_C6-CAM4,1,1,1,0,OK,429,34216,0,0.0,1 worm clean
/Users/benitaibrahim/Documents/PTUT/Minipatches_light_20260116/20221125T143343_SmallPatches_C3-CAM3,1,1,1,0,OK,669,33933,0,0.0,1 worm clean
/Users/benitaibrahim/Documents/PTUT/Minipatches_light_20260116/20221118T104750_SmallPatches_C6-CAM5,1,1,1,0,OK,4903,29491,0,0.0,1 worm clean
/Users/benitaibrahim/Documents/PTUT/Minipatches_light_20260116/20221117T200322_SmallPatches_C4-CAM2,1,1,1,0,OK,521,14292,0,0.0,1 worm clean
/Users/benitaibrahim/Documents/PTUT/Minipatches_light_20260116/20221013T200144_SmallPatches_C6-CAM3,1,1,1,0,OK,5246,29398,0,0.0,1 worm clean
/Users/benitaibrahim/Documents/PTUT/Minipatches_light_20260116/20221121T120115_SmallPatches_C3-CAM6,1,1,1,0,OK,0,34576,0,0.0,1 worm clean
/Users/benitaibrahim/Documents/PTUT/Minipatches_light_20260116/20221016T113125_SmallPatches_C2-CAM4,1,1,1,0,OK,690,33979,0,0.0,1 worm clean
/Users/benitaibrahim/Documents/PTUT/Minipatches_light_20260116/20221121T205844_SmallPatches_C5-CAM1,1,0,1,0,WEIRD,5024,29583,1,2.8895053166897826e-05,1 worm with errors
/Users/benitaibrahim/Documents/PTUT/Minipatches_light_20260116/20221016T113946_SmallPatches_C4-CAM1,1,0,1,0,WEIRD,576,22547,11190,0.32611546644129047,2+ worms
/Users/benitaibrahim/Documents/PTUT/Minipatches_light_20260116/20221126T112823_SmallPatches_C2-CAM5,1,1,1,0,OK,0,34554,0,0.0,1 worm clean
/Users/benitaibrahim/Documents/PTUT/Minipatches_light_20260116/20221126T112734_SmallPatches_C1-CAM7,1,1,1,0,OK,2697,31858,0,0.0,1 worm clean
/Users/benitaibrahim/Documents/PTUT/Minipatches_light_20260116/20221115T194401_SmallPatches_C4-CAM6,1,1,1,0,OK,9153,25509,0,0.0,1 worm clean
/Users/benitaibrahim/Documents/PTUT/Minipatches_light_20260116/20221013T115434_SmallPatches_C5-CAM4,1,1,1,0,OK,1621,31469,0,0.0,1 worm clean
/Users/benitaibrahim/Documents/PTUT/Minipatches_light_20260116/20221126T114429_SmallPatches_C6-CAM2,1,1,1,0,OK,3728,24637,0,0.0,1 worm clean
/Users/benitaibrahim/Documents/PTUT/Minipatches_light_20260116/20221118T104737_SmallPatches_C4-CAM4,1,1,1,0,OK,1607,33042,0,0.0,1 worm clean
/Users/benitaibrahim/Documents/PTUT/Minipatches_light_20260116/20221016T113025_SmallPatches_C1-CAM7,1,1,1,0,OK,9488,24278,0,0.0,1 worm clean
/Users/benitaibrahim/Documents/PTUT/Minipatches_light_20260116/20221121T205844_SmallPatches_C5-CAM8,1,1,1,0,OK,11166,18260,0,0.0,1 worm clean
/Users/benitaibrahim/Documents/PTUT/Minipatches_light_20260116/20221013T114809_SmallPatches_C3-CAM7,1,1,1,0,OK,1740,30994,0,0.0,1 worm clean
/Users/benitaibrahim/Documents/PTUT/Minipatches_light_20260116/20221117T104110_SmallPatches_C2-CAM7,1,0,1,0,WEIRD,2224,12280,20247,0.5826307156628586,2+ worms
/Users/benitaibrahim/Documents/PTUT/Minipatches_light_20260116/20221123T115703_SmallPatches_C3-CAM2,1,1,1,0,OK,4873,29703,0,0.0,1 worm clean
/Users/benitaibrahim/Documents/PTUT/Minipatches_light_20260116/20221013T115441_SmallPatches_C6-CAM2,1,1,1,0,OK,1,21219,0,0.0,1 worm clean
/Users/benitaibrahim/Documents/PTUT/Minipatches_light_20260116/20221123T211451_SmallPatches_C5-CAM7,0,0,1,1,NO WORM,0,0,0,0.0,0 worms
/Users/benitaibrahim/Documents/PTUT/Minipatches_light_20260116/20221014T191156_SmallPatches_C1-CAM6,0,0,1,0,WEIRD,0,0,0,0.0,0 worms
/Users/benitaibrahim/Documents/PTUT/Minipatches_light_20260116/20221015T195406_SmallPatches_C2-CAM7,0,0,1,1,NO WORM,0,0,0,0.0,0 worms
/Users/benitaibrahim/Documents/PTUT/Minipatches_light_20260116/20221012T200743_SmallPatches_C2-CAM3,1,1,1,0,OK,3660,30951,0,0.0,1 worm clean
/Users/benitaibrahim/Documents/PTUT/Minipatches_light_20260116/20221119T201756_SmallPatches_C2-CAM4,1,1,1,0,OK,1231,26720,0,0.0,1 worm clean
/Users/benitaibrahim/Documents/PTUT/Minipatches_light_20260116/20221123T115703_SmallPatches_C3-CAM5,1,0,1,0,WEIRD,1452,29984,2368,0.070050881552479,2+ worms
/Users/benitaibrahim/Documents/PTUT/Minipatches_light_20260116/20221118T104737_SmallPatches_C4-CAM3,1,1,1,0,OK,5761,23958,0,0.0,1 worm clean
/Users/benitaibrahim/Documents/PTUT/Minipatches_light_20260116/20221126T114429_SmallPatches_C6-CAM5,0,0,1,1,NO WORM,0,0,0,0.0,0 worms
/Users/benitaibrahim/Documents/PTUT/Minipatches_light_20260116/20221115T194401_SmallPatches_C4-CAM1,1,1,1,0,OK,1702,29617,0,0.0,1 worm clean
/Users/benitaibrahim/Documents/PTUT/Minipatches_light_20260116/20221012T200743_SmallPatches_C2-CAM4,1,1,1,0,OK,2334,32298,0,0.0,1 worm clean
/Users/benitaibrahim/Documents/PTUT/Minipatches_light_20260116/20221016T201712_SmallPatches_C1-CAM8,1,1,1,0,OK,13,34549,0,0.0,1 worm clean
/Users/benitaibrahim/Documents/PTUT/Minipatches_light_20260116/20221013T115441_SmallPatches_C6-CAM5,1,1,1,0,OK,5189,27919,0,0.0,1 worm clean
/Users/benitaibrahim/Documents/PTUT/Minipatches_light_20260116/20221014T191156_SmallPatches_C1-CAM1,1,1,1,0,OK,2443,31853,0,0.0,1 worm clean
/Users/benitaibrahim/Documents/PTUT/Minipatches_light_20260116/20221120T191908_SmallPatches_C6-CAM3,1,1,1,0,OK,10,34622,0,0.0,1 worm clean
/Users/benitaibrahim/Documents/PTUT/Minipatches_light_20260116/20221119T113711_SmallPatches_C1-CAM4,1,1,1,0,OK,3471,31069,0,0.0,1 worm clean
/Users/benitaibrahim/Documents/PTUT/Minipatches_light_20260116/20221117T104032_SmallPatches_C1-CAM6,1,1,1,0,OK,1436,33165,0,0.0,1 worm clean
/Users/benitaibrahim/Documents/PTUT/Minipatches_light_20260116/20221122T193937_SmallPatches_C4-CAM3,1,1,1,0,OK,78,34632,0,0.0,1 worm clean
/Users/benitaibrahim/Documents/PTUT/Minipatches_light_20260116/20221117T105419_SmallPatches_C6-CAM3,0,0,1,1,NO WORM,0,0,0,0.0,0 worms
/Users/benitaibrahim/Documents/PTUT/Minipatches_light_20260116/20221123T120820_SmallPatches_C6-CAM3,1,1,1,0,OK,99,34394,0,0.0,1 worm clean
/Users/benitaibrahim/Documents/PTUT/Minipatches_light_20260116/20221016T203314_SmallPatches_C5-CAM4,1,1,1,0,OK,4574,30071,0,0.0,1 worm clean
/Users/benitaibrahim/Documents/PTUT/Minipatches_light_20260116/20221017T111428_SmallPatches_C1-CAM1,1,1,1,0,OK,67,34495,0,0.0,1 worm clean
/Users/benitaibrahim/Documents/PTUT/Minipatches_light_20260116/20221014T191245_SmallPatches_C3-CAM2,1,1,1,0,OK,6175,28451,0,0.0,1 worm clean
/Users/benitaibrahim/Documents/PTUT/Minipatches_light_20260116/20221110T193022_SmallPatches_C1-CAM8,1,1,1,0,OK,168,34462,0,0.0,1 worm clean
/Users/benitaibrahim/Documents/PTUT/Minipatches_light_20260116/20221121T121404_SmallPatches_C6-CAM4,1,1,1,0,OK,3659,30934,0,0.0,1 worm clean
/Users/benitaibrahim/Documents/PTUT/Minipatches_light_20260116/20221116T194402_SmallPatches_C4-CAM7,1,0,1,0,WEIRD,3348,29474,1844,0.05319333064097387,2+ worms
/Users/benitaibrahim/Documents/PTUT/Minipatches_light_20260116/20221013T114833_SmallPatches_C2-CAM3,1,1,1,0,OK,7579,25956,0,0.0,1 worm clean
/Users/benitaibrahim/Documents/PTUT/Minipatches_light_20260116/20221017T111428_SmallPatches_C1-CAM6,1,1,1,0,OK,2,34566,0,0.0,1 worm clean
/Users/benitaibrahim/Documents/PTUT/Minipatches_light_20260116/20221117T105419_SmallPatches_C6-CAM4,1,1,1,0,OK,2268,32420,0,0.0,1 worm clean
/Users/benitaibrahim/Documents/PTUT/Minipatches_light_20260116/20221011T192051_SmallPatches_C4-CAM1,1,1,1,0,OK,3317,31350,0,0.0,1 worm clean
/Users/benitaibrahim/Documents/PTUT/Minipatches_light_20260116/20221123T120820_SmallPatches_C6-CAM4,1,1,1,0,OK,0,34583,0,0.0,1 worm clean
/Users/benitaibrahim/Documents/PTUT/Minipatches_light_20260116/20221119T113711_SmallPatches_C1-CAM3,1,1,1,0,OK,3664,30867,0,0.0,1 worm clean
/Users/benitaibrahim/Documents/PTUT/Minipatches_light_20260116/20221117T104032_SmallPatches_C1-CAM1,1,1,1,0,OK,13396,16767,0,0.0,1 worm clean
/Users/benitaibrahim/Documents/PTUT/Minipatches_light_20260116/20221122T193937_SmallPatches_C4-CAM4,1,1,1,0,OK,19059,15561,0,0.0,1 worm clean
/Users/benitaibrahim/Documents/PTUT/Minipatches_light_20260116/20221120T191908_SmallPatches_C6-CAM4,1,1,1,0,OK,0,34613,0,0.0,1 worm clean
/Users/benitaibrahim/Documents/PTUT/Minipatches_light_20260116/20221125T143338_SmallPatches_C2-CAM7,1,1,1,0,OK,1648,33064,0,0.0,1 worm clean
/Users/benitaibrahim/Documents/PTUT/Minipatches_light_20260116/20221013T114833_SmallPatches_C2-CAM4,1,1,1,0,OK,188,33372,0,0.0,1 worm clean
/Users/benitaibrahim/Documents/PTUT/Minipatches_light_20260116/20221115T193605_SmallPatches_C2-CAM6,0,0,1,0,WEIRD,0,0,0,0.0,0 worms
/Users/benitaibrahim/Documents/PTUT/Minipatches_light_20260116/20221121T121404_SmallPatches_C6-CAM3,1,0,1,0,WEIRD,4726,23206,6716,0.19383514199953822,2+ worms
/Users/benitaibrahim/Documents/PTUT/Minipatches_light_20260116/20221120T190723_SmallPatches_C1-CAM8,1,1,1,0,OK,12307,22146,0,0.0,1 worm clean
/Users/benitaibrahim/Documents/PTUT/Minipatches_light_20260116/20221121T205835_SmallPatches_C4-CAM4,1,0,1,0,WEIRD,378,4520,29715,0.8584924739259816,2+ worms
/Users/benitaibrahim/Documents/PTUT/Minipatches_light_20260116/20221014T191245_SmallPatches_C3-CAM5,1,0,1,0,WEIRD,220,6606,27788,0.8027965563066967,2+ worms
/Users/benitaibrahim/Documents/PTUT/Minipatches_light_20260116/20221013T201234_SmallPatches_C1-CAM2,1,0,1,0,WEIRD,0,5748,28898,0.8340934018357098,2+ worms
/Users/benitaibrahim/Documents/PTUT/Minipatches_light_20260116/20221014T192717_SmallPatches_C5-CAM4,1,1,1,0,OK,16,34673,0,0.0,1 worm clean
/Users/benitaibrahim/Documents/PTUT/Minipatches_light_20260116/20221117T105407_SmallPatches_C4-CAM5,1,1,1,0,OK,18353,16291,0,0.0,1 worm clean
/Users/benitaibrahim/Documents/PTUT/Minipatches_light_20260116/20221110T193022_SmallPatches_C1-CAM6,1,1,1,0,OK,322,34314,0,0.0,1 worm clean
/Users/benitaibrahim/Documents/PTUT/Minipatches_light_20260116/20221115T194409_SmallPatches_C5-CAM3,1,1,1,0,OK,6198,28132,0,0.0,1 worm clean
/Users/benitaibrahim/Documents/PTUT/Minipatches_light_20260116/20221120T190723_SmallPatches_C1-CAM1,1,1,1,0,OK,23070,6441,0,0.0,1 worm clean
/Users/benitaibrahim/Documents/PTUT/Minipatches_light_20260116/20221016T113100_SmallPatches_C3-CAM3,1,1,1,0,OK,0,34567,0,0.0,1 worm clean
/Users/benitaibrahim/Documents/PTUT/Minipatches_light_20260116/20221011T192051_SmallPatches_C4-CAM8,1,1,1,0,OK,737,33923,0,0.0,1 worm clean
/Users/benitaibrahim/Documents/PTUT/Minipatches_light_20260116/20221110T111030_SmallPatches_C6-CAM5,1,1,1,0,OK,51,34614,0,0.0,1 worm clean
/Users/benitaibrahim/Documents/PTUT/Minipatches_light_20260116/20221123T120814_SmallPatches_C5-CAM5,0,0,1,1,NO WORM,0,0,0,0.0,0 worms
/Users/benitaibrahim/Documents/PTUT/Minipatches_light_20260116/20221117T104032_SmallPatches_C1-CAM8,0,0,1,1,NO WORM,0,0,0,0.0,0 worms
/Users/benitaibrahim/Documents/PTUT/Minipatches_light_20260116/20221017T203157_SmallPatches_C4-CAM7,1,1,1,0,OK,1581,33046,0,0.0,1 worm clean
/Users/benitaibrahim/Documents/PTUT/Minipatches_light_20260116/20221122T102319_SmallPatches_C1-CAM4,1,1,1,0,OK,636,33955,0,0.0,1 worm clean
/Users/benitaibrahim/Documents/PTUT/Minipatches_light_20260116/20221123T210621_SmallPatches_C1-CAM5,1,1,1,0,OK,1973,32606,0,0.0,1 worm clean
/Users/benitaibrahim/Documents/PTUT/Minipatches_light_20260116/20221015T195345_SmallPatches_C3-CAM2,1,1,1,0,OK,5426,29199,0,0.0,1 worm clean
/Users/benitaibrahim/Documents/PTUT/Minipatches_light_20260116/20221115T193605_SmallPatches_C2-CAM8,1,0,1,0,WEIRD,0,9925,24482,0.711541256139739,2+ worms
/Users/benitaibrahim/Documents/PTUT/Minipatches_light_20260116/20221116T194416_SmallPatches_C6-CAM7,1,1,1,0,OK,0,34650,0,0.0,1 worm clean
/Users/benitaibrahim/Documents/PTUT/Minipatches_light_20260116/20221115T194409_SmallPatches_C5-CAM4,1,1,1,0,OK,0,34685,0,0.0,1 worm clean
/Users/benitaibrahim/Documents/PTUT/Minipatches_light_20260116/20221120T190723_SmallPatches_C1-CAM6,1,1,1,0,OK,1889,32681,0,0.0,1 worm clean
/Users/benitaibrahim/Documents/PTUT/Minipatches_light_20260116/20221117T105407_SmallPatches_C4-CAM2,1,1,1,0,OK,676,33971,0,0.0,1 worm clean
/Users/benitaibrahim/Documents/PTUT/Minipatches_light_20260116/20221110T193022_SmallPatches_C1-CAM1,0,0,1,0,WEIRD,0,0,0,0.0,0 worms
/Users/benitaibrahim/Documents/PTUT/Minipatches_light_20260116/20221017T202208_SmallPatches_C2-CAM7,1,1,1,0,OK,4614,29822,0,0.0,1 worm clean
/Users/benitaibrahim/Documents/PTUT/Minipatches_light_20260116/20221013T201234_SmallPatches_C1-CAM5,1,1,1,0,OK,5779,28865,0,0.0,1 worm clean
/Users/benitaibrahim/Documents/PTUT/Minipatches_light_20260116/20221123T210621_SmallPatches_C1-CAM2,1,1,1,0,OK,2370,4860,0,0.0,1 worm clean
/Users/benitaibrahim/Documents/PTUT/Minipatches_light_20260116/20221122T102319_SmallPatches_C1-CAM3,1,1,1,0,OK,3687,30895,0,0.0,1 worm clean
/Users/benitaibrahim/Documents/PTUT/Minipatches_light_20260116/20221110T111030_SmallPatches_C6-CAM2,1,1,1,0,OK,3637,31025,0,0.0,1 worm clean
/Users/benitaibrahim/Documents/PTUT/Minipatches_light_20260116/20221014T101612_SmallPatches_C2-CAM2,1,1,1,0,OK,3754,30870,0,0.0,1 worm clean
/Users/benitaibrahim/Documents/PTUT/Minipatches_light_20260116/20221123T120814_SmallPatches_C5-CAM2,1,1,1,0,OK,0,34276,0,0.0,1 worm clean
/Users/benitaibrahim/Documents/PTUT/Minipatches_light_20260116/20221017T111428_SmallPatches_C1-CAM8,1,1,1,0,OK,0,34568,0,0.0,1 worm clean
/Users/benitaibrahim/Documents/PTUT/Minipatches_light_20260116/20221013T115434_SmallPatches_C5-CAM2,1,1,1,0,OK,1102,32017,0,0.0,1 worm clean
/Users/benitaibrahim/Documents/PTUT/Minipatches_light_20260116/20221126T114429_SmallPatches_C6-CAM4,1,1,1,0,OK,22283,12222,0,0.0,1 worm clean
/Users/benitaibrahim/Documents/PTUT/Minipatches_light_20260116/20221126T112734_SmallPatches_C1-CAM8,1,1,1,0,OK,0,34557,0,0.0,1 worm clean
/Users/benitaibrahim/Documents/PTUT/Minipatches_light_20260116/20221013T114809_SmallPatches_C3-CAM1,1,1,1,0,OK,0,32733,0,0.0,1 worm clean
/Users/benitaibrahim/Documents/PTUT/Minipatches_light_20260116/20221123T211451_SmallPatches_C5-CAM1,1,1,1,0,OK,10909,23736,0,0.0,1 worm clean
/Users/benitaibrahim/Documents/PTUT/Minipatches_light_20260116/20221013T115441_SmallPatches_C6-CAM4,1,1,1,0,OK,1442,31675,0,0.0,1 worm clean
/Users/benitaibrahim/Documents/PTUT/Minipatches_light_20260116/20221012T200743_SmallPatches_C2-CAM5,1,1,1,0,OK,3418,28466,0,0.0,1 worm clean
/Users/benitaibrahim/Documents/PTUT/Minipatches_light_20260116/20221016T113025_SmallPatches_C1-CAM6,1,0,1,0,WEIRD,553,33293,730,0.021112910689495605,1 worm with errors
/Users/benitaibrahim/Documents/PTUT/Minipatches_light_20260116/20221013T114809_SmallPatches_C3-CAM6,1,1,1,0,OK,4432,28289,0,0.0,1 worm clean
/Users/benitaibrahim/Documents/PTUT/Minipatches_light_20260116/20221119T201756_SmallPatches_C2-CAM2,1,1,1,0,OK,433,34137,0,0.0,1 worm clean
/Users/benitaibrahim/Documents/PTUT/Minipatches_light_20260116/20221123T115703_SmallPatches_C3-CAM3,1,1,1,0,OK,93,34520,0,0.0,1 worm clean
/Users/benitaibrahim/Documents/PTUT/Minipatches_light_20260116/20221117T104110_SmallPatches_C2-CAM6,1,1,1,0,OK,1644,33079,0,0.0,1 worm clean
/Users/benitaibrahim/Documents/PTUT/Minipatches_light_20260116/20221115T194401_SmallPatches_C4-CAM7,1,1,1,0,OK,2856,31831,0,0.0,1 worm clean
/Users/benitaibrahim/Documents/PTUT/Minipatches_light_20260116/20221013T115434_SmallPatches_C5-CAM5,0,0,1,1,NO WORM,0,0,0,0.0,0 worms
/Users/benitaibrahim/Documents/PTUT/Minipatches_light_20260116/20221126T114429_SmallPatches_C6-CAM3,1,1,1,0,OK,2786,31169,0,0.0,1 worm clean
/Users/benitaibrahim/Documents/PTUT/Minipatches_light_20260116/20221012T200743_SmallPatches_C2-CAM2,1,1,1,0,OK,0,34637,0,0.0,1 worm clean
/Users/benitaibrahim/Documents/PTUT/Minipatches_light_20260116/20221123T211451_SmallPatches_C5-CAM6,1,1,1,0,OK,2964,31675,0,0.0,1 worm clean
/Users/benitaibrahim/Documents/PTUT/Minipatches_light_20260116/20221013T115441_SmallPatches_C6-CAM3,1,1,1,0,OK,0,30989,0,0.0,1 worm clean
/Users/benitaibrahim/Documents/PTUT/Minipatches_light_20260116/20221014T191156_SmallPatches_C1-CAM7,1,1,1,0,OK,1424,33171,0,0.0,1 worm clean
/Users/benitaibrahim/Documents/PTUT/Minipatches_light_20260116/20221015T195406_SmallPatches_C2-CAM6,1,0,1,0,WEIRD,10789,23834,1,2.888170055452865e-05,1 worm with errors
/Users/benitaibrahim/Documents/PTUT/Minipatches_light_20260116/20221118T104750_SmallPatches_C6-CAM4,1,1,1,0,OK,3151,31236,0,0.0,1 worm clean
/Users/benitaibrahim/Documents/PTUT/Minipatches_light_20260116/20221016T201712_SmallPatches_C1-CAM7,1,1,1,0,OK,1979,32589,0,0.0,1 worm clean
/Users/benitaibrahim/Documents/PTUT/Minipatches_light_20260116/20221117T200322_SmallPatches_C4-CAM3,1,1,1,0,OK,5158,5870,0,0.0,1 worm clean
/Users/benitaibrahim/Documents/PTUT/Minipatches_light_20260116/20221125T143343_SmallPatches_C3-CAM2,0,0,1,1,NO WORM,0,0,0,0.0,0 worms
/Users/benitaibrahim/Documents/PTUT/Minipatches_light_20260116/20221125T144049_SmallPatches_C4-CAM3,1,1,1,0,OK,9377,25247,0,0.0,1 worm clean
/Users/benitaibrahim/Documents/PTUT/Minipatches_light_20260116/20221126T112823_SmallPatches_C2-CAM4,1,1,1,0,OK,1151,33402,0,0.0,1 worm clean
/Users/benitaibrahim/Documents/PTUT/Minipatches_light_20260116/20221126T112734_SmallPatches_C1-CAM6,0,0,1,0,WEIRD,0,0,0,0.0,0 worms
/Users/benitaibrahim/Documents/PTUT/Minipatches_light_20260116/20221012T203101_SmallPatches_C5-CAM1,1,1,1,0,OK,0,34662,0,0.0,1 worm clean
/Users/benitaibrahim/Documents/PTUT/Minipatches_light_20260116/20221013T200144_SmallPatches_C6-CAM2,1,1,1,0,OK,78,34569,0,0.0,1 worm clean
/Users/benitaibrahim/Documents/PTUT/Minipatches_light_20260116/20221125T144049_SmallPatches_C4-CAM4,1,1,1,0,OK,3503,31151,0,0.0,1 worm clean
/Users/benitaibrahim/Documents/PTUT/Minipatches_light_20260116/20221123T211451_SmallPatches_C5-CAM8,1,1,1,0,OK,554,34216,0,0.0,1 worm clean
/Users/benitaibrahim/Documents/PTUT/Minipatches_light_20260116/20221117T200322_SmallPatches_C4-CAM4,1,1,1,0,OK,0,34627,0,0.0,1 worm clean
/Users/benitaibrahim/Documents/PTUT/Minipatches_light_20260116/20221118T104750_SmallPatches_C6-CAM3,1,1,1,0,OK,3598,31054,0,0.0,1 worm clean
/Users/benitaibrahim/Documents/PTUT/Minipatches_light_20260116/20221016T113125_SmallPatches_C2-CAM2,1,1,1,0,OK,1103,33454,0,0.0,1 worm clean
/Users/benitaibrahim/Documents/PTUT/Minipatches_light_20260116/20221013T200144_SmallPatches_C6-CAM5,0,0,1,0,WEIRD,0,0,0,0.0,0 worms
/Users/benitaibrahim/Documents/PTUT/Minipatches_light_20260116/20221117T104110_SmallPatches_C2-CAM8,1,1,1,0,OK,10919,20745,0,0.0,1 worm clean
/Users/benitaibrahim/Documents/PTUT/Minipatches_light_20260116/20221116T102313_SmallPatches_C2-CAM6,1,1,1,0,OK,807,33868,0,0.0,1 worm clean
/Users/benitaibrahim/Documents/PTUT/Minipatches_light_20260116/20221016T113946_SmallPatches_C4-CAM7,0,0,1,1,NO WORM,0,0,0,0.0,0 worms
/Users/benitaibrahim/Documents/PTUT/Minipatches_light_20260116/20221126T112734_SmallPatches_C1-CAM1,1,1,1,0,OK,1661,115,0,0.0,1 worm clean
/Users/benitaibrahim/Documents/PTUT/Minipatches_light_20260116/20221016T113025_SmallPatches_C1-CAM8,0,0,1,0,WEIRD,0,0,0,0.0,0 worms
/Users/benitaibrahim/Documents/PTUT/Minipatches_light_20260116/20221013T114809_SmallPatches_C3-CAM8,1,1,1,0,OK,8930,23794,0,0.0,1 worm clean
/Users/benitaibrahim/Documents/PTUT/Minipatches_light_20260116/20221117T200335_SmallPatches_C6-CAM4,1,1,1,0,OK,2963,30997,0,0.0,1 worm clean
/Users/benitaibrahim/Documents/PTUT/Minipatches_light_20260116/20221014T103134_SmallPatches_C5-CAM7,1,1,1,0,OK,1328,33264,0,0.0,1 worm clean
/Users/benitaibrahim/Documents/PTUT/Minipatches_light_20260116/20221119T201720_SmallPatches_C1-CAM3,1,1,1,0,OK,7831,26721,0,0.0,1 worm clean
/Users/benitaibrahim/Documents/PTUT/Minipatches_light_20260116/20221014T103141_SmallPatches_C6-CAM1,0,0,1,0,WEIRD,0,0,0,0.0,0 worms
/Users/benitaibrahim/Documents/PTUT/Minipatches_light_20260116/20221117T105413_SmallPatches_C5-CAM2,1,1,1,0,OK,0,34675,0,0.0,1 worm clean
/Users/benitaibrahim/Documents/PTUT/Minipatches_light_20260116/20221122T102358_SmallPatches_C2-CAM4,1,1,1,0,OK,23217,11394,0,0.0,1 worm clean
/Users/benitaibrahim/Documents/PTUT/Minipatches_light_20260116/20221015T200700_SmallPatches_C5-CAM1,0,0,1,1,NO WORM,0,0,0,0.0,0 worms
/Users/benitaibrahim/Documents/PTUT/Minipatches_light_20260116/20221115T193611_SmallPatches_C3-CAM8,1,1,1,0,OK,0,34617,0,0.0,1 worm clean
/Users/benitaibrahim/Documents/PTUT/Minipatches_light_20260116/20221126T112832_SmallPatches_C3-CAM4,1,1,1,0,OK,1489,33102,0,0.0,1 worm clean
/Users/benitaibrahim/Documents/PTUT/Minipatches_light_20260116/20221015T200706_SmallPatches_C6-CAM6,0,0,1,0,WEIRD,0,0,0,0.0,0 worms
/Users/benitaibrahim/Documents/PTUT/Minipatches_light_20260116/20221012T131923_SmallPatches_C6-CAM6,1,1,1,0,OK,5456,20389,0,0.0,1 worm clean
/Users/benitaibrahim/Documents/PTUT/Minipatches_light_20260116/20221120T191902_SmallPatches_C5-CAM2,1,1,1,0,OK,1796,32845,0,0.0,1 worm clean
/Users/benitaibrahim/Documents/PTUT/Minipatches_light_20260116/20221119T201720_SmallPatches_C1-CAM4,1,1,1,0,OK,994,33557,0,0.0,1 worm clean
/Users/benitaibrahim/Documents/PTUT/Minipatches_light_20260116/20221116T102308_SmallPatches_C3-CAM7,1,1,1,0,OK,3118,31489,0,0.0,1 worm clean
/Users/benitaibrahim/Documents/PTUT/Minipatches_light_20260116/20221117T200335_SmallPatches_C6-CAM3,0,0,1,1,NO WORM,0,0,0,0.0,0 worms
/Users/benitaibrahim/Documents/PTUT/Minipatches_light_20260116/20221125T232132_SmallPatches_C2-CAM8,1,0,1,0,WEIRD,22057,12174,1,2.9212432811404535e-05,1 worm with errors
/Users/benitaibrahim/Documents/PTUT/Minipatches_light_20260116/20221012T131923_SmallPatches_C6-CAM1,1,1,1,0,OK,0,26566,0,0.0,1 worm clean
/Users/benitaibrahim/Documents/PTUT/Minipatches_light_20260116/20221120T191902_SmallPatches_C5-CAM5,1,1,1,0,OK,2707,31799,0,0.0,1 worm clean
/Users/benitaibrahim/Documents/PTUT/Minipatches_light_20260116/20221015T200706_SmallPatches_C6-CAM1,1,1,1,0,OK,2925,31298,0,0.0,1 worm clean
/Users/benitaibrahim/Documents/PTUT/Minipatches_light_20260116/20221116T103117_SmallPatches_C4-CAM8,0,0,1,0,WEIRD,0,0,0,0.0,0 worms
/Users/benitaibrahim/Documents/PTUT/Minipatches_light_20260116/20221016T201801_SmallPatches_C3-CAM7,1,0,1,0,WEIRD,0,87,34500,0.9974846040419811,2+ worms
/Users/benitaibrahim/Documents/PTUT/Minipatches_light_20260116/20221126T112832_SmallPatches_C3-CAM3,1,1,1,0,OK,15,34530,0,0.0,1 worm clean
/Users/benitaibrahim/Documents/PTUT/Minipatches_light_20260116/20221013T201332_SmallPatches_C2-CAM6,0,0,1,0,WEIRD,0,0,0,0.0,0 worms
/Users/benitaibrahim/Documents/PTUT/Minipatches_light_20260116/20221015T200700_SmallPatches_C5-CAM6,0,0,1,1,NO WORM,0,0,0,0.0,0 worms
/Users/benitaibrahim/Documents/PTUT/Minipatches_light_20260116/20221121T204620_SmallPatches_C3-CAM1,1,1,1,0,OK,4318,30252,0,0.0,1 worm clean
/Users/benitaibrahim/Documents/PTUT/Minipatches_light_20260116/20221117T105413_SmallPatches_C5-CAM5,0,0,1,1,NO WORM,0,0,0,0.0,0 worms
/Users/benitaibrahim/Documents/PTUT/Minipatches_light_20260116/20221014T103141_SmallPatches_C6-CAM6,1,0,1,0,WEIRD,8736,25877,1,2.8890044490668517e-05,1 worm with errors
/Users/benitaibrahim/Documents/PTUT/Minipatches_light_20260116/20221116T194409_SmallPatches_C5-CAM4,1,1,1,0,OK,7835,15602,0,0.0,1 worm clean
/Users/benitaibrahim/Documents/PTUT/Minipatches_light_20260116/20221015T200706_SmallPatches_C6-CAM8,1,1,1,0,OK,4679,29546,0,0.0,1 worm clean
/Users/benitaibrahim/Documents/PTUT/Minipatches_light_20260116/20221115T194416_SmallPatches_C6-CAM7,1,0,1,0,WEIRD,1590,28097,4580,0.1336562873902005,2+ worms
/Users/benitaibrahim/Documents/PTUT/Minipatches_light_20260116/20221116T103117_SmallPatches_C4-CAM1,1,1,1,0,OK,430,34278,0,0.0,1 worm clean
/Users/benitaibrahim/Documents/PTUT/Minipatches_light_20260116/20221012T131923_SmallPatches_C6-CAM8,1,1,1,0,OK,0,16401,0,0.0,1 worm clean
/Users/benitaibrahim/Documents/PTUT/Minipatches_light_20260116/20221125T143258_SmallPatches_C1-CAM7,1,1,1,0,OK,5518,29109,0,0.0,1 worm clean
/Users/benitaibrahim/Documents/PTUT/Minipatches_light_20260116/20221014T191303_SmallPatches_C2-CAM3,1,1,1,0,OK,0,34572,0,0.0,1 worm clean
/Users/benitaibrahim/Documents/PTUT/Minipatches_light_20260116/20221013T200138_SmallPatches_C5-CAM5,1,1,1,0,OK,0,34634,0,0.0,1 worm clean
/Users/benitaibrahim/Documents/PTUT/Minipatches_light_20260116/20221012T200721_SmallPatches_C3-CAM4,1,1,1,0,OK,122,34501,0,0.0,1 worm clean
/Users/benitaibrahim/Documents/PTUT/Minipatches_light_20260116/20221115T193611_SmallPatches_C3-CAM6,1,1,1,0,OK,12611,22013,0,0.0,1 worm clean
/Users/benitaibrahim/Documents/PTUT/Minipatches_light_20260116/20221017T203313_SmallPatches_C5-CAM4,1,1,1,0,OK,7432,27267,0,0.0,1 worm clean
/Users/benitaibrahim/Documents/PTUT/Minipatches_light_20260116/20221013T200026_SmallPatches_C4-CAM7,0,0,1,0,WEIRD,0,0,0,0.0,0 worms
/Users/benitaibrahim/Documents/PTUT/Minipatches_light_20260116/20221014T103141_SmallPatches_C6-CAM8,1,1,1,0,OK,6107,27968,0,0.0,1 worm clean
/Users/benitaibrahim/Documents/PTUT/Minipatches_light_20260116/20221012T200721_SmallPatches_C3-CAM3,1,1,1,0,OK,193,34432,0,0.0,1 worm clean
/Users/benitaibrahim/Documents/PTUT/Minipatches_light_20260116/20221013T201332_SmallPatches_C2-CAM8,1,1,1,0,OK,784,32895,0,0.0,1 worm clean
/Users/benitaibrahim/Documents/PTUT/Minipatches_light_20260116/20221015T200700_SmallPatches_C5-CAM8,0,0,1,1,NO WORM,0,0,0,0.0,0 worms
/Users/benitaibrahim/Documents/PTUT/Minipatches_light_20260116/20221115T193611_SmallPatches_C3-CAM1,1,1,1,0,OK,4891,29731,0,0.0,1 worm clean
/Users/benitaibrahim/Documents/PTUT/Minipatches_light_20260116/20221013T200138_SmallPatches_C5-CAM2,1,0,1,0,WEIRD,0,1836,32822,0.9470252178429223,2+ worms
/Users/benitaibrahim/Documents/PTUT/Minipatches_light_20260116/20221014T191303_SmallPatches_C2-CAM4,1,1,1,0,OK,3814,30746,0,0.0,1 worm clean
/Users/benitaibrahim/Documents/PTUT/Minipatches_light_20260116/20221116T194409_SmallPatches_C5-CAM3,1,1,1,0,OK,0,34636,0,0.0,1 worm clean
/Users/benitaibrahim/Documents/PTUT/Minipatches_light_20260116/20221116T103117_SmallPatches_C4-CAM6,1,0,1,0,WEIRD,1551,33137,3,8.647776080251362e-05,1 worm with errors
/Users/benitaibrahim/Documents/PTUT/Minipatches_light_20260116/20221122T192239_SmallPatches_C3-CAM2,1,1,1,0,OK,2855,31343,0,0.0,1 worm clean
/Users/benitaibrahim/Documents/PTUT/Minipatches_light_20260116/20221125T232132_SmallPatches_C2-CAM6,1,1,1,0,OK,0,34492,0,0.0,1 worm clean
/Users/benitaibrahim/Documents/PTUT/Minipatches_light_20260116/20221119T113745_SmallPatches_C2-CAM6,1,1,1,0,OK,2949,31530,0,0.0,1 worm clean
/Users/benitaibrahim/Documents/PTUT/Minipatches_light_20260116/20221122T193945_SmallPatches_C5-CAM7,1,1,1,0,OK,3228,31392,0,0.0,1 worm clean
/Users/benitaibrahim/Documents/PTUT/Minipatches_light_20260116/20221110T105445_SmallPatches_C1-CAM3,1,1,1,0,OK,401,34074,0,0.0,1 worm clean
/Users/benitaibrahim/Documents/PTUT/Minipatches_light_20260116/20221014T101555_SmallPatches_C3-CAM2,1,1,1,0,OK,542,34099,0,0.0,1 worm clean
/Users/benitaibrahim/Documents/PTUT/Minipatches_light_20260116/20221125T232044_SmallPatches_C1-CAM3,1,1,1,0,OK,2169,32389,0,0.0,1 worm clean
/Users/benitaibrahim/Documents/PTUT/Minipatches_light_20260116/20221116T103106_SmallPatches_C6-CAM1,1,1,1,0,OK,10929,21211,0,0.0,1 worm clean
/Users/benitaibrahim/Documents/PTUT/Minipatches_light_20260116/20221115T113223_SmallPatches_C6-CAM5,1,1,1,0,OK,1387,32870,0,0.0,1 worm clean
/Users/benitaibrahim/Documents/PTUT/Minipatches_light_20260116/20221120T190805_SmallPatches_C2-CAM2,1,1,1,0,OK,2456,32147,0,0.0,1 worm clean
/Users/benitaibrahim/Documents/PTUT/Minipatches_light_20260116/20221125T233330_SmallPatches_C4-CAM8,1,1,1,0,OK,4943,29671,0,0.0,1 worm clean
/Users/benitaibrahim/Documents/PTUT/Minipatches_light_20260116/20221122T192231_SmallPatches_C2-CAM6,1,1,1,0,OK,2435,31880,0,0.0,1 worm clean
/Users/benitaibrahim/Documents/PTUT/Minipatches_light_20260116/20221123T211445_SmallPatches_C4-CAM8,1,1,1,0,OK,4432,30214,0,0.0,1 worm clean
/Users/benitaibrahim/Documents/PTUT/Minipatches_light_20260116/20221110T193059_SmallPatches_C3-CAM4,1,1,1,0,OK,5482,29172,0,0.0,1 worm clean
/Users/benitaibrahim/Documents/PTUT/Minipatches_light_20260116/20221126T205101_SmallPatches_C4-CAM1,1,1,1,0,OK,4379,29342,0,0.0,1 worm clean
/Users/benitaibrahim/Documents/PTUT/Minipatches_light_20260116/20221017T202150_SmallPatches_C3-CAM3,1,0,1,0,WEIRD,0,240,34393,0.9930701931683654,2+ worms
/Users/benitaibrahim/Documents/PTUT/Minipatches_light_20260116/20221011T192159_SmallPatches_C5-CAM1,1,1,1,0,OK,1071,33610,0,0.0,1 worm clean
/Users/benitaibrahim/Documents/PTUT/Minipatches_light_20260116/20221117T104123_SmallPatches_C3-CAM2,1,1,1,0,OK,775,33828,0,0.0,1 worm clean
/Users/benitaibrahim/Documents/PTUT/Minipatches_light_20260116/20221126T114423_SmallPatches_C5-CAM5,1,1,1,0,OK,3915,30185,0,0.0,1 worm clean
/Users/benitaibrahim/Documents/PTUT/Minipatches_light_20260116/20221115T113223_SmallPatches_C6-CAM2,1,1,1,0,OK,0,34622,0,0.0,1 worm clean
/Users/benitaibrahim/Documents/PTUT/Minipatches_light_20260116/20221116T103106_SmallPatches_C6-CAM6,1,1,1,0,OK,0,34665,0,0.0,1 worm clean
/Users/benitaibrahim/Documents/PTUT/Minipatches_light_20260116/20221110T105445_SmallPatches_C1-CAM4,1,1,1,0,OK,6531,28121,0,0.0,1 worm clean
/Users/benitaibrahim/Documents/PTUT/Minipatches_light_20260116/20221125T232044_SmallPatches_C1-CAM4,1,0,1,0,WEIRD,4085,15633,14831,0.4292743639468581,2+ worms
/Users/benitaibrahim/Documents/PTUT/Minipatches_light_20260116/20221126T114423_SmallPatches_C5-CAM2,0,0,1,1,NO WORM,0,0,0,0.0,0 worms
/Users/benitaibrahim/Documents/PTUT/Minipatches_light_20260116/20221017T202150_SmallPatches_C3-CAM4,1,0,1,0,WEIRD,0,2829,31824,0.918362046576054,2+ worms
/Users/benitaibrahim/Documents/PTUT/Minipatches_light_20260116/20221110T193059_SmallPatches_C3-CAM3,1,1,1,0,OK,28,34614,0,0.0,1 worm clean
/Users/benitaibrahim/Documents/PTUT/Minipatches_light_20260116/20221126T205101_SmallPatches_C4-CAM6,0,0,1,1,NO WORM,0,0,0,0.0,0 worms
/Users/benitaibrahim/Documents/PTUT/Minipatches_light_20260116/20221110T194534_SmallPatches_C5-CAM8,1,1,1,0,OK,1112,33559,0,0.0,1 worm clean
/Users/benitaibrahim/Documents/PTUT/Minipatches_light_20260116/20221011T111213_SmallPatches_C1-CAM5,1,0,1,0,WEIRD,0,47,33103,0.9985822021116139,2+ worms
/Users/benitaibrahim/Documents/PTUT/Minipatches_light_20260116/20221116T102254_SmallPatches_C1-CAM2,1,1,1,0,OK,10568,23993,0,0.0,1 worm clean
/Users/benitaibrahim/Documents/PTUT/Minipatches_light_20260116/20221126T203601_SmallPatches_C3-CAM3,1,1,1,0,OK,5827,28657,0,0.0,1 worm clean
/Users/benitaibrahim/Documents/PTUT/Minipatches_light_20260116/20221011T191711_SmallPatches_C2-CAM4,1,1,1,0,OK,112,34573,0,0.0,1 worm clean
/Users/benitaibrahim/Documents/PTUT/Minipatches_light_20260116/20221110T194534_SmallPatches_C5-CAM1,1,1,1,0,OK,6478,28173,0,0.0,1 worm clean
/Users/benitaibrahim/Documents/PTUT/Minipatches_light_20260116/20221123T211445_SmallPatches_C4-CAM6,1,1,1,0,OK,26311,7837,0,0.0,1 worm clean
/Users/benitaibrahim/Documents/PTUT/Minipatches_light_20260116/20221125T233330_SmallPatches_C4-CAM6,1,0,1,0,WEIRD,2828,4453,27327,0.7896151178918169,2+ worms
/Users/benitaibrahim/Documents/PTUT/Minipatches_light_20260116/20221122T102404_SmallPatches_C3-CAM4,1,0,1,0,WEIRD,0,0,34607,1.0,2+ worms
/Users/benitaibrahim/Documents/PTUT/Minipatches_light_20260116/20221115T113217_SmallPatches_C5-CAM3,1,1,1,0,OK,124,34467,0,0.0,1 worm clean
/Users/benitaibrahim/Documents/PTUT/Minipatches_light_20260116/20221015T195306_SmallPatches_C1-CAM7,0,0,1,0,WEIRD,0,0,0,0.0,0 worms
/Users/benitaibrahim/Documents/PTUT/Minipatches_light_20260116/20221012T130040_SmallPatches_C2-CAM3,1,1,1,0,OK,2577,25007,0,0.0,1 worm clean
/Users/benitaibrahim/Documents/PTUT/Minipatches_light_20260116/20221012T131806_SmallPatches_C4-CAM4,1,1,1,0,OK,0,5890,0,0.0,1 worm clean
/Users/benitaibrahim/Documents/PTUT/Minipatches_light_20260116/20221125T233330_SmallPatches_C4-CAM1,1,1,1,0,OK,591,34013,0,0.0,1 worm clean
/Users/benitaibrahim/Documents/PTUT/Minipatches_light_20260116/20221122T102404_SmallPatches_C3-CAM3,1,1,1,0,OK,6038,28504,0,0.0,1 worm clean
/Users/benitaibrahim/Documents/PTUT/Minipatches_light_20260116/20221126T205101_SmallPatches_C4-CAM8,1,1,1,0,OK,0,34583,0,0.0,1 worm clean
/Users/benitaibrahim/Documents/PTUT/Minipatches_light_20260116/20221117T195638_SmallPatches_C3-CAM2,1,1,1,0,OK,8431,26166,0,0.0,1 worm clean
/Users/benitaibrahim/Documents/PTUT/Minipatches_light_20260116/20221110T194534_SmallPatches_C5-CAM6,1,1,1,0,OK,2290,32376,0,0.0,1 worm clean
/Users/benitaibrahim/Documents/PTUT/Minipatches_light_20260116/20221011T191711_SmallPatches_C2-CAM3,0,0,1,1,NO WORM,0,0,0,0.0,0 worms
/Users/benitaibrahim/Documents/PTUT/Minipatches_light_20260116/20221116T102254_SmallPatches_C1-CAM5,1,1,1,0,OK,2739,31946,0,0.0,1 worm clean
/Users/benitaibrahim/Documents/PTUT/Minipatches_light_20260116/20221126T203601_SmallPatches_C3-CAM4,1,1,1,0,OK,4845,29693,0,0.0,1 worm clean
/Users/benitaibrahim/Documents/PTUT/Minipatches_light_20260116/20221011T192159_SmallPatches_C5-CAM8,1,0,1,0,WEIRD,0,7217,27448,0.7918072984278091,2+ worms
/Users/benitaibrahim/Documents/PTUT/Minipatches_light_20260116/20221011T111213_SmallPatches_C1-CAM2,1,1,1,0,OK,0,33139,0,0.0,1 worm clean
/Users/benitaibrahim/Documents/PTUT/Minipatches_light_20260116/20221012T131806_SmallPatches_C4-CAM3,1,1,1,0,OK,341,26099,0,0.0,1 worm clean
/Users/benitaibrahim/Documents/PTUT/Minipatches_light_20260116/20221116T103106_SmallPatches_C6-CAM8,1,1,1,0,OK,547,34114,0,0.0,1 worm clean
/Users/benitaibrahim/Documents/PTUT/Minipatches_light_20260116/20221011T112304_SmallPatches_C4-CAM7,1,1,1,0,OK,0,32351,0,0.0,1 worm clean
/Users/benitaibrahim/Documents/PTUT/Minipatches_light_20260116/20221012T130040_SmallPatches_C2-CAM4,1,1,1,0,OK,423,27253,0,0.0,1 worm clean
/Users/benitaibrahim/Documents/PTUT/Minipatches_light_20260116/20221115T113217_SmallPatches_C5-CAM4,1,1,1,0,OK,5386,29299,0,0.0,1 worm clean
/Users/benitaibrahim/Documents/PTUT/Minipatches_light_20260116/20221117T195557_SmallPatches_C1-CAM7,1,1,1,0,OK,6256,6718,0,0.0,1 worm clean
/Users/benitaibrahim/Documents/PTUT/Minipatches_light_20260116/20221125T143258_SmallPatches_C1-CAM1,1,1,1,0,OK,12450,9595,0,0.0,1 worm clean
/Users/benitaibrahim/Documents/PTUT/Minipatches_light_20260116/20221016T201801_SmallPatches_C3-CAM8,1,1,1,0,OK,6225,28348,0,0.0,1 worm clean
/Users/benitaibrahim/Documents/PTUT/Minipatches_light_20260116/20221115T194416_SmallPatches_C6-CAM1,1,1,1,0,OK,7537,26803,0,0.0,1 worm clean
/Users/benitaibrahim/Documents/PTUT/Minipatches_light_20260116/20221116T194409_SmallPatches_C5-CAM2,1,1,1,0,OK,4164,30443,0,0.0,1 worm clean
/Users/benitaibrahim/Documents/PTUT/Minipatches_light_20260116/20221116T103117_SmallPatches_C4-CAM7,1,1,1,0,OK,6201,28488,0,0.0,1 worm clean
/Users/benitaibrahim/Documents/PTUT/Minipatches_light_20260116/20221017T203313_SmallPatches_C5-CAM2,1,0,1,0,WEIRD,1211,33464,2,5.767511607117109e-05,1 worm with errors
/Users/benitaibrahim/Documents/PTUT/Minipatches_light_20260116/20221013T200138_SmallPatches_C5-CAM3,1,1,1,0,OK,2178,32462,0,0.0,1 worm clean
/Users/benitaibrahim/Documents/PTUT/Minipatches_light_20260116/20221012T200721_SmallPatches_C3-CAM2,1,1,1,0,OK,350,34273,0,0.0,1 worm clean
/Users/benitaibrahim/Documents/PTUT/Minipatches_light_20260116/20221116T102308_SmallPatches_C3-CAM8,1,1,1,0,OK,1502,33124,0,0.0,1 worm clean
/Users/benitaibrahim/Documents/PTUT/Minipatches_light_20260116/20221122T193945_SmallPatches_C5-CAM6,1,1,1,0,OK,10860,23856,0,0.0,1 worm clean
/Users/benitaibrahim/Documents/PTUT/Minipatches_light_20260116/20221125T232132_SmallPatches_C2-CAM7,1,1,1,0,OK,1336,23672,0,0.0,1 worm clean
/Users/benitaibrahim/Documents/PTUT/Minipatches_light_20260116/20221122T192239_SmallPatches_C3-CAM3,1,0,1,0,WEIRD,6077,9667,18468,0.5398105927744651,2+ worms
/Users/benitaibrahim/Documents/PTUT/Minipatches_light_20260116/20221013T200026_SmallPatches_C4-CAM1,1,1,1,0,OK,5808,28823,0,0.0,1 worm clean
/Users/benitaibrahim/Documents/PTUT/Minipatches_light_20260116/20221119T113745_SmallPatches_C2-CAM7,1,1,1,0,OK,4528,30098,0,0.0,1 worm clean
/Users/benitaibrahim/Documents/PTUT/Minipatches_light_20260116/20221012T200721_SmallPatches_C3-CAM5,0,0,1,1,NO WORM,0,0,0,0.0,0 worms
/Users/benitaibrahim/Documents/PTUT/Minipatches_light_20260116/20221115T193611_SmallPatches_C3-CAM7,0,0,1,0,WEIRD,0,0,0,0.0,0 worms
/Users/benitaibrahim/Documents/PTUT/Minipatches_light_20260116/20221013T200138_SmallPatches_C5-CAM4,1,1,1,0,OK,9259,25403,0,0.0,1 worm clean
/Users/benitaibrahim/Documents/PTUT/Minipatches_light_20260116/20221118T103541_SmallPatches_C3-CAM1,1,1,1,0,OK,0,34577,0,0.0,1 worm clean
/Users/benitaibrahim/Documents/PTUT/Minipatches_light_20260116/20221017T203313_SmallPatches_C5-CAM5,1,1,1,0,OK,4893,29732,0,0.0,1 worm clean
/Users/benitaibrahim/Documents/PTUT/Minipatches_light_20260116/20221116T194409_SmallPatches_C5-CAM5,1,1,1,0,OK,418,34218,0,0.0,1 worm clean
/Users/benitaibrahim/Documents/PTUT/Minipatches_light_20260116/20221125T143258_SmallPatches_C1-CAM6,0,0,1,1,NO WORM,0,0,0,0.0,0 worms
/Users/benitaibrahim/Documents/PTUT/Minipatches_light_20260116/20221014T191303_SmallPatches_C2-CAM2,1,1,1,0,OK,7039,27548,0,0.0,1 worm clean
/Users/benitaibrahim/Documents/PTUT/Minipatches_light_20260116/20221014T103134_SmallPatches_C5-CAM8,1,1,1,0,OK,0,34611,0,0.0,1 worm clean
/Users/benitaibrahim/Documents/PTUT/Minipatches_light_20260116/20221013T200026_SmallPatches_C4-CAM6,1,1,1,0,OK,215,34444,0,0.0,1 worm clean
/Users/benitaibrahim/Documents/PTUT/Minipatches_light_20260116/20221122T192239_SmallPatches_C3-CAM4,1,1,1,0,OK,0,34211,0,0.0,1 worm clean
/Users/benitaibrahim/Documents/PTUT/Minipatches_light_20260116/20221122T193945_SmallPatches_C5-CAM1,0,0,1,1,NO WORM,0,0,0,0.0,0 worms
/Users/benitaibrahim/Documents/PTUT/Minipatches_light_20260116/20221014T103134_SmallPatches_C5-CAM1,1,1,1,0,OK,2841,31674,0,0.0,1 worm clean
/Users/benitaibrahim/Documents/PTUT/Minipatches_light_20260116/20221117T200335_SmallPatches_C6-CAM2,0,0,1,1,NO WORM,0,0,0,0.0,0 worms
/Users/benitaibrahim/Documents/PTUT/Minipatches_light_20260116/20221122T193945_SmallPatches_C5-CAM8,1,1,1,0,OK,4517,30214,0,0.0,1 worm clean
/Users/benitaibrahim/Documents/PTUT/Minipatches_light_20260116/20221119T201720_SmallPatches_C1-CAM5,1,1,1,0,OK,12334,21678,0,0.0,1 worm clean
/Users/benitaibrahim/Documents/PTUT/Minipatches_light_20260116/20221116T102308_SmallPatches_C3-CAM6,1,1,1,0,OK,13,34676,0,0.0,1 worm clean
/Users/benitaibrahim/Documents/PTUT/Minipatches_light_20260116/20221123T210707_SmallPatches_C3-CAM1,1,1,1,0,OK,11375,23020,0,0.0,1 worm clean
/Users/benitaibrahim/Documents/PTUT/Minipatches_light_20260116/20221117T105413_SmallPatches_C5-CAM4,1,0,1,0,WEIRD,0,0,34703,1.0,2+ worms
/Users/benitaibrahim/Documents/PTUT/Minipatches_light_20260116/20221013T201332_SmallPatches_C2-CAM7,1,1,1,0,OK,0,34670,0,0.0,1 worm clean
/Users/benitaibrahim/Documents/PTUT/Minipatches_light_20260116/20221122T102358_SmallPatches_C2-CAM2,1,1,1,0,OK,0,34682,0,0.0,1 worm clean
/Users/benitaibrahim/Documents/PTUT/Minipatches_light_20260116/20221015T200700_SmallPatches_C5-CAM7,0,0,1,1,NO WORM,0,0,0,0.0,0 worms
/Users/benitaibrahim/Documents/PTUT/Minipatches_light_20260116/20221014T103141_SmallPatches_C6-CAM7,1,1,1,0,OK,5219,23049,0,0.0,1 worm clean
/Users/benitaibrahim/Documents/PTUT/Minipatches_light_20260116/20221126T112832_SmallPatches_C3-CAM2,0,0,1,1,NO WORM,0,0,0,0.0,0 worms
/Users/benitaibrahim/Documents/PTUT/Minipatches_light_20260116/20221016T201801_SmallPatches_C3-CAM6,1,1,1,0,OK,2062,32431,0,0.0,1 worm clean
/Users/benitaibrahim/Documents/PTUT/Minipatches_light_20260116/20221119T201720_SmallPatches_C1-CAM2,1,1,1,0,OK,52,34521,0,0.0,1 worm clean
/Users/benitaibrahim/Documents/PTUT/Minipatches_light_20260116/20221110T110848_SmallPatches_C4-CAM1,1,1,1,0,OK,0,34692,0,0.0,1 worm clean
/Users/benitaibrahim/Documents/PTUT/Minipatches_light_20260116/20221116T102308_SmallPatches_C3-CAM1,1,0,1,0,WEIRD,0,4259,30402,0.8771241452929806,2+ worms
/Users/benitaibrahim/Documents/PTUT/Minipatches_light_20260116/20221117T200335_SmallPatches_C6-CAM5,0,0,1,1,NO WORM,0,0,0,0.0,0 worms
/Users/benitaibrahim/Documents/PTUT/Minipatches_light_20260116/20221013T200026_SmallPatches_C4-CAM8,0,0,1,1,NO WORM,0,0,0,0.0,0 worms
/Users/benitaibrahim/Documents/PTUT/Minipatches_light_20260116/20221014T103134_SmallPatches_C5-CAM6,1,1,1,0,OK,4718,29952,0,0.0,1 worm clean
/Users/benitaibrahim/Documents/PTUT/Minipatches_light_20260116/20221016T201801_SmallPatches_C3-CAM1,0,0,1,0,WEIRD,0,0,0,0.0,0 worms
/Users/benitaibrahim/Documents/PTUT/Minipatches_light_20260116/20221126T112832_SmallPatches_C3-CAM5,1,1,1,0,OK,22629,11696,0,0.0,1 worm clean
/Users/benitaibrahim/Documents/PTUT/Minipatches_light_20260116/20221125T143258_SmallPatches_C1-CAM8,1,1,1,0,OK,5211,29403,0,0.0,1 worm clean
/Users/benitaibrahim/Documents/PTUT/Minipatches_light_20260116/20221012T131923_SmallPatches_C6-CAM7,1,0,1,0,WEIRD,373,25499,717,0.026966038587385763,1 worm with errors
/Users/benitaibrahim/Documents/PTUT/Minipatches_light_20260116/20221120T191902_SmallPatches_C5-CAM3,1,1,1,0,OK,5993,28295,0,0.0,1 worm clean
/Users/benitaibrahim/Documents/PTUT/Minipatches_light_20260116/20221115T194416_SmallPatches_C6-CAM8,1,1,1,0,OK,241,34108,0,0.0,1 worm clean
/Users/benitaibrahim/Documents/PTUT/Minipatches_light_20260116/20221117T105413_SmallPatches_C5-CAM3,0,0,1,1,NO WORM,0,0,0,0.0,0 worms
/Users/benitaibrahim/Documents/PTUT/Minipatches_light_20260116/20221116T102254_SmallPatches_C1-CAM4,1,1,1,0,OK,0,34561,0,0.0,1 worm clean
/Users/benitaibrahim/Documents/PTUT/Minipatches_light_20260116/20221126T203601_SmallPatches_C3-CAM5,1,1,1,0,OK,19015,15547,0,0.0,1 worm clean
/Users/benitaibrahim/Documents/PTUT/Minipatches_light_20260116/20221011T191711_SmallPatches_C2-CAM2,1,1,1,0,OK,421,34232,0,0.0,1 worm clean
/Users/benitaibrahim/Documents/PTUT/Minipatches_light_20260116/20221011T111213_SmallPatches_C1-CAM3,1,1,1,0,OK,233,32908,0,0.0,1 worm clean
/Users/benitaibrahim/Documents/PTUT/Minipatches_light_20260116/20221122T102404_SmallPatches_C3-CAM2,1,1,1,0,OK,17914,10107,0,0.0,1 worm clean
/Users/benitaibrahim/Documents/PTUT/Minipatches_light_20260116/20221110T194534_SmallPatches_C5-CAM7,1,1,1,0,OK,880,33774,0,0.0,1 worm clean
/Users/benitaibrahim/Documents/PTUT/Minipatches_light_20260116/20221117T195638_SmallPatches_C3-CAM3,1,1,1,0,OK,1653,32937,0,0.0,1 worm clean
/Users/benitaibrahim/Documents/PTUT/Minipatches_light_20260116/20221115T113217_SmallPatches_C5-CAM5,1,0,1,0,WEIRD,14262,10943,9413,0.27191056675717834,2+ worms
/Users/benitaibrahim/Documents/PTUT/Minipatches_light_20260116/20221117T195557_SmallPatches_C1-CAM6,1,1,1,0,OK,5959,28615,0,0.0,1 worm clean
/Users/benitaibrahim/Documents/PTUT/Minipatches_light_20260116/20221012T131806_SmallPatches_C4-CAM2,0,0,1,1,NO WORM,0,0,0,0.0,0 worms
/Users/benitaibrahim/Documents/PTUT/Minipatches_light_20260116/20221015T195306_SmallPatches_C1-CAM1,1,1,1,0,OK,0,34625,0,0.0,1 worm clean
/Users/benitaibrahim/Documents/PTUT/Minipatches_light_20260116/20221117T195638_SmallPatches_C3-CAM4,1,1,1,0,OK,70,34524,0,0.0,1 worm clean
/Users/benitaibrahim/Documents/PTUT/Minipatches_light_20260116/20221123T211445_SmallPatches_C4-CAM7,1,1,1,0,OK,5356,29323,0,0.0,1 worm clean
/Users/benitaibrahim/Documents/PTUT/Minipatches_light_20260116/20221125T233330_SmallPatches_C4-CAM7,1,0,1,0,WEIRD,4246,13580,443,0.024248727352345505,1 worm with errors
/Users/benitaibrahim/Documents/PTUT/Minipatches_light_20260116/20221011T111213_SmallPatches_C1-CAM4,0,0,1,0,WEIRD,0,0,0,0.0,0 worms
/Users/benitaibrahim/Documents/PTUT/Minipatches_light_20260116/20221116T102254_SmallPatches_C1-CAM3,1,1,1,0,OK,6325,28233,0,0.0,1 worm clean
/Users/benitaibrahim/Documents/PTUT/Minipatches_light_20260116/20221126T203601_SmallPatches_C3-CAM2,1,1,1,0,OK,2951,31615,0,0.0,1 worm clean
/Users/benitaibrahim/Documents/PTUT/Minipatches_light_20260116/20221015T195306_SmallPatches_C1-CAM6,1,0,1,0,WEIRD,0,32346,2277,0.06576553158305173,2+ worms
/Users/benitaibrahim/Documents/PTUT/Minipatches_light_20260116/20221012T131806_SmallPatches_C4-CAM5,0,0,1,1,NO WORM,0,0,0,0.0,0 worms
/Users/benitaibrahim/Documents/PTUT/Minipatches_light_20260116/20221011T112304_SmallPatches_C4-CAM1,0,0,1,0,WEIRD,0,0,0,0.0,0 worms
/Users/benitaibrahim/Documents/PTUT/Minipatches_light_20260116/20221012T130040_SmallPatches_C2-CAM2,1,1,1,0,OK,7230,20451,0,0.0,1 worm clean
/Users/benitaibrahim/Documents/PTUT/Minipatches_light_20260116/20221117T195557_SmallPatches_C1-CAM1,1,1,1,0,OK,8164,23801,0,0.0,1 worm clean
/Users/benitaibrahim/Documents/PTUT/Minipatches_light_20260116/20221115T113217_SmallPatches_C5-CAM2,1,1,1,0,OK,4336,18157,0,0.0,1 worm clean
/Users/benitaibrahim/Documents/PTUT/Minipatches_light_20260116/20221115T113223_SmallPatches_C6-CAM3,1,1,1,0,OK,4620,29773,0,0.0,1 worm clean
/Users/benitaibrahim/Documents/PTUT/Minipatches_light_20260116/20221120T190805_SmallPatches_C2-CAM4,1,1,1,0,OK,448,34186,0,0.0,1 worm clean
/Users/benitaibrahim/Documents/PTUT/Minipatches_light_20260116/20221011T112304_SmallPatches_C4-CAM8,1,1,1,0,OK,7765,24502,0,0.0,1 worm clean
/Users/benitaibrahim/Documents/PTUT/Minipatches_light_20260116/20221110T105445_SmallPatches_C1-CAM5,1,1,1,0,OK,259,34382,0,0.0,1 worm clean
/Users/benitaibrahim/Documents/PTUT/Minipatches_light_20260116/20221014T101555_SmallPatches_C3-CAM4,1,1,1,0,OK,0,34645,0,0.0,1 worm clean
/Users/benitaibrahim/Documents/PTUT/Minipatches_light_20260116/20221125T232044_SmallPatches_C1-CAM5,1,1,1,0,OK,788,33766,0,0.0,1 worm clean
/Users/benitaibrahim/Documents/PTUT/Minipatches_light_20260116/20221116T103106_SmallPatches_C6-CAM7,0,0,1,0,WEIRD,0,0,0,0.0,0 worms
/Users/benitaibrahim/Documents/PTUT/Minipatches_light_20260116/20221117T195557_SmallPatches_C1-CAM8,1,1,1,0,OK,1786,32792,0,0.0,1 worm clean
/Users/benitaibrahim/Documents/PTUT/Minipatches_light_20260116/20221110T193059_SmallPatches_C3-CAM2,1,1,1,0,OK,15023,19619,0,0.0,1 worm clean
/Users/benitaibrahim/Documents/PTUT/Minipatches_light_20260116/20221126T205101_SmallPatches_C4-CAM7,1,1,1,0,OK,5176,29386,0,0.0,1 worm clean
/Users/benitaibrahim/Documents/PTUT/Minipatches_light_20260116/20221126T114423_SmallPatches_C5-CAM3,1,1,1,0,OK,6498,15733,0,0.0,1 worm clean
/Users/benitaibrahim/Documents/PTUT/Minipatches_light_20260116/20221017T202150_SmallPatches_C3-CAM5,1,1,1,0,OK,0,34601,0,0.0,1 worm clean
/Users/benitaibrahim/Documents/PTUT/Minipatches_light_20260116/20221011T192159_SmallPatches_C5-CAM7,1,1,1,0,OK,523,33751,0,0.0,1 worm clean
/Users/benitaibrahim/Documents/PTUT/Minipatches_light_20260116/20221117T104123_SmallPatches_C3-CAM4,1,1,1,0,OK,5230,29378,0,0.0,1 worm clean
/Users/benitaibrahim/Documents/PTUT/Minipatches_light_20260116/20221014T101555_SmallPatches_C3-CAM3,0,0,1,0,WEIRD,0,0,0,0.0,0 worms
/Users/benitaibrahim/Documents/PTUT/Minipatches_light_20260116/20221110T105445_SmallPatches_C1-CAM2,1,1,1,0,OK,7809,25286,0,0.0,1 worm clean
/Users/benitaibrahim/Documents/PTUT/Minipatches_light_20260116/20221125T232044_SmallPatches_C1-CAM2,1,0,1,0,WEIRD,0,32239,2352,0.06799456506027579,2+ worms
/Users/benitaibrahim/Documents/PTUT/Minipatches_light_20260116/20221015T195306_SmallPatches_C1-CAM8,1,1,1,0,OK,0,34625,0,0.0,1 worm clean
/Users/benitaibrahim/Documents/PTUT/Minipatches_light_20260116/20221115T113223_SmallPatches_C6-CAM4,1,1,1,0,OK,152,34159,0,0.0,1 worm clean
/Users/benitaibrahim/Documents/PTUT/Minipatches_light_20260116/20221117T104123_SmallPatches_C3-CAM3,0,0,1,1,NO WORM,0,0,0,0.0,0 worms
/Users/benitaibrahim/Documents/PTUT/Minipatches_light_20260116/20221017T202150_SmallPatches_C3-CAM2,1,1,1,0,OK,5987,28595,0,0.0,1 worm clean
/Users/benitaibrahim/Documents/PTUT/Minipatches_light_20260116/20221126T114423_SmallPatches_C5-CAM4,1,1,1,0,OK,12553,22065,0,0.0,1 worm clean
/Users/benitaibrahim/Documents/PTUT/Minipatches_light_20260116/20221122T192231_SmallPatches_C2-CAM7,1,1,1,0,OK,3894,30677,0,0.0,1 worm clean
/Users/benitaibrahim/Documents/PTUT/Minipatches_light_20260116/20221017T113043_SmallPatches_C5-CAM4,1,1,1,0,OK,2513,32111,0,0.0,1 worm clean
/Users/benitaibrahim/Documents/PTUT/Minipatches_light_20260116/20221017T111506_SmallPatches_C3-CAM1,1,1,1,0,OK,714,33850,0,0.0,1 worm clean
/Users/benitaibrahim/Documents/PTUT/Minipatches_light_20260116/20221119T203023_SmallPatches_C5-CAM8,1,1,1,0,OK,9890,24722,0,0.0,1 worm clean
/Users/benitaibrahim/Documents/PTUT/Minipatches_light_20260116/20221011T112411_SmallPatches_C5-CAM2,1,1,1,0,OK,4152,28131,0,0.0,1 worm clean
/Users/benitaibrahim/Documents/PTUT/Minipatches_light_20260116/20221011T111254_SmallPatches_C3-CAM3,1,1,1,0,OK,3067,30092,0,0.0,1 worm clean
/Users/benitaibrahim/Documents/PTUT/Minipatches_light_20260116/20221119T115015_SmallPatches_C6-CAM2,1,0,1,0,WEIRD,1497,25725,7440,0.21464427903756275,2+ worms
/Users/benitaibrahim/Documents/PTUT/Minipatches_light_20260116/20221017T113050_SmallPatches_C6-CAM6,0,0,1,0,WEIRD,0,0,0,0.0,0 worms
/Users/benitaibrahim/Documents/PTUT/Minipatches_light_20260116/20221016T203324_SmallPatches_C6-CAM6,1,1,1,0,OK,744,33895,0,0.0,1 worm clean
/Users/benitaibrahim/Documents/PTUT/Minipatches_light_20260116/20221123T115657_SmallPatches_C2-CAM4,1,1,1,0,OK,170,34453,0,0.0,1 worm clean
/Users/benitaibrahim/Documents/PTUT/Minipatches_light_20260116/20221011T112417_SmallPatches_C6-CAM5,1,0,1,0,WEIRD,0,11399,20979,0.647939959231577,2+ worms
/Users/benitaibrahim/Documents/PTUT/Minipatches_light_20260116/20221017T111506_SmallPatches_C3-CAM6,0,0,1,0,WEIRD,0,0,0,0.0,0 worms
/Users/benitaibrahim/Documents/PTUT/Minipatches_light_20260116/20221120T190810_SmallPatches_C3-CAM1,0,0,1,0,WEIRD,0,0,0,0.0,0 worms
/Users/benitaibrahim/Documents/PTUT/Minipatches_light_20260116/20221011T112417_SmallPatches_C6-CAM2,1,1,1,0,OK,16406,15970,0,0.0,1 worm clean
/Users/benitaibrahim/Documents/PTUT/Minipatches_light_20260116/20221016T203324_SmallPatches_C6-CAM1,1,1,1,0,OK,0,34638,0,0.0,1 worm clean
/Users/benitaibrahim/Documents/PTUT/Minipatches_light_20260116/20221122T103604_SmallPatches_C5-CAM7,1,1,1,0,OK,7390,27252,0,0.0,1 worm clean
/Users/benitaibrahim/Documents/PTUT/Minipatches_light_20260116/20221011T111254_SmallPatches_C3-CAM4,1,1,1,0,OK,12393,16622,0,0.0,1 worm clean
/Users/benitaibrahim/Documents/PTUT/Minipatches_light_20260116/20221017T113050_SmallPatches_C6-CAM1,1,1,1,0,OK,0,34613,0,0.0,1 worm clean
/Users/benitaibrahim/Documents/PTUT/Minipatches_light_20260116/20221011T112411_SmallPatches_C5-CAM5,1,1,1,0,OK,0,32367,0,0.0,1 worm clean
/Users/benitaibrahim/Documents/PTUT/Minipatches_light_20260116/20221014T103022_SmallPatches_C4-CAM7,1,0,1,0,WEIRD,0,996,33615,0.9712230215827338,2+ worms
/Users/benitaibrahim/Documents/PTUT/Minipatches_light_20260116/20221011T191616_SmallPatches_C1-CAM4,1,1,1,0,OK,7983,21464,0,0.0,1 worm clean
/Users/benitaibrahim/Documents/PTUT/Minipatches_light_20260116/20221016T203324_SmallPatches_C6-CAM8,1,1,1,0,OK,5321,28749,0,0.0,1 worm clean
/Users/benitaibrahim/Documents/PTUT/Minipatches_light_20260116/20221116T103112_SmallPatches_C5-CAM7,1,1,1,0,OK,15691,18982,0,0.0,1 worm clean
/Users/benitaibrahim/Documents/PTUT/Minipatches_light_20260116/20221017T113050_SmallPatches_C6-CAM8,1,1,1,0,OK,10615,24001,0,0.0,1 worm clean
/Users/benitaibrahim/Documents/PTUT/Minipatches_light_20260116/20221123T211456_SmallPatches_C6-CAM5,1,1,1,0,OK,15897,17694,0,0.0,1 worm clean
/Users/benitaibrahim/Documents/PTUT/Minipatches_light_20260116/20221015T112001_SmallPatches_C2-CAM7,1,1,1,0,OK,3518,31144,0,0.0,1 worm clean
/Users/benitaibrahim/Documents/PTUT/Minipatches_light_20260116/20221120T190810_SmallPatches_C3-CAM8,1,0,1,0,WEIRD,364,30581,3632,0.10504092315701188,2+ worms
/Users/benitaibrahim/Documents/PTUT/Minipatches_light_20260116/20221014T101512_SmallPatches_C1-CAM4,1,0,1,0,WEIRD,4092,30538,1,2.887586266639716e-05,1 worm with errors
/Users/benitaibrahim/Documents/PTUT/Minipatches_light_20260116/20221123T211456_SmallPatches_C6-CAM2,1,1,1,0,OK,52,11040,0,0.0,1 worm clean
/Users/benitaibrahim/Documents/PTUT/Minipatches_light_20260116/20221016T203158_SmallPatches_C4-CAM2,1,0,1,0,WEIRD,49,7339,27071,0.7856002785919498,2+ worms
/Users/benitaibrahim/Documents/PTUT/Minipatches_light_20260116/20221013T114735_SmallPatches_C1-CAM7,1,1,1,0,OK,2518,30984,0,0.0,1 worm clean
/Users/benitaibrahim/Documents/PTUT/Minipatches_light_20260116/20221011T192204_SmallPatches_C6-CAM3,1,1,1,0,OK,0,34686,0,0.0,1 worm clean
/Users/benitaibrahim/Documents/PTUT/Minipatches_light_20260116/20221011T191616_SmallPatches_C1-CAM3,0,0,1,1,NO WORM,0,0,0,0.0,0 worms
/Users/benitaibrahim/Documents/PTUT/Minipatches_light_20260116/20221118T103528_SmallPatches_C2-CAM4,1,1,1,0,OK,17298,14846,0,0.0,1 worm clean
/Users/benitaibrahim/Documents/PTUT/Minipatches_light_20260116/20221116T193607_SmallPatches_C2-CAM2,1,1,1,0,OK,1040,33505,0,0.0,1 worm clean
/Users/benitaibrahim/Documents/PTUT/Minipatches_light_20260116/20221017T111506_SmallPatches_C3-CAM8,1,1,1,0,OK,4812,29748,0,0.0,1 worm clean
/Users/benitaibrahim/Documents/PTUT/Minipatches_light_20260116/20221014T101512_SmallPatches_C1-CAM3,0,0,1,0,WEIRD,0,0,0,0.0,0 worms
/Users/benitaibrahim/Documents/PTUT/Minipatches_light_20260116/20221119T203023_SmallPatches_C5-CAM1,1,1,1,0,OK,5246,29353,0,0.0,1 worm clean
/Users/benitaibrahim/Documents/PTUT/Minipatches_light_20260116/20221123T120808_SmallPatches_C4-CAM7,1,1,1,0,OK,3773,30810,0,0.0,1 worm clean
/Users/benitaibrahim/Documents/PTUT/Minipatches_light_20260116/20221122T192144_SmallPatches_C1-CAM1,1,1,1,0,OK,19431,6835,0,0.0,1 worm clean
/Users/benitaibrahim/Documents/PTUT/Minipatches_light_20260116/20221115T112027_SmallPatches_C2-CAM4,1,1,1,0,OK,1066,33550,0,0.0,1 worm clean
/Users/benitaibrahim/Documents/PTUT/Minipatches_light_20260116/20221015T113417_SmallPatches_C5-CAM5,1,1,1,0,OK,284,34358,0,0.0,1 worm clean
/Users/benitaibrahim/Documents/PTUT/Minipatches_light_20260116/20221119T115009_SmallPatches_C5-CAM6,1,1,1,0,OK,4910,29715,0,0.0,1 worm clean
/Users/benitaibrahim/Documents/PTUT/Minipatches_light_20260116/20221115T193532_SmallPatches_C1-CAM8,1,1,1,0,OK,930,33679,0,0.0,1 worm clean
/Users/benitaibrahim/Documents/PTUT/Minipatches_light_20260116/20221017T203320_SmallPatches_C6-CAM8,1,1,1,0,OK,224,34433,0,0.0,1 worm clean
/Users/benitaibrahim/Documents/PTUT/Minipatches_light_20260116/20221125T144055_SmallPatches_C5-CAM8,1,1,1,0,OK,2774,31862,0,0.0,1 worm clean
/Users/benitaibrahim/Documents/PTUT/Minipatches_light_20260116/20221017T112927_SmallPatches_C4-CAM1,1,1,1,0,OK,16601,9011,0,0.0,1 worm clean
/Users/benitaibrahim/Documents/PTUT/Minipatches_light_20260116/20221119T115009_SmallPatches_C5-CAM1,1,1,1,0,OK,4808,29810,0,0.0,1 worm clean
/Users/benitaibrahim/Documents/PTUT/Minipatches_light_20260116/20221015T113417_SmallPatches_C5-CAM2,1,1,1,0,OK,2198,32453,0,0.0,1 worm clean
/Users/benitaibrahim/Documents/PTUT/Minipatches_light_20260116/20221122T192144_SmallPatches_C1-CAM6,1,1,1,0,OK,1627,32948,0,0.0,1 worm clean
/Users/benitaibrahim/Documents/PTUT/Minipatches_light_20260116/20221110T105552_SmallPatches_C2-CAM6,1,1,1,0,OK,1225,33452,0,0.0,1 worm clean
/Users/benitaibrahim/Documents/PTUT/Minipatches_light_20260116/20221017T112927_SmallPatches_C4-CAM6,1,0,1,0,WEIRD,0,1706,23900,0.9333749902366633,2+ worms
/Users/benitaibrahim/Documents/PTUT/Minipatches_light_20260116/20221118T103454_SmallPatches_C1-CAM7,1,1,1,0,OK,1968,32617,0,0.0,1 worm clean
/Users/benitaibrahim/Documents/PTUT/Minipatches_light_20260116/20221015T111903_SmallPatches_C1-CAM8,1,1,1,0,OK,10198,24431,0,0.0,1 worm clean
/Users/benitaibrahim/Documents/PTUT/Minipatches_light_20260116/20221125T144055_SmallPatches_C5-CAM6,1,1,1,0,OK,0,34607,0,0.0,1 worm clean
/Users/benitaibrahim/Documents/PTUT/Minipatches_light_20260116/20221125T144101_SmallPatches_C6-CAM7,1,1,1,0,OK,1085,33501,0,0.0,1 worm clean
/Users/benitaibrahim/Documents/PTUT/Minipatches_light_20260116/20221017T203320_SmallPatches_C6-CAM6,1,1,1,0,OK,4234,30381,0,0.0,1 worm clean
/Users/benitaibrahim/Documents/PTUT/Minipatches_light_20260116/20221015T111903_SmallPatches_C1-CAM1,1,1,1,0,OK,5462,29130,0,0.0,1 worm clean
/Users/benitaibrahim/Documents/PTUT/Minipatches_light_20260116/20221116T193622_SmallPatches_C3-CAM3,1,1,1,0,OK,0,34573,0,0.0,1 worm clean
/Users/benitaibrahim/Documents/PTUT/Minipatches_light_20260116/20221115T193532_SmallPatches_C1-CAM6,1,1,1,0,OK,3169,31447,0,0.0,1 worm clean
/Users/benitaibrahim/Documents/PTUT/Minipatches_light_20260116/20221119T115009_SmallPatches_C5-CAM8,1,1,1,0,OK,1262,33323,0,0.0,1 worm clean
/Users/benitaibrahim/Documents/PTUT/Minipatches_light_20260116/20221015T113423_SmallPatches_C6-CAM3,1,1,1,0,OK,4240,30373,0,0.0,1 worm clean
/Users/benitaibrahim/Documents/PTUT/Minipatches_light_20260116/20221121T120109_SmallPatches_C2-CAM2,1,1,1,0,OK,716,33933,0,0.0,1 worm clean
/Users/benitaibrahim/Documents/PTUT/Minipatches_light_20260116/20221116T193622_SmallPatches_C3-CAM4,1,1,1,0,OK,1892,32675,0,0.0,1 worm clean
/Users/benitaibrahim/Documents/PTUT/Minipatches_light_20260116/20221017T203320_SmallPatches_C6-CAM1,1,1,1,0,OK,3357,31282,0,0.0,1 worm clean
/Users/benitaibrahim/Documents/PTUT/Minipatches_light_20260116/20221015T111903_SmallPatches_C1-CAM6,1,1,1,0,OK,3955,30643,0,0.0,1 worm clean
/Users/benitaibrahim/Documents/PTUT/Minipatches_light_20260116/20221017T112927_SmallPatches_C4-CAM8,1,1,1,0,OK,0,25613,0,0.0,1 worm clean
/Users/benitaibrahim/Documents/PTUT/Minipatches_light_20260116/20221125T144055_SmallPatches_C5-CAM1,1,1,1,0,OK,6991,24806,0,0.0,1 worm clean
/Users/benitaibrahim/Documents/PTUT/Minipatches_light_20260116/20221110T105552_SmallPatches_C2-CAM8,1,0,1,0,WEIRD,4925,23994,5491,0.15957570473699506,2+ worms
/Users/benitaibrahim/Documents/PTUT/Minipatches_light_20260116/20221110T193129_SmallPatches_C2-CAM7,0,0,1,1,NO WORM,0,0,0,0.0,0 worms
/Users/benitaibrahim/Documents/PTUT/Minipatches_light_20260116/20221122T192144_SmallPatches_C1-CAM8,1,1,1,0,OK,19095,15238,0,0.0,1 worm clean
/Users/benitaibrahim/Documents/PTUT/Minipatches_light_20260116/20221015T113423_SmallPatches_C6-CAM4,1,1,1,0,OK,802,33884,0,0.0,1 worm clean
/Users/benitaibrahim/Documents/PTUT/Minipatches_light_20260116/20221115T193532_SmallPatches_C1-CAM1,1,1,1,0,OK,5228,28499,0,0.0,1 worm clean
/Users/benitaibrahim/Documents/PTUT/Minipatches_light_20260116/20221122T103604_SmallPatches_C5-CAM8,1,1,1,0,OK,3944,30749,0,0.0,1 worm clean
/Users/benitaibrahim/Documents/PTUT/Minipatches_light_20260116/20221014T103022_SmallPatches_C4-CAM1,0,0,1,0,WEIRD,0,0,0,0.0,0 worms
/Users/benitaibrahim/Documents/PTUT/Minipatches_light_20260116/20221011T192204_SmallPatches_C6-CAM2,0,0,1,0,WEIRD,0,0,0,0.0,0 worms
/Users/benitaibrahim/Documents/PTUT/Minipatches_light_20260116/20221016T114101_SmallPatches_C5-CAM8,1,1,1,0,OK,3087,31638,0,0.0,1 worm clean
/Users/benitaibrahim/Documents/PTUT/Minipatches_light_20260116/20221123T211456_SmallPatches_C6-CAM3,1,1,1,0,OK,2735,31971,0,0.0,1 worm clean
/Users/benitaibrahim/Documents/PTUT/Minipatches_light_20260116/20221013T114735_SmallPatches_C1-CAM6,1,1,1,0,OK,17360,16133,0,0.0,1 worm clean
/Users/benitaibrahim/Documents/PTUT/Minipatches_light_20260116/20221016T203158_SmallPatches_C4-CAM3,1,1,1,0,OK,0,34668,0,0.0,1 worm clean
/Users/benitaibrahim/Documents/PTUT/Minipatches_light_20260116/20221116T103112_SmallPatches_C5-CAM1,1,1,1,0,OK,691,33978,0,0.0,1 worm clean
/Users/benitaibrahim/Documents/PTUT/Minipatches_light_20260116/20221014T101512_SmallPatches_C1-CAM2,1,1,1,0,OK,2060,32573,0,0.0,1 worm clean
/Users/benitaibrahim/Documents/PTUT/Minipatches_light_20260116/20221116T103112_SmallPatches_C5-CAM6,1,1,1,0,OK,0,34540,0,0.0,1 worm clean
/Users/benitaibrahim/Documents/PTUT/Minipatches_light_20260116/20221123T211456_SmallPatches_C6-CAM4,1,1,1,0,OK,1508,33115,0,0.0,1 worm clean
/Users/benitaibrahim/Documents/PTUT/Minipatches_light_20260116/20221013T114735_SmallPatches_C1-CAM1,1,1,1,0,OK,5642,27584,0,0.0,1 worm clean
/Users/benitaibrahim/Documents/PTUT/Minipatches_light_20260116/20221016T203158_SmallPatches_C4-CAM4,0,0,1,0,WEIRD,0,0,0,0.0,0 worms
/Users/benitaibrahim/Documents/PTUT/Minipatches_light_20260116/20221011T192204_SmallPatches_C6-CAM5,1,1,1,0,OK,187,5841,0,0.0,1 worm clean
/Users/benitaibrahim/Documents/PTUT/Minipatches_light_20260116/20221011T191616_SmallPatches_C1-CAM5,1,1,1,0,OK,3547,31130,0,0.0,1 worm clean
/Users/benitaibrahim/Documents/PTUT/Minipatches_light_20260116/20221014T103022_SmallPatches_C4-CAM6,1,1,1,0,OK,0,34619,0,0.0,1 worm clean
/Users/benitaibrahim/Documents/PTUT/Minipatches_light_20260116/20221118T103528_SmallPatches_C2-CAM2,1,1,1,0,OK,831,33753,0,0.0,1 worm clean
/Users/benitaibrahim/Documents/PTUT/Minipatches_light_20260116/20221121T121358_SmallPatches_C5-CAM4,0,0,1,0,WEIRD,0,0,0,0.0,0 worms
/Users/benitaibrahim/Documents/PTUT/Minipatches_light_20260116/20221116T193607_SmallPatches_C2-CAM4,1,1,1,0,OK,8108,5192,0,0.0,1 worm clean
/Users/benitaibrahim/Documents/PTUT/Minipatches_light_20260116/20221119T203023_SmallPatches_C5-CAM7,1,1,1,0,OK,87,34516,0,0.0,1 worm clean
/Users/benitaibrahim/Documents/PTUT/Minipatches_light_20260116/20221123T120808_SmallPatches_C4-CAM1,1,0,1,0,WEIRD,92,22564,8142,0.26436781609195403,2+ worms
/Users/benitaibrahim/Documents/PTUT/Minipatches_light_20260116/20221015T112001_SmallPatches_C2-CAM6,1,1,1,0,OK,3478,31099,0,0.0,1 worm clean
/Users/benitaibrahim/Documents/PTUT/Minipatches_light_20260116/20221123T120808_SmallPatches_C4-CAM8,1,1,1,0,OK,10353,24227,0,0.0,1 worm clean
/Users/benitaibrahim/Documents/PTUT/Minipatches_light_20260116/20221017T113043_SmallPatches_C5-CAM2,1,1,1,0,OK,8298,26326,0,0.0,1 worm clean
/Users/benitaibrahim/Documents/PTUT/Minipatches_light_20260116/20221011T112411_SmallPatches_C5-CAM4,1,1,1,0,OK,123,32244,0,0.0,1 worm clean
/Users/benitaibrahim/Documents/PTUT/Minipatches_light_20260116/20221119T115015_SmallPatches_C6-CAM4,1,1,1,0,OK,424,34270,0,0.0,1 worm clean
/Users/benitaibrahim/Documents/PTUT/Minipatches_light_20260116/20221016T114101_SmallPatches_C5-CAM6,1,1,1,0,OK,4479,30183,0,0.0,1 worm clean
/Users/benitaibrahim/Documents/PTUT/Minipatches_light_20260116/20221123T115657_SmallPatches_C2-CAM2,1,0,1,0,WEIRD,103,8298,26197,0.7571824960980403,2+ worms
/Users/benitaibrahim/Documents/PTUT/Minipatches_light_20260116/20221122T103604_SmallPatches_C5-CAM6,1,0,1,0,WEIRD,0,11719,22922,0.661701452036604,2+ worms
/Users/benitaibrahim/Documents/PTUT/Minipatches_light_20260116/20221017T113043_SmallPatches_C5-CAM5,1,1,1,0,OK,105,34489,0,0.0,1 worm clean
/Users/benitaibrahim/Documents/PTUT/Minipatches_light_20260116/20221016T203324_SmallPatches_C6-CAM7,1,1,1,0,OK,1222,33429,0,0.0,1 worm clean
/Users/benitaibrahim/Documents/PTUT/Minipatches_light_20260116/20221122T103604_SmallPatches_C5-CAM1,0,0,1,0,WEIRD,0,0,0,0.0,0 worms
/Users/benitaibrahim/Documents/PTUT/Minipatches_light_20260116/20221120T191855_SmallPatches_C4-CAM3,1,1,1,0,OK,459,34147,0,0.0,1 worm clean
/Users/benitaibrahim/Documents/PTUT/Minipatches_light_20260116/20221011T112417_SmallPatches_C6-CAM4,1,0,1,0,WEIRD,0,14877,17137,0.5352970575373274,2+ worms
/Users/benitaibrahim/Documents/PTUT/Minipatches_light_20260116/20221014T103022_SmallPatches_C4-CAM8,1,0,1,0,WEIRD,7420,27191,1,2.8891713856465966e-05,1 worm with errors
/Users/benitaibrahim/Documents/PTUT/Minipatches_light_20260116/20221011T111254_SmallPatches_C3-CAM2,1,1,1,0,OK,2031,29647,0,0.0,1 worm clean
/Users/benitaibrahim/Documents/PTUT/Minipatches_light_20260116/20221017T113050_SmallPatches_C6-CAM7,1,0,1,0,WEIRD,0,0,34602,1.0,2+ worms
/Users/benitaibrahim/Documents/PTUT/Minipatches_light_20260116/20221119T115015_SmallPatches_C6-CAM3,1,1,1,0,OK,19343,15339,0,0.0,1 worm clean
/Users/benitaibrahim/Documents/PTUT/Minipatches_light_20260116/20221116T103112_SmallPatches_C5-CAM8,1,1,1,0,OK,11381,23303,0,0.0,1 worm clean
/Users/benitaibrahim/Documents/PTUT/Minipatches_light_20260116/20221125T144101_SmallPatches_C6-CAM1,1,1,1,0,OK,30455,4093,0,0.0,1 worm clean
/Users/benitaibrahim/Documents/PTUT/Minipatches_light_20260116/20221015T111903_SmallPatches_C1-CAM7,1,1,1,0,OK,7432,27191,0,0.0,1 worm clean
/Users/benitaibrahim/Documents/PTUT/Minipatches_light_20260116/20221118T103454_SmallPatches_C1-CAM8,1,1,1,0,OK,236,34346,0,0.0,1 worm clean
/Users/benitaibrahim/Documents/PTUT/Minipatches_light_20260116/20221015T113423_SmallPatches_C6-CAM5,1,1,1,0,OK,3999,30545,0,0.0,1 worm clean
/Users/benitaibrahim/Documents/PTUT/Minipatches_light_20260116/20221121T120109_SmallPatches_C2-CAM4,1,1,1,0,OK,6088,28579,0,0.0,1 worm clean
/Users/benitaibrahim/Documents/PTUT/Minipatches_light_20260116/20221110T193129_SmallPatches_C2-CAM6,1,0,1,0,WEIRD,973,14643,18901,0.5475852478488861,2+ worms
/Users/benitaibrahim/Documents/PTUT/Minipatches_light_20260116/20221116T193622_SmallPatches_C3-CAM2,1,1,1,0,OK,6721,27865,0,0.0,1 worm clean
/Users/benitaibrahim/Documents/PTUT/Minipatches_light_20260116/20221017T203320_SmallPatches_C6-CAM7,1,0,1,0,WEIRD,3480,17439,13713,0.39596327096327094,2+ worms
/Users/benitaibrahim/Documents/PTUT/Minipatches_light_20260116/20221125T144101_SmallPatches_C6-CAM6,1,0,1,0,WEIRD,0,1935,32733,0.9441848390446521,2+ worms
/Users/benitaibrahim/Documents/PTUT/Minipatches_light_20260116/20221125T144055_SmallPatches_C5-CAM7,1,1,1,0,OK,794,33803,0,0.0,1 worm clean
/Users/benitaibrahim/Documents/PTUT/Minipatches_light_20260116/20221115T193532_SmallPatches_C1-CAM7,1,0,1,0,WEIRD,0,0,34594,1.0,2+ worms
/Users/benitaibrahim/Documents/PTUT/Minipatches_light_20260116/20221015T113423_SmallPatches_C6-CAM2,1,1,1,0,OK,2763,31888,0,0.0,1 worm clean
/Users/benitaibrahim/Documents/PTUT/Minipatches_light_20260116/20221122T192144_SmallPatches_C1-CAM7,1,1,1,0,OK,1260,33309,0,0.0,1 worm clean
/Users/benitaibrahim/Documents/PTUT/Minipatches_light_20260116/20221115T112027_SmallPatches_C2-CAM2,1,1,1,0,OK,5666,28902,0,0.0,1 worm clean
/Users/benitaibrahim/Documents/PTUT/Minipatches_light_20260116/20221110T105552_SmallPatches_C2-CAM7,1,1,1,0,OK,7557,27120,0,0.0,1 worm clean
/Users/benitaibrahim/Documents/PTUT/Minipatches_light_20260116/20221118T103454_SmallPatches_C1-CAM6,1,1,1,0,OK,19192,15392,0,0.0,1 worm clean
/Users/benitaibrahim/Documents/PTUT/Minipatches_light_20260116/20221017T112927_SmallPatches_C4-CAM7,1,1,1,0,OK,1460,24138,0,0.0,1 worm clean
/Users/benitaibrahim/Documents/PTUT/Minipatches_light_20260116/20221119T115009_SmallPatches_C5-CAM7,1,0,1,0,WEIRD,0,15302,19351,0.558422070239229,2+ worms
/Users/benitaibrahim/Documents/PTUT/Minipatches_light_20260116/20221015T113417_SmallPatches_C5-CAM4,1,1,1,0,OK,1379,33233,0,0.0,1 worm clean
/Users/benitaibrahim/Documents/PTUT/Minipatches_light_20260116/20221125T144101_SmallPatches_C6-CAM8,1,1,1,0,OK,976,3664,0,0.0,1 worm clean
/Users/benitaibrahim/Documents/PTUT/Minipatches_light_20260116/20221118T103454_SmallPatches_C1-CAM1,1,1,1,0,OK,14429,19357,0,0.0,1 worm clean
/Users/benitaibrahim/Documents/PTUT/Minipatches_light_20260116/20221119T201803_SmallPatches_C3-CAM4,1,1,1,0,OK,5008,29555,0,0.0,1 worm clean
/Users/benitaibrahim/Documents/PTUT/Minipatches_light_20260116/20221015T113303_SmallPatches_C4-CAM8,1,1,1,0,OK,0,34639,0,0.0,1 worm clean
/Users/benitaibrahim/Documents/PTUT/Minipatches_light_20260116/20221014T192724_SmallPatches_C6-CAM4,1,1,1,0,OK,9182,16570,0,0.0,1 worm clean
/Users/benitaibrahim/Documents/PTUT/Minipatches_light_20260116/20221115T112033_SmallPatches_C3-CAM1,1,1,1,0,OK,1055,32777,0,0.0,1 worm clean
/Users/benitaibrahim/Documents/PTUT/Minipatches_light_20260116/20221013T115324_SmallPatches_C4-CAM5,1,1,1,0,OK,3805,27523,0,0.0,1 worm clean
/Users/benitaibrahim/Documents/PTUT/Minipatches_light_20260116/20221126T203554_SmallPatches_C2-CAM7,1,1,1,0,OK,1,34610,0,0.0,1 worm clean
/Users/benitaibrahim/Documents/PTUT/Minipatches_light_20260116/20221013T201306_SmallPatches_C3-CAM4,1,1,1,0,OK,0,34704,0,0.0,1 worm clean
/Users/benitaibrahim/Documents/PTUT/Minipatches_light_20260116/20221117T195631_SmallPatches_C2-CAM7,1,1,1,0,OK,0,34593,0,0.0,1 worm clean
/Users/benitaibrahim/Documents/PTUT/Minipatches_light_20260116/20221014T192724_SmallPatches_C6-CAM3,1,1,1,0,OK,0,34663,0,0.0,1 worm clean
/Users/benitaibrahim/Documents/PTUT/Minipatches_light_20260116/20221012T131916_SmallPatches_C5-CAM8,1,1,1,0,OK,0,26521,0,0.0,1 worm clean
/Users/benitaibrahim/Documents/PTUT/Minipatches_light_20260116/20221110T111024_SmallPatches_C5-CAM8,1,1,1,0,OK,1481,33236,0,0.0,1 worm clean
/Users/benitaibrahim/Documents/PTUT/Minipatches_light_20260116/20221119T201803_SmallPatches_C3-CAM3,1,1,1,0,OK,995,33567,0,0.0,1 worm clean
/Users/benitaibrahim/Documents/PTUT/Minipatches_light_20260116/20221016T201820_SmallPatches_C2-CAM7,1,1,1,0,OK,6272,28256,0,0.0,1 worm clean
/Users/benitaibrahim/Documents/PTUT/Minipatches_light_20260116/20221014T192604_SmallPatches_C4-CAM8,1,1,1,0,OK,596,34140,0,0.0,1 worm clean
/Users/benitaibrahim/Documents/PTUT/Minipatches_light_20260116/20221115T111955_SmallPatches_C1-CAM8,1,1,1,0,OK,1375,33231,0,0.0,1 worm clean
/Users/benitaibrahim/Documents/PTUT/Minipatches_light_20260116/20221123T115619_SmallPatches_C1-CAM7,1,1,1,0,OK,2142,32453,0,0.0,1 worm clean
/Users/benitaibrahim/Documents/PTUT/Minipatches_light_20260116/20221121T204614_SmallPatches_C2-CAM4,1,1,1,0,OK,26674,7781,0,0.0,1 worm clean
/Users/benitaibrahim/Documents/PTUT/Minipatches_light_20260116/20221013T201306_SmallPatches_C3-CAM3,1,1,1,0,OK,331,34044,0,0.0,1 worm clean
/Users/benitaibrahim/Documents/PTUT/Minipatches_light_20260116/20221115T112033_SmallPatches_C3-CAM6,1,1,1,0,OK,0,34601,0,0.0,1 worm clean
/Users/benitaibrahim/Documents/PTUT/Minipatches_light_20260116/20221013T115324_SmallPatches_C4-CAM2,1,1,1,0,OK,3313,29321,0,0.0,1 worm clean
/Users/benitaibrahim/Documents/PTUT/Minipatches_light_20260116/20221017T111530_SmallPatches_C2-CAM7,1,1,1,0,OK,7309,27310,0,0.0,1 worm clean
/Users/benitaibrahim/Documents/PTUT/Minipatches_light_20260116/20221015T113303_SmallPatches_C4-CAM6,1,1,1,0,OK,3161,27559,0,0.0,1 worm clean
/Users/benitaibrahim/Documents/PTUT/Minipatches_light_20260116/20221012T131916_SmallPatches_C5-CAM1,0,0,1,0,WEIRD,0,0,0,0.0,0 worms
/Users/benitaibrahim/Documents/PTUT/Minipatches_light_20260116/20221110T111024_SmallPatches_C5-CAM1,1,1,1,0,OK,140,34514,0,0.0,1 worm clean
/Users/benitaibrahim/Documents/PTUT/Minipatches_light_20260116/20221115T111955_SmallPatches_C1-CAM1,1,0,1,0,WEIRD,505,11451,22639,0.6544009249891602,2+ worms
/Users/benitaibrahim/Documents/PTUT/Minipatches_light_20260116/20221012T202949_SmallPatches_C4-CAM4,1,1,1,0,OK,5324,29202,0,0.0,1 worm clean
/Users/benitaibrahim/Documents/PTUT/Minipatches_light_20260116/20221014T192604_SmallPatches_C4-CAM1,0,0,1,0,WEIRD,0,0,0,0.0,0 worms
/Users/benitaibrahim/Documents/PTUT/Minipatches_light_20260116/20221012T130017_SmallPatches_C3-CAM2,1,1,1,0,OK,5761,21957,0,0.0,1 worm clean
/Users/benitaibrahim/Documents/PTUT/Minipatches_light_20260116/20221012T125943_SmallPatches_C1-CAM7,0,0,1,1,NO WORM,0,0,0,0.0,0 worms
/Users/benitaibrahim/Documents/PTUT/Minipatches_light_20260116/20221014T192604_SmallPatches_C4-CAM6,1,0,1,0,WEIRD,386,31739,2533,0.07308557908707947,2+ worms
/Users/benitaibrahim/Documents/PTUT/Minipatches_light_20260116/20221123T210701_SmallPatches_C2-CAM4,1,1,1,0,OK,594,34049,0,0.0,1 worm clean
/Users/benitaibrahim/Documents/PTUT/Minipatches_light_20260116/20221115T111955_SmallPatches_C1-CAM6,1,1,1,0,OK,1231,33380,0,0.0,1 worm clean
/Users/benitaibrahim/Documents/PTUT/Minipatches_light_20260116/20221012T202949_SmallPatches_C4-CAM3,1,1,1,0,OK,6993,25674,0,0.0,1 worm clean
/Users/benitaibrahim/Documents/PTUT/Minipatches_light_20260116/20221110T111024_SmallPatches_C5-CAM6,1,1,1,0,OK,10436,24253,0,0.0,1 worm clean
/Users/benitaibrahim/Documents/PTUT/Minipatches_light_20260116/20221015T113303_SmallPatches_C4-CAM1,1,1,1,0,OK,1708,31632,0,0.0,1 worm clean
/Users/benitaibrahim/Documents/PTUT/Minipatches_light_20260116/20221115T113211_SmallPatches_C4-CAM7,1,1,1,0,OK,459,27111,0,0.0,1 worm clean
/Users/benitaibrahim/Documents/PTUT/Minipatches_light_20260116/20221117T200328_SmallPatches_C5-CAM1,0,0,1,1,NO WORM,0,0,0,0.0,0 worms
/Users/benitaibrahim/Documents/PTUT/Minipatches_light_20260116/20221119T203029_SmallPatches_C6-CAM5,1,1,1,0,OK,3677,30925,0,0.0,1 worm clean
/Users/benitaibrahim/Documents/PTUT/Minipatches_light_20260116/20221015T201431_SmallPatches_C4-CAM7,1,1,1,0,OK,2390,32321,0,0.0,1 worm clean
/Users/benitaibrahim/Documents/PTUT/Minipatches_light_20260116/20221110T105517_SmallPatches_C3-CAM8,1,1,1,0,OK,0,34663,0,0.0,1 worm clean
/Users/benitaibrahim/Documents/PTUT/Minipatches_light_20260116/20221125T233343_SmallPatches_C6-CAM4,1,1,1,0,OK,686,34014,0,0.0,1 worm clean
/Users/benitaibrahim/Documents/PTUT/Minipatches_light_20260116/20221121T120032_SmallPatches_C1-CAM4,1,1,1,0,OK,4777,29794,0,0.0,1 worm clean
/Users/benitaibrahim/Documents/PTUT/Minipatches_light_20260116/20221125T232148_SmallPatches_C3-CAM2,1,0,1,0,WEIRD,6155,20449,8010,0.2314092563702548,2+ worms
/Users/benitaibrahim/Documents/PTUT/Minipatches_light_20260116/20221017T202104_SmallPatches_C1-CAM5,1,0,1,0,WEIRD,0,991,33596,0.9713476161563593,2+ worms
/Users/benitaibrahim/Documents/PTUT/Minipatches_light_20260116/20221121T204538_SmallPatches_C1-CAM4,1,1,1,0,OK,154,34417,0,0.0,1 worm clean
/Users/benitaibrahim/Documents/PTUT/Minipatches_light_20260116/20221015T111939_SmallPatches_C3-CAM1,1,1,1,0,OK,4829,29763,0,0.0,1 worm clean
/Users/benitaibrahim/Documents/PTUT/Minipatches_light_20260116/20221125T233336_SmallPatches_C5-CAM2,0,0,1,0,WEIRD,0,0,0,0.0,0 worms
/Users/benitaibrahim/Documents/PTUT/Minipatches_light_20260116/20221011T191645_SmallPatches_C3-CAM6,1,1,1,0,OK,3172,31378,0,0.0,1 worm clean
/Users/benitaibrahim/Documents/PTUT/Minipatches_light_20260116/20221110T194358_SmallPatches_C4-CAM5,1,1,1,0,OK,737,13583,0,0.0,1 worm clean
/Users/benitaibrahim/Documents/PTUT/Minipatches_light_20260116/20221110T194540_SmallPatches_C6-CAM8,1,1,1,0,OK,891,33767,0,0.0,1 worm clean
/Users/benitaibrahim/Documents/PTUT/Minipatches_light_20260116/20221122T103559_SmallPatches_C4-CAM6,1,1,1,0,OK,0,34637,0,0.0,1 worm clean
/Users/benitaibrahim/Documents/PTUT/Minipatches_light_20260116/20221125T233343_SmallPatches_C6-CAM3,1,1,1,0,OK,2661,3047,0,0.0,1 worm clean
/Users/benitaibrahim/Documents/PTUT/Minipatches_light_20260116/20221119T203029_SmallPatches_C6-CAM2,1,1,1,0,OK,2614,32036,0,0.0,1 worm clean
/Users/benitaibrahim/Documents/PTUT/Minipatches_light_20260116/20221116T193528_SmallPatches_C1-CAM7,0,0,1,0,WEIRD,0,0,0,0.0,0 worms
/Users/benitaibrahim/Documents/PTUT/Minipatches_light_20260116/20221117T200328_SmallPatches_C5-CAM6,1,1,1,0,OK,5995,28625,0,0.0,1 worm clean
/Users/benitaibrahim/Documents/PTUT/Minipatches_light_20260116/20221011T191645_SmallPatches_C3-CAM1,1,1,1,0,OK,1598,33011,0,0.0,1 worm clean
/Users/benitaibrahim/Documents/PTUT/Minipatches_light_20260116/20221110T194358_SmallPatches_C4-CAM2,1,1,1,0,OK,1879,32209,0,0.0,1 worm clean
/Users/benitaibrahim/Documents/PTUT/Minipatches_light_20260116/20221121T204538_SmallPatches_C1-CAM3,1,1,1,0,OK,4542,30031,0,0.0,1 worm clean
/Users/benitaibrahim/Documents/PTUT/Minipatches_light_20260116/20221125T233336_SmallPatches_C5-CAM5,1,1,1,0,OK,4248,30413,0,0.0,1 worm clean
/Users/benitaibrahim/Documents/PTUT/Minipatches_light_20260116/20221125T232148_SmallPatches_C3-CAM5,1,1,1,0,OK,4305,24141,0,0.0,1 worm clean
/Users/benitaibrahim/Documents/PTUT/Minipatches_light_20260116/20221017T202104_SmallPatches_C1-CAM2,1,1,1,0,OK,1804,19797,0,0.0,1 worm clean
/Users/benitaibrahim/Documents/PTUT/Minipatches_light_20260116/20221121T120032_SmallPatches_C1-CAM3,1,1,1,0,OK,1443,32855,0,0.0,1 worm clean
/Users/benitaibrahim/Documents/PTUT/Minipatches_light_20260116/20221126T114417_SmallPatches_C4-CAM7,1,1,1,0,OK,4597,10932,0,0.0,1 worm clean
/Users/benitaibrahim/Documents/PTUT/Minipatches_light_20260116/20221122T103559_SmallPatches_C4-CAM8,1,1,1,0,OK,8,34628,0,0.0,1 worm clean
/Users/benitaibrahim/Documents/PTUT/Minipatches_light_20260116/20221011T191645_SmallPatches_C3-CAM8,1,1,1,0,OK,4,34666,0,0.0,1 worm clean
/Users/benitaibrahim/Documents/PTUT/Minipatches_light_20260116/20221122T193952_SmallPatches_C6-CAM4,1,1,1,0,OK,3053,30930,0,0.0,1 worm clean
/Users/benitaibrahim/Documents/PTUT/Minipatches_light_20260116/20221110T194540_SmallPatches_C6-CAM6,1,1,1,0,OK,4033,17535,0,0.0,1 worm clean
/Users/benitaibrahim/Documents/PTUT/Minipatches_light_20260116/20221122T103611_SmallPatches_C6-CAM7,1,1,1,0,OK,13,34634,0,0.0,1 worm clean
/Users/benitaibrahim/Documents/PTUT/Minipatches_light_20260116/20221126T203516_SmallPatches_C1-CAM7,1,1,1,0,OK,19385,15155,0,0.0,1 worm clean
/Users/benitaibrahim/Documents/PTUT/Minipatches_light_20260116/20221121T205850_SmallPatches_C6-CAM4,1,1,1,0,OK,84,34588,0,0.0,1 worm clean
/Users/benitaibrahim/Documents/PTUT/Minipatches_light_20260116/20221012T200644_SmallPatches_C1-CAM7,1,1,1,0,OK,105,34509,0,0.0,1 worm clean
/Users/benitaibrahim/Documents/PTUT/Minipatches_light_20260116/20221110T105517_SmallPatches_C3-CAM6,1,1,1,0,OK,946,33722,0,0.0,1 worm clean
/Users/benitaibrahim/Documents/PTUT/Minipatches_light_20260116/20221126T205114_SmallPatches_C6-CAM7,1,1,1,0,OK,1397,33118,0,0.0,1 worm clean
/Users/benitaibrahim/Documents/PTUT/Minipatches_light_20260116/20221122T193952_SmallPatches_C6-CAM3,1,1,1,0,OK,170,34456,0,0.0,1 worm clean
/Users/benitaibrahim/Documents/PTUT/Minipatches_light_20260116/20221110T194540_SmallPatches_C6-CAM1,0,0,1,0,WEIRD,0,0,0,0.0,0 worms
/Users/benitaibrahim/Documents/PTUT/Minipatches_light_20260116/20221011T111318_SmallPatches_C2-CAM8,1,1,1,0,OK,660,8234,0,0.0,1 worm clean
/Users/benitaibrahim/Documents/PTUT/Minipatches_light_20260116/20221015T111939_SmallPatches_C3-CAM8,1,1,1,0,OK,0,34629,0,0.0,1 worm clean
/Users/benitaibrahim/Documents/PTUT/Minipatches_light_20260116/20221118T104744_SmallPatches_C5-CAM7,1,1,1,0,OK,1976,32667,0,0.0,1 worm clean
/Users/benitaibrahim/Documents/PTUT/Minipatches_light_20260116/20221126T205107_SmallPatches_C5-CAM2,1,1,1,0,OK,1114,33450,0,0.0,1 worm clean
/Users/benitaibrahim/Documents/PTUT/Minipatches_light_20260116/20221117T200328_SmallPatches_C5-CAM8,1,1,1,0,OK,10477,24119,0,0.0,1 worm clean
/Users/benitaibrahim/Documents/PTUT/Minipatches_light_20260116/20221110T105517_SmallPatches_C3-CAM1,1,1,1,0,OK,4236,30426,0,0.0,1 worm clean
/Users/benitaibrahim/Documents/PTUT/Minipatches_light_20260116/20221121T205850_SmallPatches_C6-CAM3,1,1,1,0,OK,9216,12676,0,0.0,1 worm clean
/Users/benitaibrahim/Documents/PTUT/Minipatches_light_20260116/20221123T115619_SmallPatches_C1-CAM8,1,1,1,0,OK,2209,32392,0,0.0,1 worm clean
/Users/benitaibrahim/Documents/PTUT/Minipatches_light_20260116/20221012T130017_SmallPatches_C3-CAM3,1,1,1,0,OK,182,27545,0,0.0,1 worm clean
/Users/benitaibrahim/Documents/PTUT/Minipatches_light_20260116/20221012T131916_SmallPatches_C5-CAM7,0,0,1,1,NO WORM,0,0,0,0.0,0 worms
/Users/benitaibrahim/Documents/PTUT/Minipatches_light_20260116/20221012T202949_SmallPatches_C4-CAM2,1,1,1,0,OK,5233,29395,0,0.0,1 worm clean
/Users/benitaibrahim/Documents/PTUT/Minipatches_light_20260116/20221115T111955_SmallPatches_C1-CAM7,1,1,1,0,OK,0,34601,0,0.0,1 worm clean
/Users/benitaibrahim/Documents/PTUT/Minipatches_light_20260116/20221012T125943_SmallPatches_C1-CAM6,1,1,1,0,OK,2121,25487,0,0.0,1 worm clean
/Users/benitaibrahim/Documents/PTUT/Minipatches_light_20260116/20221014T192604_SmallPatches_C4-CAM7,1,1,1,0,OK,0,34715,0,0.0,1 worm clean
/Users/benitaibrahim/Documents/PTUT/Minipatches_light_20260116/20221012T130017_SmallPatches_C3-CAM4,1,1,1,0,OK,2509,25208,0,0.0,1 worm clean
/Users/benitaibrahim/Documents/PTUT/Minipatches_light_20260116/20221126T203554_SmallPatches_C2-CAM8,0,0,1,0,WEIRD,0,0,0,0.0,0 worms
/Users/benitaibrahim/Documents/PTUT/Minipatches_light_20260116/20221017T111530_SmallPatches_C2-CAM6,1,1,1,0,OK,10678,24070,0,0.0,1 worm clean
/Users/benitaibrahim/Documents/PTUT/Minipatches_light_20260116/20221012T125943_SmallPatches_C1-CAM1,1,1,1,0,OK,3751,22605,0,0.0,1 worm clean
/Users/benitaibrahim/Documents/PTUT/Minipatches_light_20260116/20221123T210701_SmallPatches_C2-CAM2,1,1,1,0,OK,623,3319,0,0.0,1 worm clean
/Users/benitaibrahim/Documents/PTUT/Minipatches_light_20260116/20221012T202949_SmallPatches_C4-CAM5,1,1,1,0,OK,10350,24279,0,0.0,1 worm clean
/Users/benitaibrahim/Documents/PTUT/Minipatches_light_20260116/20221015T113303_SmallPatches_C4-CAM7,0,0,1,0,WEIRD,0,0,0,0.0,0 worms
/Users/benitaibrahim/Documents/PTUT/Minipatches_light_20260116/20221119T201803_SmallPatches_C3-CAM2,1,1,1,0,OK,2528,32033,0,0.0,1 worm clean
/Users/benitaibrahim/Documents/PTUT/Minipatches_light_20260116/20221012T125943_SmallPatches_C1-CAM8,0,0,1,0,WEIRD,0,0,0,0.0,0 worms
/Users/benitaibrahim/Documents/PTUT/Minipatches_light_20260116/20221014T192724_SmallPatches_C6-CAM2,1,0,1,0,WEIRD,2090,24322,8244,0.2378808864265928,2+ worms
/Users/benitaibrahim/Documents/PTUT/Minipatches_light_20260116/20221123T115619_SmallPatches_C1-CAM6,1,1,1,0,OK,6513,28090,0,0.0,1 worm clean
/Users/benitaibrahim/Documents/PTUT/Minipatches_light_20260116/20221013T201306_SmallPatches_C3-CAM2,1,1,1,0,OK,4241,30440,0,0.0,1 worm clean
/Users/benitaibrahim/Documents/PTUT/Minipatches_light_20260116/20221014T192724_SmallPatches_C6-CAM5,1,1,1,0,OK,0,34652,0,0.0,1 worm clean
/Users/benitaibrahim/Documents/PTUT/Minipatches_light_20260116/20221016T201820_SmallPatches_C2-CAM1,0,0,1,1,NO WORM,0,0,0,0.0,0 worms
/Users/benitaibrahim/Documents/PTUT/Minipatches_light_20260116/20221121T204614_SmallPatches_C2-CAM2,1,1,1,0,OK,356,33524,0,0.0,1 worm clean
/Users/benitaibrahim/Documents/PTUT/Minipatches_light_20260116/20221013T201306_SmallPatches_C3-CAM5,1,1,1,0,OK,0,34712,0,0.0,1 worm clean
/Users/benitaibrahim/Documents/PTUT/Minipatches_light_20260116/20221123T115619_SmallPatches_C1-CAM1,1,1,1,0,OK,5335,11151,0,0.0,1 worm clean
/Users/benitaibrahim/Documents/PTUT/Minipatches_light_20260116/20221117T195631_SmallPatches_C2-CAM6,1,1,1,0,OK,3017,28969,0,0.0,1 worm clean
/Users/benitaibrahim/Documents/PTUT/Minipatches_light_20260116/20221013T115324_SmallPatches_C4-CAM4,1,1,1,0,OK,1302,31824,0,0.0,1 worm clean
/Users/benitaibrahim/Documents/PTUT/Minipatches_light_20260116/20221126T203554_SmallPatches_C2-CAM6,1,1,1,0,OK,697,33789,0,0.0,1 worm clean
/Users/benitaibrahim/Documents/PTUT/Minipatches_light_20260116/20221122T193952_SmallPatches_C6-CAM2,1,1,1,0,OK,5,34524,0,0.0,1 worm clean
/Users/benitaibrahim/Documents/PTUT/Minipatches_light_20260116/20221126T205107_SmallPatches_C5-CAM3,1,1,1,0,OK,12279,22228,0,0.0,1 worm clean
/Users/benitaibrahim/Documents/PTUT/Minipatches_light_20260116/20221118T104744_SmallPatches_C5-CAM6,1,1,1,0,OK,0,34656,0,0.0,1 worm clean
/Users/benitaibrahim/Documents/PTUT/Minipatches_light_20260116/20221126T114417_SmallPatches_C4-CAM8,1,1,1,0,OK,14655,19496,0,0.0,1 worm clean
/Users/benitaibrahim/Documents/PTUT/Minipatches_light_20260116/20221122T103611_SmallPatches_C6-CAM1,1,1,1,0,OK,392,34264,0,0.0,1 worm clean
/Users/benitaibrahim/Documents/PTUT/Minipatches_light_20260116/20221126T203516_SmallPatches_C1-CAM1,1,1,1,0,OK,5784,13418,0,0.0,1 worm clean
/Users/benitaibrahim/Documents/PTUT/Minipatches_light_20260116/20221012T200644_SmallPatches_C1-CAM1,1,1,1,0,OK,4134,30467,0,0.0,1 worm clean
/Users/benitaibrahim/Documents/PTUT/Minipatches_light_20260116/20221121T205850_SmallPatches_C6-CAM2,1,1,1,0,OK,1965,32648,0,0.0,1 worm clean
/Users/benitaibrahim/Documents/PTUT/Minipatches_light_20260116/20221015T201543_SmallPatches_C5-CAM8,0,0,1,1,NO WORM,0,0,0,0.0,0 worms
/Users/benitaibrahim/Documents/PTUT/Minipatches_light_20260116/20221126T205114_SmallPatches_C6-CAM1,1,1,1,0,OK,287,34227,0,0.0,1 worm clean
/Users/benitaibrahim/Documents/PTUT/Minipatches_light_20260116/20221116T193528_SmallPatches_C1-CAM8,1,1,1,0,OK,3753,30805,0,0.0,1 worm clean
/Users/benitaibrahim/Documents/PTUT/Minipatches_light_20260116/20221122T103611_SmallPatches_C6-CAM6,1,1,1,0,OK,5939,28705,0,0.0,1 worm clean
/Users/benitaibrahim/Documents/PTUT/Minipatches_light_20260116/20221126T203516_SmallPatches_C1-CAM6,0,0,1,1,NO WORM,0,0,0,0.0,0 worms
/Users/benitaibrahim/Documents/PTUT/Minipatches_light_20260116/20221126T205107_SmallPatches_C5-CAM4,0,0,1,1,NO WORM,0,0,0,0.0,0 worms
/Users/benitaibrahim/Documents/PTUT/Minipatches_light_20260116/20221118T104744_SmallPatches_C5-CAM1,1,1,1,0,OK,18041,16603,0,0.0,1 worm clean
/Users/benitaibrahim/Documents/PTUT/Minipatches_light_20260116/20221122T193952_SmallPatches_C6-CAM5,1,1,1,0,OK,2024,32410,0,0.0,1 worm clean
/Users/benitaibrahim/Documents/PTUT/Minipatches_light_20260116/20221110T194540_SmallPatches_C6-CAM7,1,1,1,0,OK,3014,31647,0,0.0,1 worm clean
/Users/benitaibrahim/Documents/PTUT/Minipatches_light_20260116/20221126T205114_SmallPatches_C6-CAM6,1,1,1,0,OK,2669,31149,0,0.0,1 worm clean
/Users/benitaibrahim/Documents/PTUT/Minipatches_light_20260116/20221115T113211_SmallPatches_C4-CAM8,1,1,1,0,OK,0,34640,0,0.0,1 worm clean
/Users/benitaibrahim/Documents/PTUT/Minipatches_light_20260116/20221121T205850_SmallPatches_C6-CAM5,1,0,1,0,WEIRD,17749,15974,889,0.025684733618398244,1 worm with errors
/Users/benitaibrahim/Documents/PTUT/Minipatches_light_20260116/20221110T105517_SmallPatches_C3-CAM7,1,1,1,0,OK,106,33002,0,0.0,1 worm clean
/Users/benitaibrahim/Documents/PTUT/Minipatches_light_20260116/20221012T200644_SmallPatches_C1-CAM6,1,1,1,0,OK,0,34021,0,0.0,1 worm clean
/Users/benitaibrahim/Documents/PTUT/Minipatches_light_20260116/20221015T201431_SmallPatches_C4-CAM8,1,0,1,0,WEIRD,641,34022,6,0.00017306527445268107,1 worm with errors
/Users/benitaibrahim/Documents/PTUT/Minipatches_light_20260116/20221117T200328_SmallPatches_C5-CAM7,0,0,1,1,NO WORM,0,0,0,0.0,0 worms
/Users/benitaibrahim/Documents/PTUT/Minipatches_light_20260116/20221119T203029_SmallPatches_C6-CAM3,1,1,1,0,OK,4561,16806,0,0.0,1 worm clean
/Users/benitaibrahim/Documents/PTUT/Minipatches_light_20260116/20221115T113211_SmallPatches_C4-CAM1,1,1,1,0,OK,4683,29944,0,0.0,1 worm clean
/Users/benitaibrahim/Documents/PTUT/Minipatches_light_20260116/20221015T201543_SmallPatches_C5-CAM6,1,1,1,0,OK,6223,25076,0,0.0,1 worm clean
/Users/benitaibrahim/Documents/PTUT/Minipatches_light_20260116/20221125T233343_SmallPatches_C6-CAM2,1,1,1,0,OK,14019,20636,0,0.0,1 worm clean
/Users/benitaibrahim/Documents/PTUT/Minipatches_light_20260116/20221015T201431_SmallPatches_C4-CAM1,1,1,1,0,OK,14579,20092,0,0.0,1 worm clean
/Users/benitaibrahim/Documents/PTUT/Minipatches_light_20260116/20221125T232148_SmallPatches_C3-CAM4,1,1,1,0,OK,0,34657,0,0.0,1 worm clean
/Users/benitaibrahim/Documents/PTUT/Minipatches_light_20260116/20221017T202104_SmallPatches_C1-CAM3,1,1,1,0,OK,3233,28801,0,0.0,1 worm clean
/Users/benitaibrahim/Documents/PTUT/Minipatches_light_20260116/20221126T114417_SmallPatches_C4-CAM6,1,1,1,0,OK,745,33885,0,0.0,1 worm clean
/Users/benitaibrahim/Documents/PTUT/Minipatches_light_20260116/20221118T104744_SmallPatches_C5-CAM8,1,0,1,0,WEIRD,0,29612,5094,0.14677577364144528,2+ worms
/Users/benitaibrahim/Documents/PTUT/Minipatches_light_20260116/20221125T233336_SmallPatches_C5-CAM4,1,1,1,0,OK,10413,24202,0,0.0,1 worm clean
/Users/benitaibrahim/Documents/PTUT/Minipatches_light_20260116/20221015T111939_SmallPatches_C3-CAM7,1,1,1,0,OK,4497,30099,0,0.0,1 worm clean
/Users/benitaibrahim/Documents/PTUT/Minipatches_light_20260116/20221121T204538_SmallPatches_C1-CAM2,1,1,1,0,OK,0,11176,0,0.0,1 worm clean
/Users/benitaibrahim/Documents/PTUT/Minipatches_light_20260116/20221011T111318_SmallPatches_C2-CAM7,1,1,1,0,OK,0,33187,0,0.0,1 worm clean
/Users/benitaibrahim/Documents/PTUT/Minipatches_light_20260116/20221110T194358_SmallPatches_C4-CAM3,1,1,1,0,OK,979,33681,0,0.0,1 worm clean
/Users/benitaibrahim/Documents/PTUT/Minipatches_light_20260116/20221012T200644_SmallPatches_C1-CAM8,0,0,1,0,WEIRD,0,0,0,0.0,0 worms
/Users/benitaibrahim/Documents/PTUT/Minipatches_light_20260116/20221015T201431_SmallPatches_C4-CAM6,1,1,1,0,OK,972,33705,0,0.0,1 worm clean
/Users/benitaibrahim/Documents/PTUT/Minipatches_light_20260116/20221125T233343_SmallPatches_C6-CAM5,1,1,1,0,OK,8167,26449,0,0.0,1 worm clean
/Users/benitaibrahim/Documents/PTUT/Minipatches_light_20260116/20221126T205114_SmallPatches_C6-CAM8,1,1,1,0,OK,6637,27885,0,0.0,1 worm clean
/Users/benitaibrahim/Documents/PTUT/Minipatches_light_20260116/20221115T113211_SmallPatches_C4-CAM6,1,0,1,0,WEIRD,6017,14086,14479,0.4186860216297496,2+ worms
/Users/benitaibrahim/Documents/PTUT/Minipatches_light_20260116/20221119T203029_SmallPatches_C6-CAM4,1,1,1,0,OK,1179,33436,0,0.0,1 worm clean
/Users/benitaibrahim/Documents/PTUT/Minipatches_light_20260116/20221011T191645_SmallPatches_C3-CAM7,1,0,1,0,WEIRD,2827,31596,21,0.0006096852862617582,1 worm with errors
/Users/benitaibrahim/Documents/PTUT/Minipatches_light_20260116/20221110T194358_SmallPatches_C4-CAM4,1,1,1,0,OK,121,34542,0,0.0,1 worm clean
/Users/benitaibrahim/Documents/PTUT/Minipatches_light_20260116/20221125T233336_SmallPatches_C5-CAM3,1,0,1,0,WEIRD,0,87,34548,0.9974880900822867,2+ worms
/Users/benitaibrahim/Documents/PTUT/Minipatches_light_20260116/20221121T204538_SmallPatches_C1-CAM5,1,1,1,0,OK,590,33990,0,0.0,1 worm clean
/Users/benitaibrahim/Documents/PTUT/Minipatches_light_20260116/20221122T103559_SmallPatches_C4-CAM7,1,1,1,0,OK,787,33920,0,0.0,1 worm clean
/Users/benitaibrahim/Documents/PTUT/Minipatches_light_20260116/20221121T120032_SmallPatches_C1-CAM5,1,1,1,0,OK,21196,13385,0,0.0,1 worm clean
/Users/benitaibrahim/Documents/PTUT/Minipatches_light_20260116/20221126T114417_SmallPatches_C4-CAM1,1,1,1,0,OK,5150,29477,0,0.0,1 worm clean
/Users/benitaibrahim/Documents/PTUT/Minipatches_light_20260116/20221122T103611_SmallPatches_C6-CAM8,1,1,1,0,OK,0,34641,0,0.0,1 worm clean
/Users/benitaibrahim/Documents/PTUT/Minipatches_light_20260116/20221125T232148_SmallPatches_C3-CAM3,1,1,1,0,OK,5575,29063,0,0.0,1 worm clean
/Users/benitaibrahim/Documents/PTUT/Minipatches_light_20260116/20221126T203516_SmallPatches_C1-CAM8,1,1,1,0,OK,13345,20417,0,0.0,1 worm clean
/Users/benitaibrahim/Documents/PTUT/Minipatches_light_20260116/20221017T202104_SmallPatches_C1-CAM4,1,1,1,0,OK,4151,30436,0,0.0,1 worm clean
/Users/benitaibrahim/Documents/PTUT/Minipatches_light_20260116/20221013T115441_SmallPatches_C6-CAM8,0,0,1,0,WEIRD,0,0,0,0.0,0 worms
/Users/benitaibrahim/Documents/PTUT/Minipatches_light_20260116/20221125T144049_SmallPatches_C4-CAM1,1,1,1,0,OK,2856,5008,0,0.0,1 worm clean
/Users/benitaibrahim/Documents/PTUT/Minipatches_light_20260116/20221118T104750_SmallPatches_C6-CAM6,0,0,1,0,WEIRD,0,0,0,0.0,0 worms
/Users/benitaibrahim/Documents/PTUT/Minipatches_light_20260116/20221016T201712_SmallPatches_C1-CAM5,1,1,1,0,OK,4885,29681,0,0.0,1 worm clean
/Users/benitaibrahim/Documents/PTUT/Minipatches_light_20260116/20221117T200322_SmallPatches_C4-CAM1,1,1,1,0,OK,3916,30703,0,0.0,1 worm clean
/Users/benitaibrahim/Documents/PTUT/Minipatches_light_20260116/20221016T113125_SmallPatches_C2-CAM7,1,1,1,0,OK,1335,33249,0,0.0,1 worm clean
/Users/benitaibrahim/Documents/PTUT/Minipatches_light_20260116/20221126T112734_SmallPatches_C1-CAM4,1,1,1,0,OK,1669,32885,0,0.0,1 worm clean
/Users/benitaibrahim/Documents/PTUT/Minipatches_light_20260116/20221126T112823_SmallPatches_C2-CAM6,1,1,1,0,OK,1332,32428,0,0.0,1 worm clean
/Users/benitaibrahim/Documents/PTUT/Minipatches_light_20260116/20221123T115703_SmallPatches_C3-CAM8,0,0,1,0,WEIRD,0,0,0,0.0,0 worms
/Users/benitaibrahim/Documents/PTUT/Minipatches_light_20260116/20221016T113946_SmallPatches_C4-CAM2,0,0,1,0,WEIRD,0,0,0,0.0,0 worms
/Users/benitaibrahim/Documents/PTUT/Minipatches_light_20260116/20221117T200322_SmallPatches_C4-CAM6,0,0,1,0,WEIRD,0,0,0,0.0,0 worms
/Users/benitaibrahim/Documents/PTUT/Minipatches_light_20260116/20221016T201712_SmallPatches_C1-CAM2,1,1,1,0,OK,4428,30128,0,0.0,1 worm clean
/Users/benitaibrahim/Documents/PTUT/Minipatches_light_20260116/20221118T104750_SmallPatches_C6-CAM1,1,1,1,0,OK,2333,32316,0,0.0,1 worm clean
/Users/benitaibrahim/Documents/PTUT/Minipatches_light_20260116/20221125T144049_SmallPatches_C4-CAM6,1,0,1,0,WEIRD,1915,20429,12282,0.35470455726910416,2+ worms
/Users/benitaibrahim/Documents/PTUT/Minipatches_light_20260116/20221125T143343_SmallPatches_C3-CAM7,1,1,1,0,OK,8334,26193,0,0.0,1 worm clean
/Users/benitaibrahim/Documents/PTUT/Minipatches_light_20260116/20221016T113946_SmallPatches_C4-CAM5,0,0,1,1,NO WORM,0,0,0,0.0,0 worms
/Users/benitaibrahim/Documents/PTUT/Minipatches_light_20260116/20221012T203101_SmallPatches_C5-CAM4,1,1,1,0,OK,419,34224,0,0.0,1 worm clean
/Users/benitaibrahim/Documents/PTUT/Minipatches_light_20260116/20221126T112734_SmallPatches_C1-CAM3,1,1,1,0,OK,3024,31531,0,0.0,1 worm clean
/Users/benitaibrahim/Documents/PTUT/Minipatches_light_20260116/20221121T205844_SmallPatches_C5-CAM5,1,0,1,0,WEIRD,586,7450,26560,0.7677188114232859,2+ worms
/Users/benitaibrahim/Documents/PTUT/Minipatches_light_20260116/20221121T120115_SmallPatches_C3-CAM2,1,1,1,0,OK,313,32738,0,0.0,1 worm clean
/Users/benitaibrahim/Documents/PTUT/Minipatches_light_20260116/20221013T200144_SmallPatches_C6-CAM7,1,1,1,0,OK,1281,23186,0,0.0,1 worm clean
/Users/benitaibrahim/Documents/PTUT/Minipatches_light_20260116/20221123T115703_SmallPatches_C3-CAM6,1,1,1,0,OK,5340,29024,0,0.0,1 worm clean
/Users/benitaibrahim/Documents/PTUT/Minipatches_light_20260116/20221119T201756_SmallPatches_C2-CAM7,1,1,1,0,OK,801,33873,0,0.0,1 worm clean
/Users/benitaibrahim/Documents/PTUT/Minipatches_light_20260116/20221013T114809_SmallPatches_C3-CAM3,1,1,1,0,OK,253,32481,0,0.0,1 worm clean
/Users/benitaibrahim/Documents/PTUT/Minipatches_light_20260116/20221126T114429_SmallPatches_C6-CAM6,1,1,1,0,OK,0,34627,0,0.0,1 worm clean
/Users/benitaibrahim/Documents/PTUT/Minipatches_light_20260116/20221115T194401_SmallPatches_C4-CAM2,1,1,1,0,OK,4870,29765,0,0.0,1 worm clean
/Users/benitaibrahim/Documents/PTUT/Minipatches_light_20260116/20221012T200743_SmallPatches_C2-CAM7,1,1,1,0,OK,4243,30404,0,0.0,1 worm clean
/Users/benitaibrahim/Documents/PTUT/Minipatches_light_20260116/20221118T104750_SmallPatches_C6-CAM8,1,1,1,0,OK,2793,31935,0,0.0,1 worm clean
/Users/benitaibrahim/Documents/PTUT/Minipatches_light_20260116/20221015T195406_SmallPatches_C2-CAM3,1,1,1,0,OK,442,34213,0,0.0,1 worm clean
/Users/benitaibrahim/Documents/PTUT/Minipatches_light_20260116/20221013T115441_SmallPatches_C6-CAM6,1,1,1,0,OK,0,33118,0,0.0,1 worm clean
/Users/benitaibrahim/Documents/PTUT/Minipatches_light_20260116/20221123T211451_SmallPatches_C5-CAM3,1,1,1,0,OK,696,33852,0,0.0,1 worm clean
/Users/benitaibrahim/Documents/PTUT/Minipatches_light_20260116/20221014T191156_SmallPatches_C1-CAM2,1,1,1,0,OK,2,34607,0,0.0,1 worm clean
/Users/benitaibrahim/Documents/PTUT/Minipatches_light_20260116/20221115T194401_SmallPatches_C4-CAM5,1,1,1,0,OK,2630,32016,0,0.0,1 worm clean
/Users/benitaibrahim/Documents/PTUT/Minipatches_light_20260116/20221123T115703_SmallPatches_C3-CAM1,1,1,1,0,OK,815,33768,0,0.0,1 worm clean
/Users/benitaibrahim/Documents/PTUT/Minipatches_light_20260116/20221117T104110_SmallPatches_C2-CAM4,1,1,1,0,OK,6630,28038,0,0.0,1 worm clean
/Users/benitaibrahim/Documents/PTUT/Minipatches_light_20260116/20221013T115441_SmallPatches_C6-CAM1,1,1,1,0,OK,4905,27770,0,0.0,1 worm clean
/Users/benitaibrahim/Documents/PTUT/Minipatches_light_20260116/20221123T211451_SmallPatches_C5-CAM4,0,0,1,0,WEIRD,0,0,0,0.0,0 worms
/Users/benitaibrahim/Documents/PTUT/Minipatches_light_20260116/20221014T191156_SmallPatches_C1-CAM5,1,1,1,0,OK,2293,32349,0,0.0,1 worm clean
/Users/benitaibrahim/Documents/PTUT/Minipatches_light_20260116/20221015T195406_SmallPatches_C2-CAM4,1,1,1,0,OK,2273,32443,0,0.0,1 worm clean
/Users/benitaibrahim/Documents/PTUT/Minipatches_light_20260116/20221117T105407_SmallPatches_C4-CAM7,0,0,1,0,WEIRD,0,0,0,0.0,0 worms
/Users/benitaibrahim/Documents/PTUT/Minipatches_light_20260116/20221110T193022_SmallPatches_C1-CAM4,0,0,1,1,NO WORM,0,0,0,0.0,0 worms
/Users/benitaibrahim/Documents/PTUT/Minipatches_light_20260116/20221120T190723_SmallPatches_C1-CAM3,1,1,1,0,OK,2056,2629,0,0.0,1 worm clean
/Users/benitaibrahim/Documents/PTUT/Minipatches_light_20260116/20221115T194409_SmallPatches_C5-CAM1,1,1,1,0,OK,5317,29012,0,0.0,1 worm clean
/Users/benitaibrahim/Documents/PTUT/Minipatches_light_20260116/20221116T194416_SmallPatches_C6-CAM2,0,0,1,0,WEIRD,0,0,0,0.0,0 worms
/Users/benitaibrahim/Documents/PTUT/Minipatches_light_20260116/20221121T121404_SmallPatches_C6-CAM8,1,1,1,0,OK,7851,26759,0,0.0,1 worm clean
/Users/benitaibrahim/Documents/PTUT/Minipatches_light_20260116/20221016T113100_SmallPatches_C3-CAM1,1,1,1,0,OK,13,34555,0,0.0,1 worm clean
/Users/benitaibrahim/Documents/PTUT/Minipatches_light_20260116/20221015T195345_SmallPatches_C3-CAM7,0,0,1,0,WEIRD,0,0,0,0.0,0 worms
/Users/benitaibrahim/Documents/PTUT/Minipatches_light_20260116/20221014T192717_SmallPatches_C5-CAM6,1,1,1,0,OK,393,34325,0,0.0,1 worm clean
/Users/benitaibrahim/Documents/PTUT/Minipatches_light_20260116/20221121T121351_SmallPatches_C4-CAM7,1,1,1,0,OK,21655,12556,0,0.0,1 worm clean
/Users/benitaibrahim/Documents/PTUT/Minipatches_light_20260116/20221017T202208_SmallPatches_C2-CAM2,1,1,1,0,OK,1206,31229,0,0.0,1 worm clean
/Users/benitaibrahim/Documents/PTUT/Minipatches_light_20260116/20221014T101612_SmallPatches_C2-CAM7,1,1,1,0,OK,0,34641,0,0.0,1 worm clean
/Users/benitaibrahim/Documents/PTUT/Minipatches_light_20260116/20221110T111030_SmallPatches_C6-CAM7,1,1,1,0,OK,2170,31005,0,0.0,1 worm clean
/Users/benitaibrahim/Documents/PTUT/Minipatches_light_20260116/20221123T120814_SmallPatches_C5-CAM7,1,1,1,0,OK,21369,13208,0,0.0,1 worm clean
/Users/benitaibrahim/Documents/PTUT/Minipatches_light_20260116/20221119T113711_SmallPatches_C1-CAM8,1,1,1,0,OK,2112,32425,0,0.0,1 worm clean
/Users/benitaibrahim/Documents/PTUT/Minipatches_light_20260116/20221122T102319_SmallPatches_C1-CAM6,1,1,1,0,OK,689,33912,0,0.0,1 worm clean
/Users/benitaibrahim/Documents/PTUT/Minipatches_light_20260116/20221123T210621_SmallPatches_C1-CAM7,0,0,1,1,NO WORM,0,0,0,0.0,0 worms
/Users/benitaibrahim/Documents/PTUT/Minipatches_light_20260116/20221012T203108_SmallPatches_C6-CAM2,1,1,1,0,OK,1701,32885,0,0.0,1 worm clean
/Users/benitaibrahim/Documents/PTUT/Minipatches_light_20260116/20221017T202208_SmallPatches_C2-CAM5,1,1,1,0,OK,3965,30687,0,0.0,1 worm clean
/Users/benitaibrahim/Documents/PTUT/Minipatches_light_20260116/20221013T114833_SmallPatches_C2-CAM8,1,1,1,0,OK,36,33500,0,0.0,1 worm clean
/Users/benitaibrahim/Documents/PTUT/Minipatches_light_20260116/20221013T201234_SmallPatches_C1-CAM7,0,0,1,0,WEIRD,0,0,0,0.0,0 worms
/Users/benitaibrahim/Documents/PTUT/Minipatches_light_20260116/20221014T192717_SmallPatches_C5-CAM1,1,1,1,0,OK,3351,31161,0,0.0,1 worm clean
/Users/benitaibrahim/Documents/PTUT/Minipatches_light_20260116/20221121T205835_SmallPatches_C4-CAM8,1,0,1,0,WEIRD,29424,2573,159,0.004944644856325414,1 worm with errors
/Users/benitaibrahim/Documents/PTUT/Minipatches_light_20260116/20221120T190723_SmallPatches_C1-CAM4,1,1,1,0,OK,89,34479,0,0.0,1 worm clean
/Users/benitaibrahim/Documents/PTUT/Minipatches_light_20260116/20221115T194409_SmallPatches_C5-CAM6,1,1,1,0,OK,341,34302,0,0.0,1 worm clean
/Users/benitaibrahim/Documents/PTUT/Minipatches_light_20260116/20221116T194416_SmallPatches_C6-CAM5,1,1,1,0,OK,0,34721,0,0.0,1 worm clean
/Users/benitaibrahim/Documents/PTUT/Minipatches_light_20260116/20221110T193022_SmallPatches_C1-CAM3,1,1,1,0,OK,8235,25994,0,0.0,1 worm clean
/Users/benitaibrahim/Documents/PTUT/Minipatches_light_20260116/20221123T120820_SmallPatches_C6-CAM8,0,0,1,0,WEIRD,0,0,0,0.0,0 worms
/Users/benitaibrahim/Documents/PTUT/Minipatches_light_20260116/20221012T203108_SmallPatches_C6-CAM5,1,1,1,0,OK,1539,33122,0,0.0,1 worm clean
/Users/benitaibrahim/Documents/PTUT/Minipatches_light_20260116/20221120T191908_SmallPatches_C6-CAM8,0,0,1,0,WEIRD,0,0,0,0.0,0 worms
/Users/benitaibrahim/Documents/PTUT/Minipatches_light_20260116/20221122T102319_SmallPatches_C1-CAM1,1,1,1,0,OK,10320,4642,0,0.0,1 worm clean
/Users/benitaibrahim/Documents/PTUT/Minipatches_light_20260116/20221017T203157_SmallPatches_C4-CAM2,1,1,1,0,OK,7989,26625,0,0.0,1 worm clean
/Users/benitaibrahim/Documents/PTUT/Minipatches_light_20260116/20221122T193937_SmallPatches_C4-CAM8,1,0,1,0,WEIRD,0,10583,24053,0.6944508603764868,2+ worms
/Users/benitaibrahim/Documents/PTUT/Minipatches_light_20260116/20221123T120820_SmallPatches_C6-CAM1,1,1,1,0,OK,7430,27126,0,0.0,1 worm clean
/Users/benitaibrahim/Documents/PTUT/Minipatches_light_20260116/20221117T105419_SmallPatches_C6-CAM1,1,1,1,0,OK,4268,30376,0,0.0,1 worm clean
/Users/benitaibrahim/Documents/PTUT/Minipatches_light_20260116/20221011T192051_SmallPatches_C4-CAM4,1,1,1,0,OK,8008,26646,0,0.0,1 worm clean
/Users/benitaibrahim/Documents/PTUT/Minipatches_light_20260116/20221016T203314_SmallPatches_C5-CAM6,1,1,1,0,OK,3403,31309,0,0.0,1 worm clean
/Users/benitaibrahim/Documents/PTUT/Minipatches_light_20260116/20221017T111428_SmallPatches_C1-CAM3,0,0,1,0,WEIRD,0,0,0,0.0,0 worms
/Users/benitaibrahim/Documents/PTUT/Minipatches_light_20260116/20221122T102319_SmallPatches_C1-CAM8,1,0,1,0,WEIRD,136,5541,28912,0.8358726762843679,2+ worms
/Users/benitaibrahim/Documents/PTUT/Minipatches_light_20260116/20221120T191908_SmallPatches_C6-CAM1,1,1,1,0,OK,6656,27926,0,0.0,1 worm clean
/Users/benitaibrahim/Documents/PTUT/Minipatches_light_20260116/20221119T113711_SmallPatches_C1-CAM6,1,1,1,0,OK,502,34044,0,0.0,1 worm clean
/Users/benitaibrahim/Documents/PTUT/Minipatches_light_20260116/20221117T104032_SmallPatches_C1-CAM4,1,1,1,0,OK,66,34565,0,0.0,1 worm clean
/Users/benitaibrahim/Documents/PTUT/Minipatches_light_20260116/20221122T193937_SmallPatches_C4-CAM1,1,1,1,0,OK,22927,11674,0,0.0,1 worm clean
/Users/benitaibrahim/Documents/PTUT/Minipatches_light_20260116/20221116T194402_SmallPatches_C4-CAM5,1,0,1,0,WEIRD,0,0,34634,1.0,2+ worms
/Users/benitaibrahim/Documents/PTUT/Minipatches_light_20260116/20221125T143338_SmallPatches_C2-CAM2,1,1,1,0,OK,1910,32695,0,0.0,1 worm clean
/Users/benitaibrahim/Documents/PTUT/Minipatches_light_20260116/20221014T192717_SmallPatches_C5-CAM8,1,1,1,0,OK,5858,28800,0,0.0,1 worm clean
/Users/benitaibrahim/Documents/PTUT/Minipatches_light_20260116/20221121T121404_SmallPatches_C6-CAM6,1,1,1,0,OK,0,552,0,0.0,1 worm clean
/Users/benitaibrahim/Documents/PTUT/Minipatches_light_20260116/20221119T113711_SmallPatches_C1-CAM1,1,1,1,0,OK,7979,24569,0,0.0,1 worm clean
/Users/benitaibrahim/Documents/PTUT/Minipatches_light_20260116/20221117T104032_SmallPatches_C1-CAM3,1,1,1,0,OK,5085,29537,0,0.0,1 worm clean
/Users/benitaibrahim/Documents/PTUT/Minipatches_light_20260116/20221122T193937_SmallPatches_C4-CAM6,0,0,1,0,WEIRD,0,0,0,0.0,0 worms
/Users/benitaibrahim/Documents/PTUT/Minipatches_light_20260116/20221120T191908_SmallPatches_C6-CAM6,1,1,1,0,OK,2334,32289,0,0.0,1 worm clean
/Users/benitaibrahim/Documents/PTUT/Minipatches_light_20260116/20221017T111428_SmallPatches_C1-CAM4,1,1,1,0,OK,2525,32043,0,0.0,1 worm clean
/Users/benitaibrahim/Documents/PTUT/Minipatches_light_20260116/20221123T120820_SmallPatches_C6-CAM6,0,0,1,1,NO WORM,0,0,0,0.0,0 worms
/Users/benitaibrahim/Documents/PTUT/Minipatches_light_20260116/20221011T192051_SmallPatches_C4-CAM3,1,1,1,0,OK,22679,11979,0,0.0,1 worm clean
/Users/benitaibrahim/Documents/PTUT/Minipatches_light_20260116/20221117T105419_SmallPatches_C6-CAM6,1,1,1,0,OK,8461,26196,0,0.0,1 worm clean
/Users/benitaibrahim/Documents/PTUT/Minipatches_light_20260116/20221016T203314_SmallPatches_C5-CAM1,0,0,1,1,NO WORM,0,0,0,0.0,0 worms
/Users/benitaibrahim/Documents/PTUT/Minipatches_light_20260116/20221115T193605_SmallPatches_C2-CAM4,1,1,1,0,OK,9149,25595,0,0.0,1 worm clean
/Users/benitaibrahim/Documents/PTUT/Minipatches_light_20260116/20221115T194409_SmallPatches_C5-CAM8,1,0,1,0,WEIRD,18403,11491,4202,0.12324026278742374,2+ worms
/Users/benitaibrahim/Documents/PTUT/Minipatches_light_20260116/20221121T121404_SmallPatches_C6-CAM1,1,1,1,0,OK,0,34601,0,0.0,1 worm clean
/Users/benitaibrahim/Documents/PTUT/Minipatches_light_20260116/20221016T113100_SmallPatches_C3-CAM8,1,1,1,0,OK,0,34460,0,0.0,1 worm clean
/Users/benitaibrahim/Documents/PTUT/Minipatches_light_20260116/20221014T191245_SmallPatches_C3-CAM7,1,1,1,0,OK,157,34421,0,0.0,1 worm clean
/Users/benitaibrahim/Documents/PTUT/Minipatches_light_20260116/20221116T194402_SmallPatches_C4-CAM2,1,1,1,0,OK,10464,24070,0,0.0,1 worm clean
/Users/benitaibrahim/Documents/PTUT/Minipatches_light_20260116/20221013T114833_SmallPatches_C2-CAM6,0,0,1,0,WEIRD,0,0,0,0.0,0 worms
/Users/benitaibrahim/Documents/PTUT/Minipatches_light_20260116/20221115T194401_SmallPatches_C4-CAM4,0,0,1,0,WEIRD,0,0,0,0.0,0 worms
/Users/benitaibrahim/Documents/PTUT/Minipatches_light_20260116/20221013T200144_SmallPatches_C6-CAM8,1,1,1,0,OK,7056,27645,0,0.0,1 worm clean
/Users/benitaibrahim/Documents/PTUT/Minipatches_light_20260116/20221013T115434_SmallPatches_C5-CAM6,1,1,1,0,OK,5882,26641,0,0.0,1 worm clean
/Users/benitaibrahim/Documents/PTUT/Minipatches_light_20260116/20221012T200743_SmallPatches_C2-CAM1,1,1,1,0,OK,4091,30519,0,0.0,1 worm clean
/Users/benitaibrahim/Documents/PTUT/Minipatches_light_20260116/20221123T211451_SmallPatches_C5-CAM5,1,1,1,0,OK,2050,32561,0,0.0,1 worm clean
/Users/benitaibrahim/Documents/PTUT/Minipatches_light_20260116/20221125T143343_SmallPatches_C3-CAM8,1,1,1,0,OK,8092,26367,0,0.0,1 worm clean
/Users/benitaibrahim/Documents/PTUT/Minipatches_light_20260116/20221014T191156_SmallPatches_C1-CAM4,1,1,1,0,OK,1270,9607,0,0.0,1 worm clean
/Users/benitaibrahim/Documents/PTUT/Minipatches_light_20260116/20221013T115434_SmallPatches_C5-CAM1,1,1,1,0,OK,20432,8698,0,0.0,1 worm clean
/Users/benitaibrahim/Documents/PTUT/Minipatches_light_20260116/20221126T114429_SmallPatches_C6-CAM7,0,0,1,1,NO WORM,0,0,0,0.0,0 worms
/Users/benitaibrahim/Documents/PTUT/Minipatches_light_20260116/20221115T194401_SmallPatches_C4-CAM3,0,0,1,1,NO WORM,0,0,0,0.0,0 worms
/Users/benitaibrahim/Documents/PTUT/Minipatches_light_20260116/20221117T104110_SmallPatches_C2-CAM2,1,1,1,0,OK,686,33885,0,0.0,1 worm clean
/Users/benitaibrahim/Documents/PTUT/Minipatches_light_20260116/20221119T201756_SmallPatches_C2-CAM6,1,1,1,0,OK,477,34102,0,0.0,1 worm clean
/Users/benitaibrahim/Documents/PTUT/Minipatches_light_20260116/20221013T114809_SmallPatches_C3-CAM2,1,1,1,0,OK,1158,31578,0,0.0,1 worm clean
/Users/benitaibrahim/Documents/PTUT/Minipatches_light_20260116/20221118T104737_SmallPatches_C4-CAM1,1,0,1,0,WEIRD,0,13590,21063,0.6078261622370358,2+ worms
/Users/benitaibrahim/Documents/PTUT/Minipatches_light_20260116/20221015T195406_SmallPatches_C2-CAM2,1,0,1,0,WEIRD,8597,20362,1,3.4530386740331494e-05,1 worm with errors
/Users/benitaibrahim/Documents/PTUT/Minipatches_light_20260116/20221123T211451_SmallPatches_C5-CAM2,1,1,1,0,OK,2951,31770,0,0.0,1 worm clean
/Users/benitaibrahim/Documents/PTUT/Minipatches_light_20260116/20221013T115441_SmallPatches_C6-CAM7,1,1,1,0,OK,3189,29925,0,0.0,1 worm clean
/Users/benitaibrahim/Documents/PTUT/Minipatches_light_20260116/20221014T191156_SmallPatches_C1-CAM3,0,0,1,1,NO WORM,0,0,0,0.0,0 worms
/Users/benitaibrahim/Documents/PTUT/Minipatches_light_20260116/20221012T200743_SmallPatches_C2-CAM6,1,1,1,0,OK,49,34579,0,0.0,1 worm clean
/Users/benitaibrahim/Documents/PTUT/Minipatches_light_20260116/20221125T143343_SmallPatches_C3-CAM6,1,1,1,0,OK,3611,30906,0,0.0,1 worm clean
/Users/benitaibrahim/Documents/PTUT/Minipatches_light_20260116/20221117T200322_SmallPatches_C4-CAM7,1,0,1,0,WEIRD,0,3202,31483,0.9076834366440825,2+ worms
/Users/benitaibrahim/Documents/PTUT/Minipatches_light_20260116/20221016T201712_SmallPatches_C1-CAM3,1,1,1,0,OK,2191,32371,0,0.0,1 worm clean
/Users/benitaibrahim/Documents/PTUT/Minipatches_light_20260116/20221013T115434_SmallPatches_C5-CAM8,1,1,1,0,OK,22027,6618,0,0.0,1 worm clean
/Users/benitaibrahim/Documents/PTUT/Minipatches_light_20260116/20221013T200144_SmallPatches_C6-CAM6,1,1,1,0,OK,0,34659,0,0.0,1 worm clean
/Users/benitaibrahim/Documents/PTUT/Minipatches_light_20260116/20221126T112734_SmallPatches_C1-CAM2,1,1,1,0,OK,13617,20939,0,0.0,1 worm clean
/Users/benitaibrahim/Documents/PTUT/Minipatches_light_20260116/20221012T203101_SmallPatches_C5-CAM5,0,0,1,0,WEIRD,0,0,0,0.0,0 worms
/Users/benitaibrahim/Documents/PTUT/Minipatches_light_20260116/20221016T113946_SmallPatches_C4-CAM4,0,0,1,1,NO WORM,0,0,0,0.0,0 worms
/Users/benitaibrahim/Documents/PTUT/Minipatches_light_20260116/20221016T201712_SmallPatches_C1-CAM4,1,1,1,0,OK,4365,29198,0,0.0,1 worm clean
/Users/benitaibrahim/Documents/PTUT/Minipatches_light_20260116/20221118T104750_SmallPatches_C6-CAM7,1,1,1,0,OK,12387,22305,0,0.0,1 worm clean
/Users/benitaibrahim/Documents/PTUT/Minipatches_light_20260116/20221012T200743_SmallPatches_C2-CAM8,1,1,1,0,OK,1051,33569,0,0.0,1 worm clean
/Users/benitaibrahim/Documents/PTUT/Minipatches_light_20260116/20221125T143343_SmallPatches_C3-CAM1,0,0,1,0,WEIRD,0,0,0,0.0,0 worms
/Users/benitaibrahim/Documents/PTUT/Minipatches_light_20260116/20221121T205844_SmallPatches_C5-CAM3,1,1,1,0,OK,3189,31388,0,0.0,1 worm clean
/Users/benitaibrahim/Documents/PTUT/Minipatches_light_20260116/20221116T102313_SmallPatches_C2-CAM2,1,1,1,0,OK,2373,32323,0,0.0,1 worm clean
/Users/benitaibrahim/Documents/PTUT/Minipatches_light_20260116/20221012T203101_SmallPatches_C5-CAM2,1,1,1,0,OK,0,34646,0,0.0,1 worm clean
/Users/benitaibrahim/Documents/PTUT/Minipatches_light_20260116/20221016T113946_SmallPatches_C4-CAM3,0,0,1,0,WEIRD,0,0,0,0.0,0 worms
/Users/benitaibrahim/Documents/PTUT/Minipatches_light_20260116/20221126T112734_SmallPatches_C1-CAM5,1,1,1,0,OK,2777,31169,0,0.0,1 worm clean
/Users/benitaibrahim/Documents/PTUT/Minipatches_light_20260116/20221126T112823_SmallPatches_C2-CAM7,1,1,1,0,OK,2997,19838,0,0.0,1 worm clean
/Users/benitaibrahim/Documents/PTUT/Minipatches_light_20260116/20221013T200144_SmallPatches_C6-CAM1,1,1,1,0,OK,5287,29242,0,0.0,1 worm clean
/Users/benitaibrahim/Documents/PTUT/Minipatches_light_20260116/20221121T120115_SmallPatches_C3-CAM4,1,1,1,0,OK,41,34532,0,0.0,1 worm clean
/Users/benitaibrahim/Documents/PTUT/Minipatches_light_20260116/20221117T105419_SmallPatches_C6-CAM7,1,1,1,0,OK,20524,2464,0,0.0,1 worm clean
/Users/benitaibrahim/Documents/PTUT/Minipatches_light_20260116/20221011T192051_SmallPatches_C4-CAM2,1,1,1,0,OK,99,34325,0,0.0,1 worm clean
/Users/benitaibrahim/Documents/PTUT/Minipatches_light_20260116/20221123T120820_SmallPatches_C6-CAM7,1,1,1,0,OK,1236,33339,0,0.0,1 worm clean
/Users/benitaibrahim/Documents/PTUT/Minipatches_light_20260116/20221017T111428_SmallPatches_C1-CAM5,1,1,1,0,OK,13,34555,0,0.0,1 worm clean
/Users/benitaibrahim/Documents/PTUT/Minipatches_light_20260116/20221122T193937_SmallPatches_C4-CAM7,1,1,1,0,OK,3932,30762,0,0.0,1 worm clean
/Users/benitaibrahim/Documents/PTUT/Minipatches_light_20260116/20221120T191908_SmallPatches_C6-CAM7,1,1,1,0,OK,0,34617,0,0.0,1 worm clean
/Users/benitaibrahim/Documents/PTUT/Minipatches_light_20260116/20221013T201234_SmallPatches_C1-CAM8,1,1,1,0,OK,4056,30596,0,0.0,1 worm clean
/Users/benitaibrahim/Documents/PTUT/Minipatches_light_20260116/20221116T194402_SmallPatches_C4-CAM3,0,0,1,0,WEIRD,0,0,0,0.0,0 worms
/Users/benitaibrahim/Documents/PTUT/Minipatches_light_20260116/20221013T114833_SmallPatches_C2-CAM7,1,0,1,0,WEIRD,0,4889,28665,0.8542945699469512,2+ worms
/Users/benitaibrahim/Documents/PTUT/Minipatches_light_20260116/20221014T191245_SmallPatches_C3-CAM6,1,1,1,0,OK,4375,30240,0,0.0,1 worm clean
/Users/benitaibrahim/Documents/PTUT/Minipatches_light_20260116/20221123T210621_SmallPatches_C1-CAM8,1,1,1,0,OK,6813,27775,0,0.0,1 worm clean
/Users/benitaibrahim/Documents/PTUT/Minipatches_light_20260116/20221117T104032_SmallPatches_C1-CAM5,1,1,1,0,OK,342,34241,0,0.0,1 worm clean
/Users/benitaibrahim/Documents/PTUT/Minipatches_light_20260116/20221119T113711_SmallPatches_C1-CAM7,1,1,1,0,OK,12832,21704,0,0.0,1 worm clean
/Users/benitaibrahim/Documents/PTUT/Minipatches_light_20260116/20221110T111030_SmallPatches_C6-CAM8,1,1,1,0,OK,6098,28563,0,0.0,1 worm clean
/Users/benitaibrahim/Documents/PTUT/Minipatches_light_20260116/20221123T120814_SmallPatches_C5-CAM8,1,1,1,0,OK,0,34592,0,0.0,1 worm clean
/Users/benitaibrahim/Documents/PTUT/Minipatches_light_20260116/20221017T111428_SmallPatches_C1-CAM2,1,0,1,0,WEIRD,924,17549,16095,0.46560402684563756,2+ worms
/Users/benitaibrahim/Documents/PTUT/Minipatches_light_20260116/20221011T192051_SmallPatches_C4-CAM5,1,1,1,0,OK,0,34510,0,0.0,1 worm clean
/Users/benitaibrahim/Documents/PTUT/Minipatches_light_20260116/20221015T195345_SmallPatches_C3-CAM8,1,1,1,0,OK,10876,23741,0,0.0,1 worm clean
/Users/benitaibrahim/Documents/PTUT/Minipatches_light_20260116/20221014T191245_SmallPatches_C3-CAM1,1,1,1,0,OK,0,34623,0,0.0,1 worm clean
/Users/benitaibrahim/Documents/PTUT/Minipatches_light_20260116/20221119T203018_SmallPatches_C4-CAM4,1,1,1,0,OK,3645,30801,0,0.0,1 worm clean
/Users/benitaibrahim/Documents/PTUT/Minipatches_light_20260116/20221121T121404_SmallPatches_C6-CAM7,1,1,1,0,OK,2748,31856,0,0.0,1 worm clean
/Users/benitaibrahim/Documents/PTUT/Minipatches_light_20260116/20221117T105407_SmallPatches_C4-CAM8,1,1,1,0,OK,7213,27434,0,0.0,1 worm clean
/Users/benitaibrahim/Documents/PTUT/Minipatches_light_20260116/20221116T194402_SmallPatches_C4-CAM4,1,1,1,0,OK,8789,25853,0,0.0,1 worm clean
/Users/benitaibrahim/Documents/PTUT/Minipatches_light_20260116/20221014T191245_SmallPatches_C3-CAM8,1,1,1,0,OK,3090,30674,0,0.0,1 worm clean
/Users/benitaibrahim/Documents/PTUT/Minipatches_light_20260116/20221015T195345_SmallPatches_C3-CAM1,1,1,1,0,OK,3691,30934,0,0.0,1 worm clean
/Users/benitaibrahim/Documents/PTUT/Minipatches_light_20260116/20221117T105407_SmallPatches_C4-CAM1,0,0,1,0,WEIRD,0,0,0,0.0,0 worms
/Users/benitaibrahim/Documents/PTUT/Minipatches_light_20260116/20221110T193022_SmallPatches_C1-CAM2,1,1,1,0,OK,7367,27237,0,0.0,1 worm clean
/Users/benitaibrahim/Documents/PTUT/Minipatches_light_20260116/20221116T194416_SmallPatches_C6-CAM4,1,1,1,0,OK,6503,28197,0,0.0,1 worm clean
/Users/benitaibrahim/Documents/PTUT/Minipatches_light_20260116/20221120T190723_SmallPatches_C1-CAM5,1,1,1,0,OK,5684,28804,0,0.0,1 worm clean
/Users/benitaibrahim/Documents/PTUT/Minipatches_light_20260116/20221115T194409_SmallPatches_C5-CAM7,1,1,1,0,OK,3387,30651,0,0.0,1 worm clean
/Users/benitaibrahim/Documents/PTUT/Minipatches_light_20260116/20221017T202208_SmallPatches_C2-CAM4,0,0,1,1,NO WORM,0,0,0,0.0,0 worms
/Users/benitaibrahim/Documents/PTUT/Minipatches_light_20260116/20221013T201234_SmallPatches_C1-CAM6,1,1,1,0,OK,7977,26685,0,0.0,1 worm clean
/Users/benitaibrahim/Documents/PTUT/Minipatches_light_20260116/20221017T203157_SmallPatches_C4-CAM3,1,1,1,0,OK,10870,23780,0,0.0,1 worm clean
/Users/benitaibrahim/Documents/PTUT/Minipatches_light_20260116/20221123T210621_SmallPatches_C1-CAM1,1,1,1,0,OK,26014,4495,0,0.0,1 worm clean
/Users/benitaibrahim/Documents/PTUT/Minipatches_light_20260116/20221012T203108_SmallPatches_C6-CAM4,0,0,1,1,NO WORM,0,0,0,0.0,0 worms
/Users/benitaibrahim/Documents/PTUT/Minipatches_light_20260116/20221110T111030_SmallPatches_C6-CAM1,1,0,1,0,WEIRD,392,15269,19002,0.5481925972939445,2+ worms
/Users/benitaibrahim/Documents/PTUT/Minipatches_light_20260116/20221123T120814_SmallPatches_C5-CAM1,1,1,1,0,OK,2322,32248,0,0.0,1 worm clean
/Users/benitaibrahim/Documents/PTUT/Minipatches_light_20260116/20221013T201234_SmallPatches_C1-CAM1,1,0,1,0,WEIRD,1,3965,30688,0.8855543371616552,2+ worms
/Users/benitaibrahim/Documents/PTUT/Minipatches_light_20260116/20221014T192717_SmallPatches_C5-CAM7,1,1,1,0,OK,5271,29393,0,0.0,1 worm clean
/Users/benitaibrahim/Documents/PTUT/Minipatches_light_20260116/20221116T194416_SmallPatches_C6-CAM3,1,1,1,0,OK,5655,29029,0,0.0,1 worm clean
/Users/benitaibrahim/Documents/PTUT/Minipatches_light_20260116/20221120T190723_SmallPatches_C1-CAM2,1,1,1,0,OK,9968,24603,0,0.0,1 worm clean
/Users/benitaibrahim/Documents/PTUT/Minipatches_light_20260116/20221117T105407_SmallPatches_C4-CAM6,1,1,1,0,OK,0,31454,0,0.0,1 worm clean
/Users/benitaibrahim/Documents/PTUT/Minipatches_light_20260116/20221110T193022_SmallPatches_C1-CAM5,1,1,1,0,OK,171,34465,0,0.0,1 worm clean
/Users/benitaibrahim/Documents/PTUT/Minipatches_light_20260116/20221015T195345_SmallPatches_C3-CAM6,1,1,1,0,OK,2905,30982,0,0.0,1 worm clean
/Users/benitaibrahim/Documents/PTUT/Minipatches_light_20260116/20221110T111030_SmallPatches_C6-CAM6,0,0,1,0,WEIRD,0,0,0,0.0,0 worms
/Users/benitaibrahim/Documents/PTUT/Minipatches_light_20260116/20221123T120814_SmallPatches_C5-CAM6,0,0,1,0,WEIRD,0,0,0,0.0,0 worms
/Users/benitaibrahim/Documents/PTUT/Minipatches_light_20260116/20221123T210621_SmallPatches_C1-CAM6,1,1,1,0,OK,62,34530,0,0.0,1 worm clean
/Users/benitaibrahim/Documents/PTUT/Minipatches_light_20260116/20221017T203157_SmallPatches_C4-CAM4,1,1,1,0,OK,423,34223,0,0.0,1 worm clean
/Users/benitaibrahim/Documents/PTUT/Minipatches_light_20260116/20221122T102319_SmallPatches_C1-CAM7,1,1,1,0,OK,5665,28926,0,0.0,1 worm clean
