Folder Path,traj.csv exists?,foodpatches_reviewed.csv exists?,traj.mat exists?,traj.mat empty?,Diagnosis of video,frames with zero worms,frames with one worm,frames with two or more worms,proportion of frames with multiple worms,final classification of the video,proportion of frames with multiple worms after filtering
/Users/noursaad/Desktop/PTUT/Minipatches_light_20260116/20221115T113223_SmallPatches_C6-CAM1,1,1,1,1,NO WORM,0,0,0,0.0,0 worms,0.0
/Users/noursaad/Desktop/PTUT/Minipatches_light_20260116/20221120T190805_SmallPatches_C2-CAM6,1,1,1,1,NO WORM,0,0,0,0.0,0 worms,0.0
/Users/noursaad/Desktop/PTUT/Minipatches_light_20260116/20221125T232044_SmallPatches_C1-CAM7,1,1,1,0,OK,6662,4872,0,0.0,1 worm clean,0.0
/Users/noursaad/Desktop/PTUT/Minipatches_light_20260116/20221014T101555_SmallPatches_C3-CAM6,1,1,1,0,OK,3991,31033,0,0.0,1 worm clean,0.0
/Users/noursaad/Desktop/PTUT/Minipatches_light_20260116/20221110T105445_SmallPatches_C1-CAM7,0,1,0,0,WEIRD,0,0,0,0.0,0 worms,0.0
/Users/noursaad/Desktop/PTUT/Minipatches_light_20260116/20221116T103106_SmallPatches_C6-CAM5,1,1,0,0,WEIRD,293,1153,33511,0.9586348942987098,2+ worms,0.9586348942987098
/Users/noursaad/Desktop/PTUT/Minipatches_light_20260116/20221126T114423_SmallPatches_C5-CAM1,1,1,1,0,OK,12135,22887,0,0.0,1 worm clean,0.0
/Users/noursaad/Desktop/PTUT/Minipatches_light_20260116/20221017T202150_SmallPatches_C3-CAM7,1,1,1,1,NO WORM,0,0,0,0.0,0 worms,0.0
/Users/noursaad/Desktop/PTUT/Minipatches_light_20260116/20221116T102254_SmallPatches_C1-CAM8,1,1,1,0,OK,8919,25983,0,0.0,1 worm clean,0.0
/Users/noursaad/Desktop/PTUT/Minipatches_light_20260116/20221011T192159_SmallPatches_C5-CAM5,1,1,1,0,OK,232,34680,0,0.0,1 worm clean,0.0
/Users/noursaad/Desktop/PTUT/Minipatches_light_20260116/20221117T104123_SmallPatches_C3-CAM6,1,1,1,0,OK,1472,33629,0,0.0,1 worm clean,0.0
/Users/noursaad/Desktop/PTUT/Minipatches_light_20260116/20221126T205101_SmallPatches_C4-CAM5,1,1,0,1,NO WORM,0,0,0,0.0,0 worms,0.0
/Users/noursaad/Desktop/PTUT/Minipatches_light_20260116/20221122T192231_SmallPatches_C2-CAM2,1,1,1,0,OK,3865,31358,0,0.0,1 worm clean,0.0
/Users/noursaad/Desktop/PTUT/Minipatches_light_20260116/20221116T103106_SmallPatches_C6-CAM2,1,1,1,0,OK,323,34698,0,0.0,1 worm clean,0.0
/Users/noursaad/Desktop/PTUT/Minipatches_light_20260116/20221014T101555_SmallPatches_C3-CAM1,1,1,1,0,OK,5966,29008,0,0.0,1 worm clean,0.0
/Users/noursaad/Desktop/PTUT/Minipatches_light_20260116/20221115T113223_SmallPatches_C6-CAM6,1,1,0,0,WEIRD,16998,8147,1,3.9767756303189374e-05,1 worm with errors,3.9767756303189374e-05
/Users/noursaad/Desktop/PTUT/Minipatches_light_20260116/20221126T205101_SmallPatches_C4-CAM2,1,1,1,0,OK,13923,20675,0,0.0,1 worm clean,0.0
/Users/noursaad/Desktop/PTUT/Minipatches_light_20260116/20221110T193059_SmallPatches_C3-CAM7,0,1,0,0,WEIRD,0,0,0,0.0,0 worms,0.0
/Users/noursaad/Desktop/PTUT/Minipatches_light_20260116/perfect_heatmaps,0,0,0,0,NO WORM,0,0,0,0.0,0 worms,0.0
/Users/noursaad/Desktop/PTUT/Minipatches_light_20260116/20221117T195638_SmallPatches_C3-CAM8,1,1,1,1,NO WORM,0,0,0,0.0,0 worms,0.0
/Users/noursaad/Desktop/PTUT/Minipatches_light_20260116/20221117T104123_SmallPatches_C3-CAM1,0,1,0,0,WEIRD,0,0,0,0.0,0 worms,0.0
/Users/noursaad/Desktop/PTUT/Minipatches_light_20260116/20221011T192159_SmallPatches_C5-CAM2,1,1,1,0,OK,1568,33341,0,0.0,1 worm clean,0.0
/Users/noursaad/Desktop/PTUT/Minipatches_light_20260116/20221126T114423_SmallPatches_C5-CAM6,1,1,1,0,OK,417,34683,0,0.0,1 worm clean,0.0
/Users/noursaad/Desktop/PTUT/Minipatches_light_20260116/20221110T194534_SmallPatches_C5-CAM5,1,1,1,0,OK,3015,31930,0,0.0,1 worm clean,0.0
/Users/noursaad/Desktop/PTUT/Minipatches_light_20260116/20221117T195638_SmallPatches_C3-CAM1,1,1,1,0,OK,10730,24365,0,0.0,1 worm clean,0.0
/Users/noursaad/Desktop/PTUT/Minipatches_light_20260116/20221126T203601_SmallPatches_C3-CAM7,1,1,1,0,OK,1171,1994,0,0.0,1 worm clean,0.0
/Users/noursaad/Desktop/PTUT/Minipatches_light_20260116/20221116T102254_SmallPatches_C1-CAM6,1,1,0,0,WEIRD,241,4396,30282,0.8672069646897105,2+ worms,0.8672069646897105
/Users/noursaad/Desktop/PTUT/Minipatches_light_20260116/20221117T104123_SmallPatches_C3-CAM8,1,1,1,1,NO WORM,0,0,0,0.0,0 worms,0.0
/Users/noursaad/Desktop/PTUT/Minipatches_light_20260116/20221011T111213_SmallPatches_C1-CAM1,1,1,1,0,OK,312,33146,0,0.0,1 worm clean,0.0
/Users/noursaad/Desktop/PTUT/Minipatches_light_20260116/20221011T112304_SmallPatches_C4-CAM4,1,1,0,0,WEIRD,5942,14455,12208,0.3744211010581199,2+ worms,0.3744211010581199
/Users/noursaad/Desktop/PTUT/Minipatches_light_20260116/20221012T130040_SmallPatches_C2-CAM7,1,1,1,0,OK,3713,24110,0,0.0,1 worm clean,0.0
/Users/noursaad/Desktop/PTUT/Minipatches_light_20260116/20221014T101555_SmallPatches_C3-CAM8,1,1,1,0,OK,507,34543,0,0.0,1 worm clean,0.0
/Users/noursaad/Desktop/PTUT/Minipatches_light_20260116/20221015T195306_SmallPatches_C1-CAM3,1,1,1,0,OK,1268,33747,0,0.0,1 worm clean,0.0
/Users/noursaad/Desktop/PTUT/Minipatches_light_20260116/20221115T113217_SmallPatches_C5-CAM7,1,1,1,0,OK,14502,20512,0,0.0,1 worm clean,0.0
/Users/noursaad/Desktop/PTUT/Minipatches_light_20260116/20221117T195557_SmallPatches_C1-CAM4,1,1,1,1,NO WORM,0,0,0,0.0,0 worms,0.0
/Users/noursaad/Desktop/PTUT/Minipatches_light_20260116/20221126T114423_SmallPatches_C5-CAM8,1,1,1,1,NO WORM,0,0,0,0.0,0 worms,0.0
/Users/noursaad/Desktop/PTUT/Minipatches_light_20260116/20221011T111213_SmallPatches_C1-CAM6,1,1,1,0,OK,2827,30627,0,0.0,1 worm clean,0.0
/Users/noursaad/Desktop/PTUT/Minipatches_light_20260116/20221011T191711_SmallPatches_C2-CAM7,1,1,1,0,OK,1462,33565,0,0.0,1 worm clean,0.0
/Users/noursaad/Desktop/PTUT/Minipatches_light_20260116/20221116T102254_SmallPatches_C1-CAM1,1,1,1,0,OK,22549,12338,0,0.0,1 worm clean,0.0
/Users/noursaad/Desktop/PTUT/Minipatches_light_20260116/20221117T195638_SmallPatches_C3-CAM6,1,1,0,1,NO WORM,0,0,0,0.0,0 worms,0.0
/Users/noursaad/Desktop/PTUT/Minipatches_light_20260116/20221110T194534_SmallPatches_C5-CAM2,1,1,1,0,OK,2522,32482,0,0.0,1 worm clean,0.0
/Users/noursaad/Desktop/PTUT/Minipatches_light_20260116/20221122T102404_SmallPatches_C3-CAM7,1,1,1,0,OK,11513,23505,0,0.0,1 worm clean,0.0
/Users/noursaad/Desktop/PTUT/Minipatches_light_20260116/20221015T195306_SmallPatches_C1-CAM4,1,1,1,0,OK,1302,33732,0,0.0,1 worm clean,0.0
/Users/noursaad/Desktop/PTUT/Minipatches_light_20260116/20221115T113223_SmallPatches_C6-CAM8,0,1,0,0,WEIRD,0,0,0,0.0,0 worms,0.0
/Users/noursaad/Desktop/PTUT/Minipatches_light_20260116/20221012T131806_SmallPatches_C4-CAM7,0,1,0,1,NO WORM,0,0,0,0.0,0 worms,0.0
/Users/noursaad/Desktop/PTUT/Minipatches_light_20260116/20221110T110848_SmallPatches_C4-CAM4,1,1,1,0,OK,1041,33993,0,0.0,1 worm clean,0.0
/Users/noursaad/Desktop/PTUT/Minipatches_light_20260116/20221119T201720_SmallPatches_C1-CAM7,1,1,1,0,OK,7120,28106,0,0.0,1 worm clean,0.0
/Users/noursaad/Desktop/PTUT/Minipatches_light_20260116/20221116T102308_SmallPatches_C3-CAM4,1,1,1,0,OK,1205,33844,0,0.0,1 worm clean,0.0
/Users/noursaad/Desktop/PTUT/Minipatches_light_20260116/20221123T210707_SmallPatches_C3-CAM3,1,1,1,0,OK,1825,33248,0,0.0,1 worm clean,0.0
/Users/noursaad/Desktop/PTUT/Minipatches_light_20260116/20221015T200706_SmallPatches_C6-CAM2,1,1,1,1,NO WORM,0,0,0,0.0,0 worms,0.0
/Users/noursaad/Desktop/PTUT/Minipatches_light_20260116/20221012T131923_SmallPatches_C6-CAM2,1,1,1,0,OK,3246,23690,0,0.0,1 worm clean,0.0
/Users/noursaad/Desktop/PTUT/Minipatches_light_20260116/20221120T191902_SmallPatches_C5-CAM6,1,1,1,0,OK,610,34465,0,0.0,1 worm clean,0.0
/Users/noursaad/Desktop/PTUT/Minipatches_light_20260116/20221016T201801_SmallPatches_C3-CAM4,0,1,0,0,WEIRD,0,0,0,0.0,0 worms,0.0
/Users/noursaad/Desktop/PTUT/Minipatches_light_20260116/20221121T204620_SmallPatches_C3-CAM2,1,1,1,0,OK,953,34185,0,0.0,1 worm clean,0.0
/Users/noursaad/Desktop/PTUT/Minipatches_light_20260116/20221117T105413_SmallPatches_C5-CAM6,1,1,1,1,NO WORM,0,0,0,0.0,0 worms,0.0
/Users/noursaad/Desktop/PTUT/Minipatches_light_20260116/20221013T201332_SmallPatches_C2-CAM5,1,1,1,0,OK,5843,29093,0,0.0,1 worm clean,0.0
/Users/noursaad/Desktop/PTUT/Minipatches_light_20260116/20221015T200700_SmallPatches_C5-CAM5,1,1,0,0,WEIRD,342,1,357,0.51,2+ worms,0.51
/Users/noursaad/Desktop/PTUT/Minipatches_light_20260116/20221014T103141_SmallPatches_C6-CAM5,0,1,0,0,WEIRD,0,0,0,0.0,0 worms,0.0
/Users/noursaad/Desktop/PTUT/Minipatches_light_20260116/20221117T200335_SmallPatches_C6-CAM7,0,1,0,1,NO WORM,0,0,0,0.0,0 worms,0.0
/Users/noursaad/Desktop/PTUT/Minipatches_light_20260116/20221014T103134_SmallPatches_C5-CAM4,1,1,1,0,OK,5674,29397,0,0.0,1 worm clean,0.0
/Users/noursaad/Desktop/PTUT/Minipatches_light_20260116/20221110T110848_SmallPatches_C4-CAM3,1,1,1,1,NO WORM,0,0,0,0.0,0 worms,0.0
/Users/noursaad/Desktop/PTUT/Minipatches_light_20260116/20221116T102308_SmallPatches_C3-CAM3,1,1,1,0,OK,365,34639,0,0.0,1 worm clean,0.0
/Users/noursaad/Desktop/PTUT/Minipatches_light_20260116/20221014T103141_SmallPatches_C6-CAM2,1,1,1,0,OK,1170,33875,0,0.0,1 worm clean,0.0
/Users/noursaad/Desktop/PTUT/Minipatches_light_20260116/20221013T201332_SmallPatches_C2-CAM2,1,1,1,0,OK,3848,31168,0,0.0,1 worm clean,0.0
/Users/noursaad/Desktop/PTUT/Minipatches_light_20260116/20221015T200700_SmallPatches_C5-CAM2,1,1,1,1,NO WORM,0,0,0,0.0,0 worms,0.0
/Users/noursaad/Desktop/PTUT/Minipatches_light_20260116/20221013T200138_SmallPatches_C5-CAM8,1,1,0,0,WEIRD,4534,30506,4,0.0001141422212076,1 worm with errors,0.0001141422212076
/Users/noursaad/Desktop/PTUT/Minipatches_light_20260116/20221117T105413_SmallPatches_C5-CAM1,0,1,0,1,NO WORM,0,0,0,0.0,0 worms,0.0
/Users/noursaad/Desktop/PTUT/Minipatches_light_20260116/20221121T204620_SmallPatches_C3-CAM5,0,1,0,1,NO WORM,0,0,0,0.0,0 worms,0.0
/Users/noursaad/Desktop/PTUT/Minipatches_light_20260116/20221126T112832_SmallPatches_C3-CAM7,1,1,1,0,OK,3569,31670,0,0.0,1 worm clean,0.0
/Users/noursaad/Desktop/PTUT/Minipatches_light_20260116/20221016T201801_SmallPatches_C3-CAM3,1,1,1,1,NO WORM,0,0,0,0.0,0 worms,0.0
/Users/noursaad/Desktop/PTUT/Minipatches_light_20260116/20221012T131923_SmallPatches_C6-CAM5,1,1,1,0,OK,1988,24985,0,0.0,1 worm clean,0.0
/Users/noursaad/Desktop/PTUT/Minipatches_light_20260116/20221015T200706_SmallPatches_C6-CAM5,1,1,1,0,OK,3857,25530,0,0.0,1 worm clean,0.0
/Users/noursaad/Desktop/PTUT/Minipatches_light_20260116/20221013T200138_SmallPatches_C5-CAM1,1,1,0,0,WEIRD,440,34518,1,2.860493721216282e-05,1 worm with errors,0.0
/Users/noursaad/Desktop/PTUT/Minipatches_light_20260116/20221118T103541_SmallPatches_C3-CAM4,1,1,1,0,OK,834,34352,0,0.0,1 worm clean,0.0
/Users/noursaad/Desktop/PTUT/Minipatches_light_20260116/20221117T105413_SmallPatches_C5-CAM8,0,1,0,0,WEIRD,0,0,0,0.0,0 worms,0.0
/Users/noursaad/Desktop/PTUT/Minipatches_light_20260116/20221115T193611_SmallPatches_C3-CAM2,1,1,1,1,NO WORM,0,0,0,0.0,0 worms,0.0
/Users/noursaad/Desktop/PTUT/Minipatches_light_20260116/20221125T143258_SmallPatches_C1-CAM3,1,1,1,1,NO WORM,0,0,0,0.0,0 worms,0.0
/Users/noursaad/Desktop/PTUT/Minipatches_light_20260116/20221014T191303_SmallPatches_C2-CAM7,1,1,1,1,NO WORM,0,0,0,0.0,0 worms,0.0
/Users/noursaad/Desktop/PTUT/Minipatches_light_20260116/20221115T194416_SmallPatches_C6-CAM3,1,1,1,0,OK,4963,30119,0,0.0,1 worm clean,0.0
/Users/noursaad/Desktop/PTUT/Minipatches_light_20260116/20221116T103117_SmallPatches_C4-CAM5,1,1,0,0,WEIRD,288,5226,29400,0.8420690840350575,2+ worms,0.8420690840350575
/Users/noursaad/Desktop/PTUT/Minipatches_light_20260116/20221120T191902_SmallPatches_C5-CAM8,1,1,1,0,OK,2550,32532,0,0.0,1 worm clean,0.0
/Users/noursaad/Desktop/PTUT/Minipatches_light_20260116/20221122T192239_SmallPatches_C3-CAM1,1,1,1,0,OK,2068,33075,0,0.0,1 worm clean,0.0
/Users/noursaad/Desktop/PTUT/Minipatches_light_20260116/20221013T200026_SmallPatches_C4-CAM3,1,1,1,0,OK,620,34357,0,0.0,1 worm clean,0.0
/Users/noursaad/Desktop/PTUT/Minipatches_light_20260116/20221122T193945_SmallPatches_C5-CAM4,1,1,1,0,OK,420,34676,0,0.0,1 worm clean,0.0
/Users/noursaad/Desktop/PTUT/Minipatches_light_20260116/20221116T194409_SmallPatches_C5-CAM7,1,1,1,0,OK,1120,33983,0,0.0,1 worm clean,0.0
/Users/noursaad/Desktop/PTUT/Minipatches_light_20260116/20221115T194416_SmallPatches_C6-CAM4,1,1,1,0,OK,1171,33930,0,0.0,1 worm clean,0.0
/Users/noursaad/Desktop/PTUT/Minipatches_light_20260116/20221116T103117_SmallPatches_C4-CAM2,1,1,1,0,OK,2313,32652,0,0.0,1 worm clean,0.0
/Users/noursaad/Desktop/PTUT/Minipatches_light_20260116/20221125T143258_SmallPatches_C1-CAM4,1,1,1,0,OK,4883,30248,0,0.0,1 worm clean,0.0
/Users/noursaad/Desktop/PTUT/Minipatches_light_20260116/20221012T200721_SmallPatches_C3-CAM7,1,1,1,0,OK,1848,33186,0,0.0,1 worm clean,0.0
/Users/noursaad/Desktop/PTUT/Minipatches_light_20260116/20221013T200138_SmallPatches_C5-CAM6,1,1,1,0,OK,8731,26296,0,0.0,1 worm clean,0.0
/Users/noursaad/Desktop/PTUT/Minipatches_light_20260116/20221118T103541_SmallPatches_C3-CAM3,0,1,0,0,WEIRD,0,0,0,0.0,0 worms,0.0
/Users/noursaad/Desktop/PTUT/Minipatches_light_20260116/20221122T193945_SmallPatches_C5-CAM3,1,1,1,0,OK,1515,33563,0,0.0,1 worm clean,0.0
/Users/noursaad/Desktop/PTUT/Minipatches_light_20260116/20221119T113745_SmallPatches_C2-CAM2,1,1,1,0,OK,1900,31991,0,0.0,1 worm clean,0.0
/Users/noursaad/Desktop/PTUT/Minipatches_light_20260116/20221013T200026_SmallPatches_C4-CAM4,1,1,1,0,OK,3245,31746,0,0.0,1 worm clean,0.0
/Users/noursaad/Desktop/PTUT/Minipatches_light_20260116/20221122T192239_SmallPatches_C3-CAM6,1,1,0,1,NO WORM,0,0,0,0.0,0 worms,0.0
/Users/noursaad/Desktop/PTUT/Minipatches_light_20260116/20221125T232132_SmallPatches_C2-CAM2,1,1,1,0,OK,4437,30642,0,0.0,1 worm clean,0.0
/Users/noursaad/Desktop/PTUT/Minipatches_light_20260116/20221110T194534_SmallPatches_C5-CAM3,1,1,1,0,OK,340,34678,0,0.0,1 worm clean,0.0
/Users/noursaad/Desktop/PTUT/Minipatches_light_20260116/20221123T211445_SmallPatches_C4-CAM4,1,1,0,0,WEIRD,911,22795,11316,0.3231111872537262,2+ worms,0.3231111872537262
/Users/noursaad/Desktop/PTUT/Minipatches_light_20260116/20221110T193059_SmallPatches_C3-CAM8,1,1,1,0,OK,960,34060,0,0.0,1 worm clean,0.0
/Users/noursaad/Desktop/PTUT/Minipatches_light_20260116/20221125T233330_SmallPatches_C4-CAM4,1,1,1,0,OK,2760,32358,0,0.0,1 worm clean,0.0
/Users/noursaad/Desktop/PTUT/Minipatches_light_20260116/20221011T111213_SmallPatches_C1-CAM7,1,1,1,0,OK,3433,29123,0,0.0,1 worm clean,0.0
/Users/noursaad/Desktop/PTUT/Minipatches_light_20260116/20221126T203601_SmallPatches_C3-CAM1,1,1,1,1,NO WORM,0,0,0,0.0,0 worms,0.0
/Users/noursaad/Desktop/PTUT/Minipatches_light_20260116/20221011T191711_SmallPatches_C2-CAM6,1,1,1,0,OK,16406,17201,0,0.0,1 worm clean,0.0
/Users/noursaad/Desktop/PTUT/Minipatches_light_20260116/20221015T195306_SmallPatches_C1-CAM5,1,1,1,0,OK,822,34216,0,0.0,1 worm clean,0.0
/Users/noursaad/Desktop/PTUT/Minipatches_light_20260116/20221012T130040_SmallPatches_C2-CAM1,1,1,1,0,OK,558,27532,0,0.0,1 worm clean,0.0
/Users/noursaad/Desktop/PTUT/Minipatches_light_20260116/20221117T195557_SmallPatches_C1-CAM2,1,1,1,1,NO WORM,0,0,0,0.0,0 worms,0.0
/Users/noursaad/Desktop/PTUT/Minipatches_light_20260116/20221115T113217_SmallPatches_C5-CAM1,1,1,1,1,NO WORM,0,0,0,0.0,0 worms,0.0
/Users/noursaad/Desktop/PTUT/Minipatches_light_20260116/20221017T202150_SmallPatches_C3-CAM8,1,1,0,0,WEIRD,531,2186,32404,0.9226388770251416,2+ worms,0.9226388770251416
/Users/noursaad/Desktop/PTUT/Minipatches_light_20260116/20221126T203601_SmallPatches_C3-CAM6,1,1,1,0,OK,614,34585,0,0.0,1 worm clean,0.0
/Users/noursaad/Desktop/PTUT/Minipatches_light_20260116/20221116T102254_SmallPatches_C1-CAM7,1,1,1,0,OK,21804,13019,0,0.0,1 worm clean,0.0
/Users/noursaad/Desktop/PTUT/Minipatches_light_20260116/20221125T233330_SmallPatches_C4-CAM3,1,1,1,0,OK,3287,31814,0,0.0,1 worm clean,0.0
/Users/noursaad/Desktop/PTUT/Minipatches_light_20260116/20221122T102404_SmallPatches_C3-CAM1,1,1,1,0,OK,1640,33386,0,0.0,1 worm clean,0.0
/Users/noursaad/Desktop/PTUT/Minipatches_light_20260116/20221110T194534_SmallPatches_C5-CAM4,1,1,1,0,OK,269,34668,0,0.0,1 worm clean,0.0
/Users/noursaad/Desktop/PTUT/Minipatches_light_20260116/20221123T211445_SmallPatches_C4-CAM3,1,1,1,0,OK,9338,8938,0,0.0,1 worm clean,0.0
/Users/noursaad/Desktop/PTUT/Minipatches_light_20260116/20221115T113217_SmallPatches_C5-CAM6,1,1,1,0,OK,3833,31170,0,0.0,1 worm clean,0.0
/Users/noursaad/Desktop/PTUT/Minipatches_light_20260116/20221117T195557_SmallPatches_C1-CAM5,0,1,0,1,NO WORM,0,0,0,0.0,0 worms,0.0
/Users/noursaad/Desktop/PTUT/Minipatches_light_20260116/20221012T131806_SmallPatches_C4-CAM1,1,1,1,0,OK,342,26440,0,0.0,1 worm clean,0.0
/Users/noursaad/Desktop/PTUT/Minipatches_light_20260116/20221011T112304_SmallPatches_C4-CAM5,1,1,1,0,OK,2100,30485,0,0.0,1 worm clean,0.0
/Users/noursaad/Desktop/PTUT/Minipatches_light_20260116/20221012T130040_SmallPatches_C2-CAM6,1,1,1,0,OK,514,27632,0,0.0,1 worm clean,0.0
/Users/noursaad/Desktop/PTUT/Minipatches_light_20260116/20221110T105445_SmallPatches_C1-CAM8,1,1,1,0,OK,674,34249,0,0.0,1 worm clean,0.0
/Users/noursaad/Desktop/PTUT/Minipatches_light_20260116/20221125T232044_SmallPatches_C1-CAM8,0,1,0,0,WEIRD,0,0,0,0.0,0 worms,0.0
/Users/noursaad/Desktop/PTUT/Minipatches_light_20260116/20221015T195306_SmallPatches_C1-CAM2,1,1,1,0,OK,1920,33111,0,0.0,1 worm clean,0.0
/Users/noursaad/Desktop/PTUT/Minipatches_light_20260116/20221125T232044_SmallPatches_C1-CAM1,1,1,1,0,OK,32469,1474,0,0.0,1 worm clean,0.0
/Users/noursaad/Desktop/PTUT/Minipatches_light_20260116/20221110T105445_SmallPatches_C1-CAM1,1,1,1,0,OK,8062,26857,0,0.0,1 worm clean,0.0
/Users/noursaad/Desktop/PTUT/Minipatches_light_20260116/20221116T103106_SmallPatches_C6-CAM3,1,1,1,0,OK,13404,21632,0,0.0,1 worm clean,0.0
/Users/noursaad/Desktop/PTUT/Minipatches_light_20260116/20221115T113223_SmallPatches_C6-CAM7,1,1,0,0,WEIRD,478,7604,26939,0.7692241797778476,2+ worms,0.7692241797778476
/Users/noursaad/Desktop/PTUT/Minipatches_light_20260116/20221017T202150_SmallPatches_C3-CAM1,1,1,1,0,OK,7113,28023,0,0.0,1 worm clean,0.0
/Users/noursaad/Desktop/PTUT/Minipatches_light_20260116/20221011T192159_SmallPatches_C5-CAM3,1,1,1,0,OK,9458,25473,0,0.0,1 worm clean,0.0
/Users/noursaad/Desktop/PTUT/Minipatches_light_20260116/20221126T114423_SmallPatches_C5-CAM7,1,1,1,0,OK,30860,4259,0,0.0,1 worm clean,0.0
/Users/noursaad/Desktop/PTUT/Minipatches_light_20260116/20221122T192231_SmallPatches_C2-CAM4,0,1,0,1,NO WORM,0,0,0,0.0,0 worms,0.0
/Users/noursaad/Desktop/PTUT/Minipatches_light_20260116/20221126T205101_SmallPatches_C4-CAM3,1,1,1,1,NO WORM,0,0,0,0.0,0 worms,0.0
/Users/noursaad/Desktop/PTUT/Minipatches_light_20260116/20221110T193059_SmallPatches_C3-CAM6,1,1,0,0,WEIRD,423,30385,4175,0.1193436812165909,2+ worms,0.1193436812165909
/Users/noursaad/Desktop/PTUT/Minipatches_light_20260116/20221120T190805_SmallPatches_C2-CAM7,1,1,1,0,OK,7461,27773,0,0.0,1 worm clean,0.0
/Users/noursaad/Desktop/PTUT/Minipatches_light_20260116/20221116T103106_SmallPatches_C6-CAM4,1,1,1,1,NO WORM,0,0,0,0.0,0 worms,0.0
/Users/noursaad/Desktop/PTUT/Minipatches_light_20260116/20221125T232044_SmallPatches_C1-CAM6,1,1,0,1,NO WORM,0,0,0,0.0,0 worms,0.0
/Users/noursaad/Desktop/PTUT/Minipatches_light_20260116/20221014T101555_SmallPatches_C3-CAM7,1,1,0,0,WEIRD,3762,31273,1,2.854207101267268e-05,1 worm with errors,2.854207101267268e-05
/Users/noursaad/Desktop/PTUT/Minipatches_light_20260116/20221115T113217_SmallPatches_C5-CAM8,1,1,1,1,NO WORM,0,0,0,0.0,0 worms,0.0
/Users/noursaad/Desktop/PTUT/Minipatches_light_20260116/20221126T205101_SmallPatches_C4-CAM4,1,1,1,0,OK,22595,11818,0,0.0,1 worm clean,0.0
/Users/noursaad/Desktop/PTUT/Minipatches_light_20260116/20221110T193059_SmallPatches_C3-CAM1,1,1,0,0,WEIRD,5675,29318,2,5.715102157451065e-05,1 worm with errors,5.715102157451065e-05
/Users/noursaad/Desktop/PTUT/Minipatches_light_20260116/20221117T104123_SmallPatches_C3-CAM7,1,1,1,0,OK,5800,29330,0,0.0,1 worm clean,0.0
/Users/noursaad/Desktop/PTUT/Minipatches_light_20260116/20221017T202150_SmallPatches_C3-CAM6,1,1,1,1,NO WORM,0,0,0,0.0,0 worms,0.0
/Users/noursaad/Desktop/PTUT/Minipatches_light_20260116/20221011T192159_SmallPatches_C5-CAM4,1,1,1,0,OK,3133,18434,0,0.0,1 worm clean,0.0
/Users/noursaad/Desktop/PTUT/Minipatches_light_20260116/20221126T203601_SmallPatches_C3-CAM8,1,1,1,0,OK,3377,29875,0,0.0,1 worm clean,0.0
/Users/noursaad/Desktop/PTUT/Minipatches_light_20260116/20221013T200138_SmallPatches_C5-CAM7,1,1,1,0,OK,1663,33307,0,0.0,1 worm clean,0.0
/Users/noursaad/Desktop/PTUT/Minipatches_light_20260116/20221012T200721_SmallPatches_C3-CAM6,1,1,1,0,OK,9519,25502,0,0.0,1 worm clean,0.0
/Users/noursaad/Desktop/PTUT/Minipatches_light_20260116/20221115T193611_SmallPatches_C3-CAM4,1,1,1,1,NO WORM,0,0,0,0.0,0 worms,0.0
/Users/noursaad/Desktop/PTUT/Minipatches_light_20260116/20221017T203313_SmallPatches_C5-CAM6,1,1,0,0,WEIRD,5862,29132,1,2.8575510787255323e-05,1 worm with errors,2.8575510787255323e-05
/Users/noursaad/Desktop/PTUT/Minipatches_light_20260116/20221115T194416_SmallPatches_C6-CAM5,1,1,1,1,NO WORM,0,0,0,0.0,0 worms,0.0
/Users/noursaad/Desktop/PTUT/Minipatches_light_20260116/20221116T194409_SmallPatches_C5-CAM6,1,1,1,0,OK,19383,15447,0,0.0,1 worm clean,0.0
/Users/noursaad/Desktop/PTUT/Minipatches_light_20260116/20221116T103117_SmallPatches_C4-CAM3,1,1,0,1,NO WORM,0,0,0,0.0,0 worms,0.0
/Users/noursaad/Desktop/PTUT/Minipatches_light_20260116/20221125T143258_SmallPatches_C1-CAM5,1,1,1,0,OK,1088,1128,0,0.0,1 worm clean,0.0
/Users/noursaad/Desktop/PTUT/Minipatches_light_20260116/20221126T112832_SmallPatches_C3-CAM8,1,1,1,0,OK,8984,26276,0,0.0,1 worm clean,0.0
/Users/noursaad/Desktop/PTUT/Minipatches_light_20260116/20221013T200026_SmallPatches_C4-CAM5,0,1,0,0,WEIRD,0,0,0,0.0,0 worms,0.0
/Users/noursaad/Desktop/PTUT/Minipatches_light_20260116/20221117T200335_SmallPatches_C6-CAM8,0,1,0,1,NO WORM,0,0,0,0.0,0 worms,0.0
/Users/noursaad/Desktop/PTUT/Minipatches_light_20260116/20221122T192239_SmallPatches_C3-CAM7,1,1,1,1,NO WORM,0,0,0,0.0,0 worms,0.0
/Users/noursaad/Desktop/PTUT/Minipatches_light_20260116/20221122T193945_SmallPatches_C5-CAM2,1,1,1,0,OK,1249,33816,0,0.0,1 worm clean,0.0
/Users/noursaad/Desktop/PTUT/Minipatches_light_20260116/20221125T143258_SmallPatches_C1-CAM2,0,1,0,0,WEIRD,0,0,0,0.0,0 worms,0.0
/Users/noursaad/Desktop/PTUT/Minipatches_light_20260116/20221014T191303_SmallPatches_C2-CAM6,1,1,1,0,OK,2972,32256,0,0.0,1 worm clean,0.0
/Users/noursaad/Desktop/PTUT/Minipatches_light_20260116/20221115T194416_SmallPatches_C6-CAM2,1,1,1,0,OK,3287,31778,0,0.0,1 worm clean,0.0
/Users/noursaad/Desktop/PTUT/Minipatches_light_20260116/20221116T194409_SmallPatches_C5-CAM1,1,1,0,1,NO WORM,0,0,0,0.0,0 worms,0.0
/Users/noursaad/Desktop/PTUT/Minipatches_light_20260116/20221116T103117_SmallPatches_C4-CAM4,1,1,1,1,NO WORM,0,0,0,0.0,0 worms,0.0
/Users/noursaad/Desktop/PTUT/Minipatches_light_20260116/20221017T203313_SmallPatches_C5-CAM1,0,1,0,1,NO WORM,0,0,0,0.0,0 worms,0.0
/Users/noursaad/Desktop/PTUT/Minipatches_light_20260116/20221115T193611_SmallPatches_C3-CAM3,1,1,1,0,OK,3190,31822,0,0.0,1 worm clean,0.0
/Users/noursaad/Desktop/PTUT/Minipatches_light_20260116/20221119T201720_SmallPatches_C1-CAM8,0,1,0,0,WEIRD,0,0,0,0.0,0 worms,0.0
/Users/noursaad/Desktop/PTUT/Minipatches_light_20260116/20221122T193945_SmallPatches_C5-CAM5,1,1,1,0,OK,2245,32868,0,0.0,1 worm clean,0.0
/Users/noursaad/Desktop/PTUT/Minipatches_light_20260116/20221013T200026_SmallPatches_C4-CAM2,1,1,1,0,OK,329,34643,0,0.0,1 worm clean,0.0
/Users/noursaad/Desktop/PTUT/Minipatches_light_20260116/20221119T201720_SmallPatches_C1-CAM1,1,1,1,0,OK,4678,30531,0,0.0,1 worm clean,0.0
/Users/noursaad/Desktop/PTUT/Minipatches_light_20260116/20221116T102308_SmallPatches_C3-CAM2,0,1,0,0,WEIRD,0,0,0,0.0,0 worms,0.0
/Users/noursaad/Desktop/PTUT/Minipatches_light_20260116/20221117T200335_SmallPatches_C6-CAM6,0,1,0,1,NO WORM,0,0,0,0.0,0 worms,0.0
/Users/noursaad/Desktop/PTUT/Minipatches_light_20260116/20221014T103134_SmallPatches_C5-CAM5,1,1,0,0,WEIRD,1867,13090,20123,0.5736316989737742,2+ worms,0.5736316989737742
/Users/noursaad/Desktop/PTUT/Minipatches_light_20260116/20221016T201801_SmallPatches_C3-CAM2,1,1,1,0,OK,2739,32413,0,0.0,1 worm clean,0.0
/Users/noursaad/Desktop/PTUT/Minipatches_light_20260116/20221126T112832_SmallPatches_C3-CAM6,1,1,1,1,NO WORM,0,0,0,0.0,0 worms,0.0
/Users/noursaad/Desktop/PTUT/Minipatches_light_20260116/20221116T194409_SmallPatches_C5-CAM8,1,1,1,0,OK,4313,30715,0,0.0,1 worm clean,0.0
/Users/noursaad/Desktop/PTUT/Minipatches_light_20260116/20221015T200706_SmallPatches_C6-CAM4,1,1,0,0,WEIRD,890,9283,24825,0.7093262472141265,2+ worms,0.7093262472141265
/Users/noursaad/Desktop/PTUT/Minipatches_light_20260116/20221012T131923_SmallPatches_C6-CAM4,1,1,1,0,OK,694,26264,0,0.0,1 worm clean,0.0
/Users/noursaad/Desktop/PTUT/Minipatches_light_20260116/20221014T103141_SmallPatches_C6-CAM3,1,1,1,0,OK,3451,31612,0,0.0,1 worm clean,0.0
/Users/noursaad/Desktop/PTUT/Minipatches_light_20260116/20221121T204620_SmallPatches_C3-CAM4,1,1,0,1,NO WORM,0,0,0,0.0,0 worms,0.0
/Users/noursaad/Desktop/PTUT/Minipatches_light_20260116/20221013T201332_SmallPatches_C2-CAM3,1,1,1,0,OK,4908,30120,0,0.0,1 worm clean,0.0
/Users/noursaad/Desktop/PTUT/Minipatches_light_20260116/20221012T200721_SmallPatches_C3-CAM8,0,1,0,0,WEIRD,0,0,0,0.0,0 worms,0.0
/Users/noursaad/Desktop/PTUT/Minipatches_light_20260116/20221122T102358_SmallPatches_C2-CAM6,1,1,1,1,NO WORM,0,0,0,0.0,0 worms,0.0
/Users/noursaad/Desktop/PTUT/Minipatches_light_20260116/20221015T200700_SmallPatches_C5-CAM3,0,1,0,1,NO WORM,0,0,0,0.0,0 worms,0.0
/Users/noursaad/Desktop/PTUT/Minipatches_light_20260116/20221014T103134_SmallPatches_C5-CAM2,1,1,1,0,OK,6726,28108,0,0.0,1 worm clean,0.0
/Users/noursaad/Desktop/PTUT/Minipatches_light_20260116/20221123T210707_SmallPatches_C3-CAM2,1,1,0,1,NO WORM,0,0,0,0.0,0 worms,0.0
/Users/noursaad/Desktop/PTUT/Minipatches_light_20260116/20221119T201720_SmallPatches_C1-CAM6,1,1,0,0,WEIRD,5699,28867,45,0.001300164687527,1 worm with errors,0.001300164687527
/Users/noursaad/Desktop/PTUT/Minipatches_light_20260116/20221110T110848_SmallPatches_C4-CAM5,1,1,0,0,WEIRD,284,2095,32569,0.9319274350463546,2+ worms,0.9319274350463546
/Users/noursaad/Desktop/PTUT/Minipatches_light_20260116/20221013T201332_SmallPatches_C2-CAM4,1,1,1,0,OK,5924,29035,0,0.0,1 worm clean,0.0
/Users/noursaad/Desktop/PTUT/Minipatches_light_20260116/20221015T200700_SmallPatches_C5-CAM4,1,1,0,0,WEIRD,367,221,206,0.2594458438287154,2+ worms,0.2594458438287154
/Users/noursaad/Desktop/PTUT/Minipatches_light_20260116/20221121T204620_SmallPatches_C3-CAM3,1,1,1,0,OK,16662,18490,0,0.0,1 worm clean,0.0
/Users/noursaad/Desktop/PTUT/Minipatches_light_20260116/20221014T103141_SmallPatches_C6-CAM4,1,1,1,0,OK,4120,30955,0,0.0,1 worm clean,0.0
/Users/noursaad/Desktop/PTUT/Minipatches_light_20260116/20221012T131923_SmallPatches_C6-CAM3,1,1,1,0,OK,1594,25296,0,0.0,1 worm clean,0.0
/Users/noursaad/Desktop/PTUT/Minipatches_light_20260116/20221120T191902_SmallPatches_C5-CAM7,1,1,1,0,OK,23019,12071,0,0.0,1 worm clean,0.0
/Users/noursaad/Desktop/PTUT/Minipatches_light_20260116/20221015T200706_SmallPatches_C6-CAM3,1,1,1,0,OK,6120,28971,0,0.0,1 worm clean,0.0
/Users/noursaad/Desktop/PTUT/Minipatches_light_20260116/20221126T112832_SmallPatches_C3-CAM1,1,1,1,1,NO WORM,0,0,0,0.0,0 worms,0.0
/Users/noursaad/Desktop/PTUT/Minipatches_light_20260116/20221119T115009_SmallPatches_C5-CAM2,1,1,1,0,OK,12991,22030,0,0.0,1 worm clean,0.0
/Users/noursaad/Desktop/PTUT/Minipatches_light_20260116/20221122T192144_SmallPatches_C1-CAM5,1,1,1,1,NO WORM,0,0,0,0.0,0 worms,0.0
/Users/noursaad/Desktop/PTUT/Minipatches_light_20260116/20221015T113417_SmallPatches_C5-CAM1,1,1,1,0,OK,2576,32437,0,0.0,1 worm clean,0.0
/Users/noursaad/Desktop/PTUT/Minipatches_light_20260116/20221017T112927_SmallPatches_C4-CAM5,1,1,0,1,NO WORM,0,0,0,0.0,0 worms,0.0
/Users/noursaad/Desktop/PTUT/Minipatches_light_20260116/20221118T103454_SmallPatches_C1-CAM4,1,1,1,1,NO WORM,0,0,0,0.0,0 worms,0.0
/Users/noursaad/Desktop/PTUT/Minipatches_light_20260116/20221110T105552_SmallPatches_C2-CAM2,0,1,0,1,NO WORM,0,0,0,0.0,0 worms,0.0
/Users/noursaad/Desktop/PTUT/Minipatches_light_20260116/20221122T192144_SmallPatches_C1-CAM2,1,1,1,0,OK,3525,25551,0,0.0,1 worm clean,0.0
/Users/noursaad/Desktop/PTUT/Minipatches_light_20260116/20221115T112027_SmallPatches_C2-CAM7,1,1,1,1,NO WORM,0,0,0,0.0,0 worms,0.0
/Users/noursaad/Desktop/PTUT/Minipatches_light_20260116/20221119T115009_SmallPatches_C5-CAM5,1,1,1,0,OK,6128,28920,0,0.0,1 worm clean,0.0
/Users/noursaad/Desktop/PTUT/Minipatches_light_20260116/20221118T103454_SmallPatches_C1-CAM3,1,1,1,0,OK,8384,26734,0,0.0,1 worm clean,0.0
/Users/noursaad/Desktop/PTUT/Minipatches_light_20260116/20221017T112927_SmallPatches_C4-CAM2,1,1,1,0,OK,1954,24079,0,0.0,1 worm clean,0.0
/Users/noursaad/Desktop/PTUT/Minipatches_light_20260116/20221017T203320_SmallPatches_C6-CAM2,1,1,1,0,OK,362,34637,0,0.0,1 worm clean,0.0
/Users/noursaad/Desktop/PTUT/Minipatches_light_20260116/20221015T111903_SmallPatches_C1-CAM5,1,1,0,0,WEIRD,925,21137,13053,0.3717214865442119,2+ worms,0.3717214865442119
/Users/noursaad/Desktop/PTUT/Minipatches_light_20260116/20221116T193622_SmallPatches_C3-CAM7,1,1,1,0,OK,1694,33383,0,0.0,1 worm clean,0.0
/Users/noursaad/Desktop/PTUT/Minipatches_light_20260116/20221125T144055_SmallPatches_C5-CAM2,1,1,1,0,OK,1308,33740,0,0.0,1 worm clean,0.0
/Users/noursaad/Desktop/PTUT/Minipatches_light_20260116/20221125T144101_SmallPatches_C6-CAM3,1,1,1,1,NO WORM,0,0,0,0.0,0 worms,0.0
/Users/noursaad/Desktop/PTUT/Minipatches_light_20260116/20221110T193129_SmallPatches_C2-CAM4,1,1,1,0,OK,2854,32163,0,0.0,1 worm clean,0.0
/Users/noursaad/Desktop/PTUT/Minipatches_light_20260116/20221015T113423_SmallPatches_C6-CAM7,0,1,0,0,WEIRD,0,0,0,0.0,0 worms,0.0
/Users/noursaad/Desktop/PTUT/Minipatches_light_20260116/20221115T193532_SmallPatches_C1-CAM2,1,1,1,1,NO WORM,0,0,0,0.0,0 worms,0.0
/Users/noursaad/Desktop/PTUT/Minipatches_light_20260116/20221125T144101_SmallPatches_C6-CAM4,1,1,1,0,OK,13187,21341,0,0.0,1 worm clean,0.0
/Users/noursaad/Desktop/PTUT/Minipatches_light_20260116/20221125T144055_SmallPatches_C5-CAM5,1,1,1,0,OK,5736,13298,0,0.0,1 worm clean,0.0
/Users/noursaad/Desktop/PTUT/Minipatches_light_20260116/20221015T111903_SmallPatches_C1-CAM2,0,1,0,1,NO WORM,0,0,0,0.0,0 worms,0.0
/Users/noursaad/Desktop/PTUT/Minipatches_light_20260116/20221115T193532_SmallPatches_C1-CAM5,1,1,1,0,OK,2629,32361,0,0.0,1 worm clean,0.0
/Users/noursaad/Desktop/PTUT/Minipatches_light_20260116/20221015T113417_SmallPatches_C5-CAM8,1,1,0,0,WEIRD,384,113,34542,0.9858158052455837,2+ worms,0.9858158052455837
/Users/noursaad/Desktop/PTUT/Minipatches_light_20260116/20221120T190810_SmallPatches_C3-CAM2,1,1,1,0,OK,15713,19400,0,0.0,1 worm clean,0.0
/Users/noursaad/Desktop/PTUT/Minipatches_light_20260116/20221011T112417_SmallPatches_C6-CAM1,0,1,0,0,WEIRD,0,0,0,0.0,0 worms,0.0
/Users/noursaad/Desktop/PTUT/Minipatches_light_20260116/20221122T103604_SmallPatches_C5-CAM4,1,1,1,0,OK,4060,30923,0,0.0,1 worm clean,0.0
/Users/noursaad/Desktop/PTUT/Minipatches_light_20260116/20221016T203324_SmallPatches_C6-CAM2,1,1,1,0,OK,354,34639,0,0.0,1 worm clean,0.0
/Users/noursaad/Desktop/PTUT/Minipatches_light_20260116/20221011T111254_SmallPatches_C3-CAM7,1,1,1,0,OK,1343,32050,0,0.0,1 worm clean,0.0
/Users/noursaad/Desktop/PTUT/Minipatches_light_20260116/20221017T113050_SmallPatches_C6-CAM2,1,1,1,0,OK,9178,25932,0,0.0,1 worm clean,0.0
/Users/noursaad/Desktop/PTUT/Minipatches_light_20260116/20221119T115015_SmallPatches_C6-CAM6,1,1,1,1,NO WORM,0,0,0,0.0,0 worms,0.0
/Users/noursaad/Desktop/PTUT/Minipatches_light_20260116/20221016T114101_SmallPatches_C5-CAM4,1,1,1,0,OK,1264,33756,0,0.0,1 worm clean,0.0
/Users/noursaad/Desktop/PTUT/Minipatches_light_20260116/20221017T111506_SmallPatches_C3-CAM2,1,1,1,0,OK,8987,26210,0,0.0,1 worm clean,0.0
/Users/noursaad/Desktop/PTUT/Minipatches_light_20260116/20221123T211456_SmallPatches_C6-CAM8,1,1,1,1,NO WORM,0,0,0,0.0,0 worms,0.0
/Users/noursaad/Desktop/PTUT/Minipatches_light_20260116/20221016T203158_SmallPatches_C4-CAM8,1,1,1,0,OK,427,34599,0,0.0,1 worm clean,0.0
/Users/noursaad/Desktop/PTUT/Minipatches_light_20260116/20221119T115015_SmallPatches_C6-CAM1,0,1,0,0,WEIRD,0,0,0,0.0,0 worms,0.0
/Users/noursaad/Desktop/PTUT/Minipatches_light_20260116/20221011T112411_SmallPatches_C5-CAM1,1,1,1,0,OK,4397,28181,0,0.0,1 worm clean,0.0
/Users/noursaad/Desktop/PTUT/Minipatches_light_20260116/20221122T103604_SmallPatches_C5-CAM3,1,1,1,0,OK,5425,8565,0,0.0,1 worm clean,0.0
/Users/noursaad/Desktop/PTUT/Minipatches_light_20260116/20221123T115657_SmallPatches_C2-CAM7,1,1,1,0,OK,5329,29854,0,0.0,1 worm clean,0.0
/Users/noursaad/Desktop/PTUT/Minipatches_light_20260116/20221011T112417_SmallPatches_C6-CAM6,1,1,1,0,OK,9133,23419,0,0.0,1 worm clean,0.0
/Users/noursaad/Desktop/PTUT/Minipatches_light_20260116/20221123T211456_SmallPatches_C6-CAM1,1,1,1,0,OK,711,34380,0,0.0,1 worm clean,0.0
/Users/noursaad/Desktop/PTUT/Minipatches_light_20260116/20221016T203158_SmallPatches_C4-CAM1,1,1,1,0,OK,2961,32082,0,0.0,1 worm clean,0.0
/Users/noursaad/Desktop/PTUT/Minipatches_light_20260116/20221013T114735_SmallPatches_C1-CAM4,1,1,1,0,OK,4348,29418,0,0.0,1 worm clean,0.0
/Users/noursaad/Desktop/PTUT/Minipatches_light_20260116/20221116T103112_SmallPatches_C5-CAM3,1,1,1,1,NO WORM,0,0,0,0.0,0 worms,0.0
/Users/noursaad/Desktop/PTUT/Minipatches_light_20260116/20221119T115015_SmallPatches_C6-CAM8,1,1,1,0,OK,1212,25882,0,0.0,1 worm clean,0.0
/Users/noursaad/Desktop/PTUT/Minipatches_light_20260116/20221014T103022_SmallPatches_C4-CAM3,1,1,1,0,OK,988,22593,0,0.0,1 worm clean,0.0
/Users/noursaad/Desktop/PTUT/Minipatches_light_20260116/20221121T121358_SmallPatches_C5-CAM1,1,1,1,0,OK,6712,28376,0,0.0,1 worm clean,0.0
/Users/noursaad/Desktop/PTUT/Minipatches_light_20260116/20221118T103528_SmallPatches_C2-CAM7,1,1,1,0,OK,6205,28842,0,0.0,1 worm clean,0.0
/Users/noursaad/Desktop/PTUT/Minipatches_light_20260116/20221123T120808_SmallPatches_C4-CAM4,1,1,1,1,NO WORM,0,0,0,0.0,0 worms,0.0
/Users/noursaad/Desktop/PTUT/Minipatches_light_20260116/20221011T192204_SmallPatches_C6-CAM7,1,1,1,0,OK,1029,33876,0,0.0,1 worm clean,0.0
/Users/noursaad/Desktop/PTUT/Minipatches_light_20260116/20221011T112417_SmallPatches_C6-CAM8,0,1,0,0,WEIRD,0,0,0,0.0,0 worms,0.0
/Users/noursaad/Desktop/PTUT/Minipatches_light_20260116/20221014T103022_SmallPatches_C4-CAM4,1,1,0,0,WEIRD,11187,23008,1,2.9243186337583345e-05,1 worm with errors,2.9243186337583345e-05
/Users/noursaad/Desktop/PTUT/Minipatches_light_20260116/20221116T103112_SmallPatches_C5-CAM4,1,1,1,1,NO WORM,0,0,0,0.0,0 worms,0.0
/Users/noursaad/Desktop/PTUT/Minipatches_light_20260116/20221123T211456_SmallPatches_C6-CAM6,1,1,1,1,NO WORM,0,0,0,0.0,0 worms,0.0
/Users/noursaad/Desktop/PTUT/Minipatches_light_20260116/20221016T203158_SmallPatches_C4-CAM6,1,1,1,0,OK,603,34401,0,0.0,1 worm clean,0.0
/Users/noursaad/Desktop/PTUT/Minipatches_light_20260116/20221013T114735_SmallPatches_C1-CAM3,1,1,1,0,OK,5983,27766,0,0.0,1 worm clean,0.0
/Users/noursaad/Desktop/PTUT/Minipatches_light_20260116/20221119T203023_SmallPatches_C5-CAM5,1,1,1,0,OK,14040,20060,0,0.0,1 worm clean,0.0
/Users/noursaad/Desktop/PTUT/Minipatches_light_20260116/20221015T112001_SmallPatches_C2-CAM4,1,1,1,0,OK,608,34501,0,0.0,1 worm clean,0.0
/Users/noursaad/Desktop/PTUT/Minipatches_light_20260116/20221014T101512_SmallPatches_C1-CAM7,0,1,0,0,WEIRD,0,0,0,0.0,0 worms,0.0
/Users/noursaad/Desktop/PTUT/Minipatches_light_20260116/20221116T193607_SmallPatches_C2-CAM6,1,1,1,1,NO WORM,0,0,0,0.0,0 worms,0.0
/Users/noursaad/Desktop/PTUT/Minipatches_light_20260116/20221017T203320_SmallPatches_C6-CAM4,1,1,1,0,OK,1231,33794,0,0.0,1 worm clean,0.0
/Users/noursaad/Desktop/PTUT/Minipatches_light_20260116/20221015T111903_SmallPatches_C1-CAM3,1,1,1,0,OK,8983,26163,0,0.0,1 worm clean,0.0
/Users/noursaad/Desktop/PTUT/Minipatches_light_20260116/20221116T193622_SmallPatches_C3-CAM1,1,1,1,0,OK,1824,33252,0,0.0,1 worm clean,0.0
/Users/noursaad/Desktop/PTUT/Minipatches_light_20260116/20221125T144055_SmallPatches_C5-CAM4,0,1,0,0,WEIRD,0,0,0,0.0,0 worms,0.0
/Users/noursaad/Desktop/PTUT/Minipatches_light_20260116/20221125T144101_SmallPatches_C6-CAM5,1,1,1,0,OK,1335,33736,0,0.0,1 worm clean,0.0
/Users/noursaad/Desktop/PTUT/Minipatches_light_20260116/20221110T193129_SmallPatches_C2-CAM2,1,1,1,1,NO WORM,0,0,0,0.0,0 worms,0.0
/Users/noursaad/Desktop/PTUT/Minipatches_light_20260116/20221115T193532_SmallPatches_C1-CAM4,1,1,1,0,OK,6067,28956,0,0.0,1 worm clean,0.0
/Users/noursaad/Desktop/PTUT/Minipatches_light_20260116/20221015T113423_SmallPatches_C6-CAM1,1,1,1,1,NO WORM,0,0,0,0.0,0 worms,0.0
/Users/noursaad/Desktop/PTUT/Minipatches_light_20260116/20221125T144101_SmallPatches_C6-CAM2,1,1,1,0,OK,1887,33136,0,0.0,1 worm clean,0.0
/Users/noursaad/Desktop/PTUT/Minipatches_light_20260116/20221125T144055_SmallPatches_C5-CAM3,1,1,1,0,OK,3061,31965,0,0.0,1 worm clean,0.0
/Users/noursaad/Desktop/PTUT/Minipatches_light_20260116/20221116T193622_SmallPatches_C3-CAM6,1,1,1,0,OK,7519,27516,0,0.0,1 worm clean,0.0
/Users/noursaad/Desktop/PTUT/Minipatches_light_20260116/20221017T203320_SmallPatches_C6-CAM3,0,1,0,0,WEIRD,0,0,0,0.0,0 worms,0.0
/Users/noursaad/Desktop/PTUT/Minipatches_light_20260116/20221015T111903_SmallPatches_C1-CAM4,1,1,0,0,WEIRD,891,34237,7,0.0001992315355059,1 worm with errors,0.0001992315355059
/Users/noursaad/Desktop/PTUT/Minipatches_light_20260116/20221015T113423_SmallPatches_C6-CAM6,1,1,0,1,NO WORM,0,0,0,0.0,0 worms,0.0
/Users/noursaad/Desktop/PTUT/Minipatches_light_20260116/20221121T120109_SmallPatches_C2-CAM7,1,1,1,1,NO WORM,0,0,0,0.0,0 worms,0.0
/Users/noursaad/Desktop/PTUT/Minipatches_light_20260116/20221115T193532_SmallPatches_C1-CAM3,1,1,1,1,NO WORM,0,0,0,0.0,0 worms,0.0
/Users/noursaad/Desktop/PTUT/Minipatches_light_20260116/20221122T192144_SmallPatches_C1-CAM3,1,1,1,0,OK,19331,15757,0,0.0,1 worm clean,0.0
/Users/noursaad/Desktop/PTUT/Minipatches_light_20260116/20221115T112027_SmallPatches_C2-CAM6,1,1,1,0,OK,452,34650,0,0.0,1 worm clean,0.0
/Users/noursaad/Desktop/PTUT/Minipatches_light_20260116/20221015T113417_SmallPatches_C5-CAM7,1,1,1,0,OK,444,34571,0,0.0,1 worm clean,0.0
/Users/noursaad/Desktop/PTUT/Minipatches_light_20260116/20221017T112927_SmallPatches_C4-CAM3,1,1,1,0,OK,472,25598,0,0.0,1 worm clean,0.0
/Users/noursaad/Desktop/PTUT/Minipatches_light_20260116/20221118T103454_SmallPatches_C1-CAM2,1,1,1,0,OK,800,34314,0,0.0,1 worm clean,0.0
/Users/noursaad/Desktop/PTUT/Minipatches_light_20260116/20221122T192144_SmallPatches_C1-CAM4,1,1,1,0,OK,3273,31833,0,0.0,1 worm clean,0.0
/Users/noursaad/Desktop/PTUT/Minipatches_light_20260116/20221110T105552_SmallPatches_C2-CAM4,1,1,1,0,OK,4225,30796,0,0.0,1 worm clean,0.0
/Users/noursaad/Desktop/PTUT/Minipatches_light_20260116/20221015T113423_SmallPatches_C6-CAM8,1,1,1,0,OK,11989,23036,0,0.0,1 worm clean,0.0
/Users/noursaad/Desktop/PTUT/Minipatches_light_20260116/20221119T115009_SmallPatches_C5-CAM3,0,1,0,0,WEIRD,0,0,0,0.0,0 worms,0.0
/Users/noursaad/Desktop/PTUT/Minipatches_light_20260116/20221118T103454_SmallPatches_C1-CAM5,1,1,1,0,OK,5756,29330,0,0.0,1 worm clean,0.0
/Users/noursaad/Desktop/PTUT/Minipatches_light_20260116/20221116T193622_SmallPatches_C3-CAM8,0,1,0,1,NO WORM,0,0,0,0.0,0 worms,0.0
/Users/noursaad/Desktop/PTUT/Minipatches_light_20260116/20221017T112927_SmallPatches_C4-CAM4,1,1,1,1,NO WORM,0,0,0,0.0,0 worms,0.0
/Users/noursaad/Desktop/PTUT/Minipatches_light_20260116/20221116T103112_SmallPatches_C5-CAM5,0,1,0,1,NO WORM,0,0,0,0.0,0 worms,0.0
/Users/noursaad/Desktop/PTUT/Minipatches_light_20260116/20221123T211456_SmallPatches_C6-CAM7,0,1,0,1,NO WORM,0,0,0,0.0,0 worms,0.0
/Users/noursaad/Desktop/PTUT/Minipatches_light_20260116/20221013T114735_SmallPatches_C1-CAM2,1,1,1,0,OK,609,33174,0,0.0,1 worm clean,0.0
/Users/noursaad/Desktop/PTUT/Minipatches_light_20260116/20221016T203158_SmallPatches_C4-CAM7,1,1,1,0,OK,1157,33861,0,0.0,1 worm clean,0.0
/Users/noursaad/Desktop/PTUT/Minipatches_light_20260116/20221014T103022_SmallPatches_C4-CAM5,1,1,1,0,OK,1475,33536,0,0.0,1 worm clean,0.0
/Users/noursaad/Desktop/PTUT/Minipatches_light_20260116/20221011T192204_SmallPatches_C6-CAM6,1,1,1,0,OK,2047,32850,0,0.0,1 worm clean,0.0
/Users/noursaad/Desktop/PTUT/Minipatches_light_20260116/20221116T193607_SmallPatches_C2-CAM7,1,1,1,0,OK,2152,32912,0,0.0,1 worm clean,0.0
/Users/noursaad/Desktop/PTUT/Minipatches_light_20260116/20221123T120808_SmallPatches_C4-CAM2,0,1,0,1,NO WORM,0,0,0,0.0,0 worms,0.0
/Users/noursaad/Desktop/PTUT/Minipatches_light_20260116/20221017T113043_SmallPatches_C5-CAM8,1,1,1,0,OK,26080,8948,0,0.0,1 worm clean,0.0
/Users/noursaad/Desktop/PTUT/Minipatches_light_20260116/20221014T101512_SmallPatches_C1-CAM6,1,1,1,0,OK,2251,32754,0,0.0,1 worm clean,0.0
/Users/noursaad/Desktop/PTUT/Minipatches_light_20260116/20221011T192204_SmallPatches_C6-CAM1,1,1,1,0,OK,3071,31808,0,0.0,1 worm clean,0.0
/Users/noursaad/Desktop/PTUT/Minipatches_light_20260116/20221011T191616_SmallPatches_C1-CAM1,0,1,0,0,WEIRD,0,0,0,0.0,0 worms,0.0
/Users/noursaad/Desktop/PTUT/Minipatches_light_20260116/20221013T114735_SmallPatches_C1-CAM5,0,1,0,0,WEIRD,0,0,0,0.0,0 worms,0.0
/Users/noursaad/Desktop/PTUT/Minipatches_light_20260116/20221116T103112_SmallPatches_C5-CAM2,1,1,1,0,OK,23089,11856,0,0.0,1 worm clean,0.0
/Users/noursaad/Desktop/PTUT/Minipatches_light_20260116/20221014T101512_SmallPatches_C1-CAM1,1,1,1,0,OK,338,34629,0,0.0,1 worm clean,0.0
/Users/noursaad/Desktop/PTUT/Minipatches_light_20260116/20221119T203023_SmallPatches_C5-CAM3,0,1,0,0,WEIRD,0,0,0,0.0,0 worms,0.0
/Users/noursaad/Desktop/PTUT/Minipatches_light_20260116/20221015T112001_SmallPatches_C2-CAM2,1,1,1,0,OK,488,34594,0,0.0,1 worm clean,0.0
/Users/noursaad/Desktop/PTUT/Minipatches_light_20260116/20221118T103528_SmallPatches_C2-CAM6,1,1,1,0,OK,22281,12957,0,0.0,1 worm clean,0.0
/Users/noursaad/Desktop/PTUT/Minipatches_light_20260116/20221120T190810_SmallPatches_C3-CAM4,1,1,0,0,WEIRD,544,1311,33269,0.9471871085297802,2+ worms,0.9471871085297802
/Users/noursaad/Desktop/PTUT/Minipatches_light_20260116/20221017T113043_SmallPatches_C5-CAM6,1,1,1,0,OK,1777,33331,0,0.0,1 worm clean,0.0
/Users/noursaad/Desktop/PTUT/Minipatches_light_20260116/20221014T101512_SmallPatches_C1-CAM8,1,1,0,0,WEIRD,10524,24448,3,8.577555396711937e-05,1 worm with errors,8.577555396711937e-05
/Users/noursaad/Desktop/PTUT/Minipatches_light_20260116/20221017T111506_SmallPatches_C3-CAM3,1,1,1,0,OK,1171,33924,0,0.0,1 worm clean,0.0
/Users/noursaad/Desktop/PTUT/Minipatches_light_20260116/20221122T103604_SmallPatches_C5-CAM2,1,1,1,1,NO WORM,0,0,0,0.0,0 worms,0.0
/Users/noursaad/Desktop/PTUT/Minipatches_light_20260116/20221016T203324_SmallPatches_C6-CAM4,1,1,1,1,NO WORM,0,0,0,0.0,0 worms,0.0
/Users/noursaad/Desktop/PTUT/Minipatches_light_20260116/20221011T192204_SmallPatches_C6-CAM8,1,1,1,0,OK,1076,33838,0,0.0,1 worm clean,0.0
/Users/noursaad/Desktop/PTUT/Minipatches_light_20260116/20221123T115657_SmallPatches_C2-CAM6,1,1,1,0,OK,9101,26038,0,0.0,1 worm clean,0.0
/Users/noursaad/Desktop/PTUT/Minipatches_light_20260116/20221011T191616_SmallPatches_C1-CAM8,1,1,1,0,OK,7361,27560,0,0.0,1 worm clean,0.0
/Users/noursaad/Desktop/PTUT/Minipatches_light_20260116/20221011T112417_SmallPatches_C6-CAM7,1,1,1,0,OK,14560,17821,0,0.0,1 worm clean,0.0
/Users/noursaad/Desktop/PTUT/Minipatches_light_20260116/20221016T114101_SmallPatches_C5-CAM2,1,1,1,0,OK,7840,27153,0,0.0,1 worm clean,0.0
/Users/noursaad/Desktop/PTUT/Minipatches_light_20260116/20221011T111254_SmallPatches_C3-CAM1,0,1,0,0,WEIRD,0,0,0,0.0,0 worms,0.0
/Users/noursaad/Desktop/PTUT/Minipatches_light_20260116/20221017T113050_SmallPatches_C6-CAM4,1,1,1,0,OK,1222,33904,0,0.0,1 worm clean,0.0
/Users/noursaad/Desktop/PTUT/Minipatches_light_20260116/20221017T113043_SmallPatches_C5-CAM1,1,1,1,0,OK,4586,30454,0,0.0,1 worm clean,0.0
/Users/noursaad/Desktop/PTUT/Minipatches_light_20260116/20221017T111506_SmallPatches_C3-CAM4,1,1,1,1,NO WORM,0,0,0,0.0,0 worms,0.0
/Users/noursaad/Desktop/PTUT/Minipatches_light_20260116/20221120T190810_SmallPatches_C3-CAM3,1,1,1,0,OK,4681,30455,0,0.0,1 worm clean,0.0
/Users/noursaad/Desktop/PTUT/Minipatches_light_20260116/20221011T111254_SmallPatches_C3-CAM6,1,1,1,0,OK,9121,24266,0,0.0,1 worm clean,0.0
/Users/noursaad/Desktop/PTUT/Minipatches_light_20260116/20221119T115015_SmallPatches_C6-CAM7,1,1,1,0,OK,3651,31400,0,0.0,1 worm clean,0.0
/Users/noursaad/Desktop/PTUT/Minipatches_light_20260116/20221017T113050_SmallPatches_C6-CAM3,1,1,1,0,OK,1438,33657,0,0.0,1 worm clean,0.0
/Users/noursaad/Desktop/PTUT/Minipatches_light_20260116/20221011T112411_SmallPatches_C5-CAM7,0,1,0,0,WEIRD,0,0,0,0.0,0 worms,0.0
/Users/noursaad/Desktop/PTUT/Minipatches_light_20260116/20221122T103604_SmallPatches_C5-CAM5,1,1,1,0,OK,4140,30866,0,0.0,1 worm clean,0.0
/Users/noursaad/Desktop/PTUT/Minipatches_light_20260116/20221116T193528_SmallPatches_C1-CAM4,1,1,1,0,OK,1018,34068,0,0.0,1 worm clean,0.0
/Users/noursaad/Desktop/PTUT/Minipatches_light_20260116/20221119T203029_SmallPatches_C6-CAM1,1,1,0,0,WEIRD,11196,18695,5202,0.1482346906790528,2+ worms,0.1482346906790528
/Users/noursaad/Desktop/PTUT/Minipatches_light_20260116/20221115T113211_SmallPatches_C4-CAM3,1,1,0,1,NO WORM,0,0,0,0.0,0 worms,0.0
/Users/noursaad/Desktop/PTUT/Minipatches_light_20260116/20221015T201543_SmallPatches_C5-CAM4,1,1,1,1,NO WORM,0,0,0,0.0,0 worms,0.0
/Users/noursaad/Desktop/PTUT/Minipatches_light_20260116/20221125T233336_SmallPatches_C5-CAM6,1,1,0,1,NO WORM,0,0,0,0.0,0 worms,0.0
/Users/noursaad/Desktop/PTUT/Minipatches_light_20260116/20221011T191645_SmallPatches_C3-CAM2,1,1,1,0,OK,32838,2051,0,0.0,1 worm clean,0.0
/Users/noursaad/Desktop/PTUT/Minipatches_light_20260116/20221110T194358_SmallPatches_C4-CAM1,1,1,1,1,NO WORM,0,0,0,0.0,0 worms,0.0
/Users/noursaad/Desktop/PTUT/Minipatches_light_20260116/20221011T111318_SmallPatches_C2-CAM5,1,1,1,0,OK,694,32783,0,0.0,1 worm clean,0.0
/Users/noursaad/Desktop/PTUT/Minipatches_light_20260116/20221017T202104_SmallPatches_C1-CAM1,1,1,1,0,OK,5837,29271,0,0.0,1 worm clean,0.0
/Users/noursaad/Desktop/PTUT/Minipatches_light_20260116/20221126T114417_SmallPatches_C4-CAM4,0,1,0,0,WEIRD,0,0,0,0.0,0 worms,0.0
/Users/noursaad/Desktop/PTUT/Minipatches_light_20260116/20221115T113211_SmallPatches_C4-CAM4,1,1,1,0,OK,16893,18122,0,0.0,1 worm clean,0.0
/Users/noursaad/Desktop/PTUT/Minipatches_light_20260116/20221116T193528_SmallPatches_C1-CAM3,1,1,1,0,OK,5654,29418,0,0.0,1 worm clean,0.0
/Users/noursaad/Desktop/PTUT/Minipatches_light_20260116/20221119T203029_SmallPatches_C6-CAM6,1,1,0,1,NO WORM,0,0,0,0.0,0 worms,0.0
/Users/noursaad/Desktop/PTUT/Minipatches_light_20260116/20221117T200328_SmallPatches_C5-CAM2,1,1,1,0,OK,2740,32410,0,0.0,1 worm clean,0.0
/Users/noursaad/Desktop/PTUT/Minipatches_light_20260116/20221015T201431_SmallPatches_C4-CAM4,0,1,0,1,NO WORM,0,0,0,0.0,0 worms,0.0
/Users/noursaad/Desktop/PTUT/Minipatches_light_20260116/20221125T233343_SmallPatches_C6-CAM7,1,1,1,1,NO WORM,0,0,0,0.0,0 worms,0.0
/Users/noursaad/Desktop/PTUT/Minipatches_light_20260116/20221121T120032_SmallPatches_C1-CAM7,1,1,0,1,NO WORM,0,0,0,0.0,0 worms,0.0
/Users/noursaad/Desktop/PTUT/Minipatches_light_20260116/20221126T114417_SmallPatches_C4-CAM3,1,1,1,0,OK,6047,28991,0,0.0,1 worm clean,0.0
/Users/noursaad/Desktop/PTUT/Minipatches_light_20260116/20221125T232148_SmallPatches_C3-CAM1,1,1,0,0,WEIRD,6766,22238,6182,0.1756948786449156,2+ worms,0.1756948786449156
/Users/noursaad/Desktop/PTUT/Minipatches_light_20260116/20221017T202104_SmallPatches_C1-CAM6,1,1,1,0,OK,854,34290,0,0.0,1 worm clean,0.0
/Users/noursaad/Desktop/PTUT/Minipatches_light_20260116/20221110T194358_SmallPatches_C4-CAM6,0,1,0,0,WEIRD,0,0,0,0.0,0 worms,0.0
/Users/noursaad/Desktop/PTUT/Minipatches_light_20260116/20221011T111318_SmallPatches_C2-CAM2,1,1,1,0,OK,6240,27227,0,0.0,1 worm clean,0.0
/Users/noursaad/Desktop/PTUT/Minipatches_light_20260116/20221015T111939_SmallPatches_C3-CAM2,1,1,1,0,OK,9376,21372,0,0.0,1 worm clean,0.0
/Users/noursaad/Desktop/PTUT/Minipatches_light_20260116/20221121T204538_SmallPatches_C1-CAM7,1,1,1,0,OK,576,34605,0,0.0,1 worm clean,0.0
/Users/noursaad/Desktop/PTUT/Minipatches_light_20260116/20221125T233336_SmallPatches_C5-CAM1,1,1,1,0,OK,13236,21615,0,0.0,1 worm clean,0.0
/Users/noursaad/Desktop/PTUT/Minipatches_light_20260116/20221126T205107_SmallPatches_C5-CAM8,1,1,1,1,NO WORM,0,0,0,0.0,0 worms,0.0
/Users/noursaad/Desktop/PTUT/Minipatches_light_20260116/20221125T232148_SmallPatches_C3-CAM8,1,1,1,0,OK,761,34410,0,0.0,1 worm clean,0.0
/Users/noursaad/Desktop/PTUT/Minipatches_light_20260116/20221122T103611_SmallPatches_C6-CAM3,1,1,1,0,OK,4679,30386,0,0.0,1 worm clean,0.0
/Users/noursaad/Desktop/PTUT/Minipatches_light_20260116/20221126T203516_SmallPatches_C1-CAM3,1,1,1,0,OK,4308,30748,0,0.0,1 worm clean,0.0
/Users/noursaad/Desktop/PTUT/Minipatches_light_20260116/20221125T233336_SmallPatches_C5-CAM8,1,1,1,0,OK,995,34075,0,0.0,1 worm clean,0.0
/Users/noursaad/Desktop/PTUT/Minipatches_light_20260116/20221110T194540_SmallPatches_C6-CAM2,1,1,1,0,OK,4218,30696,0,0.0,1 worm clean,0.0
/Users/noursaad/Desktop/PTUT/Minipatches_light_20260116/20221126T205107_SmallPatches_C5-CAM1,1,1,1,0,OK,27679,7476,0,0.0,1 worm clean,0.0
/Users/noursaad/Desktop/PTUT/Minipatches_light_20260116/20221118T104744_SmallPatches_C5-CAM4,1,1,0,0,WEIRD,29577,3311,591,0.0176528570148451,1 worm with errors,0.0176528570148451
/Users/noursaad/Desktop/PTUT/Minipatches_light_20260116/20221126T205114_SmallPatches_C6-CAM3,1,1,1,0,OK,980,34119,0,0.0,1 worm clean,0.0
/Users/noursaad/Desktop/PTUT/Minipatches_light_20260116/20221012T200644_SmallPatches_C1-CAM3,0,1,0,0,WEIRD,0,0,0,0.0,0 worms,0.0
/Users/noursaad/Desktop/PTUT/Minipatches_light_20260116/20221110T105517_SmallPatches_C3-CAM2,1,1,1,1,NO WORM,0,0,0,0.0,0 worms,0.0
/Users/noursaad/Desktop/PTUT/Minipatches_light_20260116/20221126T205107_SmallPatches_C5-CAM6,1,1,1,0,OK,9353,25863,0,0.0,1 worm clean,0.0
/Users/noursaad/Desktop/PTUT/Minipatches_light_20260116/20221118T104744_SmallPatches_C5-CAM3,1,1,0,0,WEIRD,3111,29249,2662,0.0760093655416595,2+ worms,0.0760093655416595
/Users/noursaad/Desktop/PTUT/Minipatches_light_20260116/20221122T193952_SmallPatches_C6-CAM7,1,1,1,1,NO WORM,0,0,0,0.0,0 worms,0.0
/Users/noursaad/Desktop/PTUT/Minipatches_light_20260116/20221110T194358_SmallPatches_C4-CAM8,1,1,1,0,OK,6313,28736,0,0.0,1 worm clean,0.0
/Users/noursaad/Desktop/PTUT/Minipatches_light_20260116/20221110T194540_SmallPatches_C6-CAM5,1,1,1,1,NO WORM,0,0,0,0.0,0 worms,0.0
/Users/noursaad/Desktop/PTUT/Minipatches_light_20260116/20221122T103611_SmallPatches_C6-CAM4,1,1,1,0,OK,3440,31641,0,0.0,1 worm clean,0.0
/Users/noursaad/Desktop/PTUT/Minipatches_light_20260116/20221017T202104_SmallPatches_C1-CAM8,0,1,0,1,NO WORM,0,0,0,0.0,0 worms,0.0
/Users/noursaad/Desktop/PTUT/Minipatches_light_20260116/20221126T203516_SmallPatches_C1-CAM4,1,1,1,0,OK,5687,29411,0,0.0,1 worm clean,0.0
/Users/noursaad/Desktop/PTUT/Minipatches_light_20260116/20221012T200644_SmallPatches_C1-CAM4,1,1,1,0,OK,360,34607,0,0.0,1 worm clean,0.0
/Users/noursaad/Desktop/PTUT/Minipatches_light_20260116/20221119T203029_SmallPatches_C6-CAM8,1,1,1,0,OK,8768,26015,0,0.0,1 worm clean,0.0
/Users/noursaad/Desktop/PTUT/Minipatches_light_20260116/20221126T205114_SmallPatches_C6-CAM4,1,1,1,1,NO WORM,0,0,0,0.0,0 worms,0.0
/Users/noursaad/Desktop/PTUT/Minipatches_light_20260116/20221016T201820_SmallPatches_C2-CAM4,1,1,0,0,WEIRD,556,2765,31907,0.9057283978653344,2+ worms,0.9057283978653344
/Users/noursaad/Desktop/PTUT/Minipatches_light_20260116/20221123T115619_SmallPatches_C1-CAM4,1,1,1,1,NO WORM,0,0,0,0.0,0 worms,0.0
/Users/noursaad/Desktop/PTUT/Minipatches_light_20260116/20221119T113756_SmallPatches_C3-CAM4,1,1,1,0,OK,1903,33334,0,0.0,1 worm clean,0.0
/Users/noursaad/Desktop/PTUT/Minipatches_light_20260116/20221121T204614_SmallPatches_C2-CAM7,1,1,1,1,NO WORM,0,0,0,0.0,0 worms,0.0
/Users/noursaad/Desktop/PTUT/Minipatches_light_20260116/20221013T115324_SmallPatches_C4-CAM1,1,1,1,0,OK,579,32906,0,0.0,1 worm clean,0.0
/Users/noursaad/Desktop/PTUT/Minipatches_light_20260116/20221014T192724_SmallPatches_C6-CAM7,1,1,1,1,NO WORM,0,0,0,0.0,0 worms,0.0
/Users/noursaad/Desktop/PTUT/Minipatches_light_20260116/20221115T112033_SmallPatches_C3-CAM2,1,1,1,0,OK,3407,31194,0,0.0,1 worm clean,0.0
/Users/noursaad/Desktop/PTUT/Minipatches_light_20260116/20221013T115324_SmallPatches_C4-CAM6,1,1,1,0,OK,348,33117,0,0.0,1 worm clean,0.0
/Users/noursaad/Desktop/PTUT/Minipatches_light_20260116/20221012T130017_SmallPatches_C3-CAM8,1,1,1,0,OK,2963,25326,0,0.0,1 worm clean,0.0
/Users/noursaad/Desktop/PTUT/Minipatches_light_20260116/20221126T203554_SmallPatches_C2-CAM4,0,1,0,1,NO WORM,0,0,0,0.0,0 worms,0.0
/Users/noursaad/Desktop/PTUT/Minipatches_light_20260116/20221119T115002_SmallPatches_C4-CAM4,1,1,1,1,NO WORM,0,0,0,0.0,0 worms,0.0
/Users/noursaad/Desktop/PTUT/Minipatches_light_20260116/20221119T113756_SmallPatches_C3-CAM3,0,1,0,1,NO WORM,0,0,0,0.0,0 worms,0.0
/Users/noursaad/Desktop/PTUT/Minipatches_light_20260116/20221013T201306_SmallPatches_C3-CAM7,1,1,1,0,OK,2383,32616,0,0.0,1 worm clean,0.0
/Users/noursaad/Desktop/PTUT/Minipatches_light_20260116/20221123T115619_SmallPatches_C1-CAM3,1,1,1,0,OK,495,34593,0,0.0,1 worm clean,0.0
/Users/noursaad/Desktop/PTUT/Minipatches_light_20260116/20221117T195631_SmallPatches_C2-CAM4,1,1,1,1,NO WORM,0,0,0,0.0,0 worms,0.0
/Users/noursaad/Desktop/PTUT/Minipatches_light_20260116/20221012T130017_SmallPatches_C3-CAM1,1,1,1,0,OK,811,27406,0,0.0,1 worm clean,0.0
/Users/noursaad/Desktop/PTUT/Minipatches_light_20260116/20221115T111955_SmallPatches_C1-CAM5,1,1,1,0,OK,3029,31983,0,0.0,1 worm clean,0.0
/Users/noursaad/Desktop/PTUT/Minipatches_light_20260116/20221012T125943_SmallPatches_C1-CAM4,1,1,1,0,OK,475,27612,0,0.0,1 worm clean,0.0
/Users/noursaad/Desktop/PTUT/Minipatches_light_20260116/20221123T210701_SmallPatches_C2-CAM7,1,1,1,0,OK,9209,5675,0,0.0,1 worm clean,0.0
/Users/noursaad/Desktop/PTUT/Minipatches_light_20260116/20221110T111024_SmallPatches_C5-CAM5,1,1,1,0,OK,3889,31084,0,0.0,1 worm clean,0.0
/Users/noursaad/Desktop/PTUT/Minipatches_light_20260116/20221015T113303_SmallPatches_C4-CAM2,1,1,1,0,OK,3372,31705,0,0.0,1 worm clean,0.0
/Users/noursaad/Desktop/PTUT/Minipatches_light_20260116/20221012T131916_SmallPatches_C5-CAM5,0,1,0,1,NO WORM,0,0,0,0.0,0 worms,0.0
/Users/noursaad/Desktop/PTUT/Minipatches_light_20260116/20221017T111530_SmallPatches_C2-CAM4,1,1,0,0,WEIRD,582,1522,33173,0.9403577401706494,2+ worms,0.9403577401706494
/Users/noursaad/Desktop/PTUT/Minipatches_light_20260116/20221012T130017_SmallPatches_C3-CAM6,1,1,1,0,OK,2816,25440,0,0.0,1 worm clean,0.0
/Users/noursaad/Desktop/PTUT/Minipatches_light_20260116/20221013T115324_SmallPatches_C4-CAM8,1,1,1,0,OK,9569,23917,0,0.0,1 worm clean,0.0
/Users/noursaad/Desktop/PTUT/Minipatches_light_20260116/20221015T113303_SmallPatches_C4-CAM5,1,1,1,1,NO WORM,0,0,0,0.0,0 worms,0.0
/Users/noursaad/Desktop/PTUT/Minipatches_light_20260116/20221012T131916_SmallPatches_C5-CAM2,0,1,0,1,NO WORM,0,0,0,0.0,0 worms,0.0
/Users/noursaad/Desktop/PTUT/Minipatches_light_20260116/20221110T111024_SmallPatches_C5-CAM2,1,1,1,0,OK,265,34673,0,0.0,1 worm clean,0.0
/Users/noursaad/Desktop/PTUT/Minipatches_light_20260116/20221012T125943_SmallPatches_C1-CAM3,1,1,1,0,OK,5627,19649,0,0.0,1 worm clean,0.0
/Users/noursaad/Desktop/PTUT/Minipatches_light_20260116/20221115T111955_SmallPatches_C1-CAM2,1,1,1,1,NO WORM,0,0,0,0.0,0 worms,0.0
/Users/noursaad/Desktop/PTUT/Minipatches_light_20260116/20221012T202949_SmallPatches_C4-CAM7,1,1,1,0,OK,26394,8579,0,0.0,1 worm clean,0.0
/Users/noursaad/Desktop/PTUT/Minipatches_light_20260116/trajectory_plots,0,0,0,0,NO WORM,0,0,0,0.0,0 worms,0.0
/Users/noursaad/Desktop/PTUT/Minipatches_light_20260116/20221122T103611_SmallPatches_C6-CAM5,0,1,0,1,NO WORM,0,0,0,0.0,0 worms,0.0
/Users/noursaad/Desktop/PTUT/Minipatches_light_20260116/20221126T203516_SmallPatches_C1-CAM5,1,1,1,0,OK,3694,31357,0,0.0,1 worm clean,0.0
/Users/noursaad/Desktop/PTUT/Minipatches_light_20260116/20221121T120032_SmallPatches_C1-CAM8,1,1,1,0,OK,8258,24799,0,0.0,1 worm clean,0.0
/Users/noursaad/Desktop/PTUT/Minipatches_light_20260116/20221118T104744_SmallPatches_C5-CAM2,0,1,0,0,WEIRD,0,0,0,0.0,0 worms,0.0
/Users/noursaad/Desktop/PTUT/Minipatches_light_20260116/20221126T205107_SmallPatches_C5-CAM7,1,1,1,0,OK,1744,33372,0,0.0,1 worm clean,0.0
/Users/noursaad/Desktop/PTUT/Minipatches_light_20260116/20221121T204538_SmallPatches_C1-CAM8,1,1,1,0,OK,17697,17495,0,0.0,1 worm clean,0.0
/Users/noursaad/Desktop/PTUT/Minipatches_light_20260116/20221122T193952_SmallPatches_C6-CAM6,1,1,1,0,OK,486,34582,0,0.0,1 worm clean,0.0
/Users/noursaad/Desktop/PTUT/Minipatches_light_20260116/20221110T194540_SmallPatches_C6-CAM4,1,1,1,1,NO WORM,0,0,0,0.0,0 worms,0.0
/Users/noursaad/Desktop/PTUT/Minipatches_light_20260116/20221126T205114_SmallPatches_C6-CAM5,1,1,1,1,NO WORM,0,0,0,0.0,0 worms,0.0
/Users/noursaad/Desktop/PTUT/Minipatches_light_20260116/20221121T205850_SmallPatches_C6-CAM6,0,1,0,0,WEIRD,0,0,0,0.0,0 worms,0.0
/Users/noursaad/Desktop/PTUT/Minipatches_light_20260116/20221125T233343_SmallPatches_C6-CAM8,1,1,1,0,OK,4222,30884,0,0.0,1 worm clean,0.0
/Users/noursaad/Desktop/PTUT/Minipatches_light_20260116/20221012T200644_SmallPatches_C1-CAM5,1,1,1,0,OK,3404,31561,0,0.0,1 worm clean,0.0
/Users/noursaad/Desktop/PTUT/Minipatches_light_20260116/20221110T105517_SmallPatches_C3-CAM4,1,1,1,0,OK,3929,30102,0,0.0,1 worm clean,0.0
/Users/noursaad/Desktop/PTUT/Minipatches_light_20260116/20221122T193952_SmallPatches_C6-CAM1,1,1,1,0,OK,12562,14300,0,0.0,1 worm clean,0.0
/Users/noursaad/Desktop/PTUT/Minipatches_light_20260116/20221110T194540_SmallPatches_C6-CAM3,1,1,1,1,NO WORM,0,0,0,0.0,0 worms,0.0
/Users/noursaad/Desktop/PTUT/Minipatches_light_20260116/20221118T104744_SmallPatches_C5-CAM5,1,1,1,0,OK,828,34142,0,0.0,1 worm clean,0.0
/Users/noursaad/Desktop/PTUT/Minipatches_light_20260116/20221122T103611_SmallPatches_C6-CAM2,1,1,0,0,WEIRD,2011,14649,18389,0.5246654683443179,2+ worms,0.5246654683443179
/Users/noursaad/Desktop/PTUT/Minipatches_light_20260116/20221126T203516_SmallPatches_C1-CAM2,0,1,0,0,WEIRD,0,0,0,0.0,0 worms,0.0
/Users/noursaad/Desktop/PTUT/Minipatches_light_20260116/20221110T105517_SmallPatches_C3-CAM3,1,1,1,0,OK,1384,33585,0,0.0,1 worm clean,0.0
/Users/noursaad/Desktop/PTUT/Minipatches_light_20260116/20221012T200644_SmallPatches_C1-CAM2,1,1,1,0,OK,336,34609,0,0.0,1 worm clean,0.0
/Users/noursaad/Desktop/PTUT/Minipatches_light_20260116/20221121T205850_SmallPatches_C6-CAM1,1,1,1,0,OK,1725,33345,0,0.0,1 worm clean,0.0
/Users/noursaad/Desktop/PTUT/Minipatches_light_20260116/20221126T205114_SmallPatches_C6-CAM2,1,1,0,1,NO WORM,0,0,0,0.0,0 worms,0.0
/Users/noursaad/Desktop/PTUT/Minipatches_light_20260116/20221015T201431_SmallPatches_C4-CAM5,1,1,0,0,WEIRD,448,5113,29434,0.8410915845120731,2+ worms,0.8410915845120731
/Users/noursaad/Desktop/PTUT/Minipatches_light_20260116/20221121T205850_SmallPatches_C6-CAM8,1,1,1,0,OK,5839,29211,0,0.0,1 worm clean,0.0
/Users/noursaad/Desktop/PTUT/Minipatches_light_20260116/20221125T233343_SmallPatches_C6-CAM6,0,1,0,1,NO WORM,0,0,0,0.0,0 worms,0.0
/Users/noursaad/Desktop/PTUT/Minipatches_light_20260116/20221115T113211_SmallPatches_C4-CAM5,1,1,1,0,OK,425,34602,0,0.0,1 worm clean,0.0
/Users/noursaad/Desktop/PTUT/Minipatches_light_20260116/20221015T201543_SmallPatches_C5-CAM2,1,1,1,0,OK,5799,19741,0,0.0,1 worm clean,0.0
/Users/noursaad/Desktop/PTUT/Minipatches_light_20260116/20221117T200328_SmallPatches_C5-CAM3,0,1,0,1,NO WORM,0,0,0,0.0,0 worms,0.0
/Users/noursaad/Desktop/PTUT/Minipatches_light_20260116/20221119T203029_SmallPatches_C6-CAM7,1,1,1,1,NO WORM,0,0,0,0.0,0 worms,0.0
/Users/noursaad/Desktop/PTUT/Minipatches_light_20260116/20221121T204538_SmallPatches_C1-CAM6,0,1,0,0,WEIRD,0,0,0,0.0,0 worms,0.0
/Users/noursaad/Desktop/PTUT/Minipatches_light_20260116/20221015T111939_SmallPatches_C3-CAM3,0,1,0,0,WEIRD,0,0,0,0.0,0 worms,0.0
/Users/noursaad/Desktop/PTUT/Minipatches_light_20260116/20221122T193952_SmallPatches_C6-CAM8,1,1,1,1,NO WORM,0,0,0,0.0,0 worms,0.0
/Users/noursaad/Desktop/PTUT/Minipatches_light_20260116/20221110T194358_SmallPatches_C4-CAM7,1,1,1,0,OK,9732,25301,0,0.0,1 worm clean,0.0
/Users/noursaad/Desktop/PTUT/Minipatches_light_20260116/20221122T103559_SmallPatches_C4-CAM4,1,1,1,0,OK,913,34035,0,0.0,1 worm clean,0.0
/Users/noursaad/Desktop/PTUT/Minipatches_light_20260116/20221121T120032_SmallPatches_C1-CAM6,1,1,0,1,NO WORM,0,0,0,0.0,0 worms,0.0
/Users/noursaad/Desktop/PTUT/Minipatches_light_20260116/20221017T202104_SmallPatches_C1-CAM7,1,1,0,0,WEIRD,1656,3819,29681,0.8442655592217545,2+ worms,0.8442655592217545
/Users/noursaad/Desktop/PTUT/Minipatches_light_20260116/20221117T200328_SmallPatches_C5-CAM4,1,1,1,1,NO WORM,0,0,0,0.0,0 worms,0.0
/Users/noursaad/Desktop/PTUT/Minipatches_light_20260116/20221115T113211_SmallPatches_C4-CAM2,1,1,1,1,NO WORM,0,0,0,0.0,0 worms,0.0
/Users/noursaad/Desktop/PTUT/Minipatches_light_20260116/20221125T233343_SmallPatches_C6-CAM1,1,1,1,0,OK,1303,33820,0,0.0,1 worm clean,0.0
/Users/noursaad/Desktop/PTUT/Minipatches_light_20260116/20221015T201431_SmallPatches_C4-CAM2,1,1,1,1,NO WORM,0,0,0,0.0,0 worms,0.0
/Users/noursaad/Desktop/PTUT/Minipatches_light_20260116/20221125T232148_SmallPatches_C3-CAM7,1,1,1,0,OK,11417,23744,0,0.0,1 worm clean,0.0
/Users/noursaad/Desktop/PTUT/Minipatches_light_20260116/20221121T120032_SmallPatches_C1-CAM1,1,1,0,0,WEIRD,5610,1295,28214,0.803382784247843,2+ worms,0.803382784247843
/Users/noursaad/Desktop/PTUT/Minipatches_light_20260116/20221126T114417_SmallPatches_C4-CAM5,1,1,1,0,OK,11945,22801,0,0.0,1 worm clean,0.0
/Users/noursaad/Desktop/PTUT/Minipatches_light_20260116/20221122T103559_SmallPatches_C4-CAM3,1,1,1,0,OK,14416,20410,0,0.0,1 worm clean,0.0
/Users/noursaad/Desktop/PTUT/Minipatches_light_20260116/20221011T191645_SmallPatches_C3-CAM3,1,1,1,0,OK,3045,31852,0,0.0,1 worm clean,0.0
/Users/noursaad/Desktop/PTUT/Minipatches_light_20260116/20221011T111318_SmallPatches_C2-CAM4,1,1,1,0,OK,4154,29282,0,0.0,1 worm clean,0.0
/Users/noursaad/Desktop/PTUT/Minipatches_light_20260116/20221125T233336_SmallPatches_C5-CAM7,1,1,1,1,NO WORM,0,0,0,0.0,0 worms,0.0
/Users/noursaad/Desktop/PTUT/Minipatches_light_20260116/20221121T204538_SmallPatches_C1-CAM1,1,1,1,0,OK,22935,10739,0,0.0,1 worm clean,0.0
/Users/noursaad/Desktop/PTUT/Minipatches_light_20260116/20221015T111939_SmallPatches_C3-CAM4,1,1,1,0,OK,5340,29752,0,0.0,1 worm clean,0.0
/Users/noursaad/Desktop/PTUT/Minipatches_light_20260116/20221012T130017_SmallPatches_C3-CAM7,1,1,1,0,OK,1190,27084,0,0.0,1 worm clean,0.0
/Users/noursaad/Desktop/PTUT/Minipatches_light_20260116/20221013T201306_SmallPatches_C3-CAM8,0,1,0,1,NO WORM,0,0,0,0.0,0 worms,0.0
/Users/noursaad/Desktop/PTUT/Minipatches_light_20260116/20221110T111024_SmallPatches_C5-CAM3,1,1,1,0,OK,4432,30514,0,0.0,1 worm clean,0.0
/Users/noursaad/Desktop/PTUT/Minipatches_light_20260116/20221119T201803_SmallPatches_C3-CAM8,1,1,1,0,OK,9053,26187,0,0.0,1 worm clean,0.0
/Users/noursaad/Desktop/PTUT/Minipatches_light_20260116/20221115T111955_SmallPatches_C1-CAM3,1,1,1,1,NO WORM,0,0,0,0.0,0 worms,0.0
/Users/noursaad/Desktop/PTUT/Minipatches_light_20260116/20221012T125943_SmallPatches_C1-CAM2,1,1,1,0,OK,971,27080,0,0.0,1 worm clean,0.0
/Users/noursaad/Desktop/PTUT/Minipatches_light_20260116/20221014T192604_SmallPatches_C4-CAM3,1,1,1,0,OK,345,34673,0,0.0,1 worm clean,0.0
/Users/noursaad/Desktop/PTUT/Minipatches_light_20260116/20221014T192724_SmallPatches_C6-CAM8,1,1,1,0,OK,2175,32770,0,0.0,1 worm clean,0.0
/Users/noursaad/Desktop/PTUT/Minipatches_light_20260116/20221012T131916_SmallPatches_C5-CAM3,0,1,0,1,NO WORM,0,0,0,0.0,0 worms,0.0
/Users/noursaad/Desktop/PTUT/Minipatches_light_20260116/20221015T113303_SmallPatches_C4-CAM4,1,1,1,0,OK,1007,33999,0,0.0,1 worm clean,0.0
/Users/noursaad/Desktop/PTUT/Minipatches_light_20260116/20221017T111530_SmallPatches_C2-CAM2,1,1,1,1,NO WORM,0,0,0,0.0,0 worms,0.0
/Users/noursaad/Desktop/PTUT/Minipatches_light_20260116/20221012T131916_SmallPatches_C5-CAM4,1,1,1,0,OK,917,25944,0,0.0,1 worm clean,0.0
/Users/noursaad/Desktop/PTUT/Minipatches_light_20260116/20221012T125943_SmallPatches_C1-CAM5,1,1,0,0,WEIRD,585,27453,59,0.002099868313343,1 worm with errors,0.002099868313343
/Users/noursaad/Desktop/PTUT/Minipatches_light_20260116/20221123T210701_SmallPatches_C2-CAM6,1,1,1,1,NO WORM,0,0,0,0.0,0 worms,0.0
/Users/noursaad/Desktop/PTUT/Minipatches_light_20260116/20221014T192604_SmallPatches_C4-CAM4,1,1,1,0,OK,795,34200,0,0.0,1 worm clean,0.0
/Users/noursaad/Desktop/PTUT/Minipatches_light_20260116/20221012T202949_SmallPatches_C4-CAM1,1,1,1,0,OK,354,34635,0,0.0,1 worm clean,0.0
/Users/noursaad/Desktop/PTUT/Minipatches_light_20260116/20221115T111955_SmallPatches_C1-CAM4,0,1,0,0,WEIRD,0,0,0,0.0,0 worms,0.0
/Users/noursaad/Desktop/PTUT/Minipatches_light_20260116/20221110T111024_SmallPatches_C5-CAM4,1,1,1,0,OK,331,34627,0,0.0,1 worm clean,0.0
/Users/noursaad/Desktop/PTUT/Minipatches_light_20260116/20221014T192724_SmallPatches_C6-CAM6,0,1,0,0,WEIRD,0,0,0,0.0,0 worms,0.0
/Users/noursaad/Desktop/PTUT/Minipatches_light_20260116/20221012T202949_SmallPatches_C4-CAM8,1,1,1,0,OK,10326,24676,0,0.0,1 worm clean,0.0
/Users/noursaad/Desktop/PTUT/Minipatches_light_20260116/20221016T201820_SmallPatches_C2-CAM2,1,1,1,0,OK,7115,28046,0,0.0,1 worm clean,0.0
/Users/noursaad/Desktop/PTUT/Minipatches_light_20260116/20221119T201803_SmallPatches_C3-CAM6,1,1,1,0,OK,2682,32521,0,0.0,1 worm clean,0.0
/Users/noursaad/Desktop/PTUT/Minipatches_light_20260116/20221119T113756_SmallPatches_C3-CAM2,1,1,1,0,OK,3809,30809,0,0.0,1 worm clean,0.0
/Users/noursaad/Desktop/PTUT/Minipatches_light_20260116/20221013T201306_SmallPatches_C3-CAM6,1,1,1,0,OK,4390,30597,0,0.0,1 worm clean,0.0
/Users/noursaad/Desktop/PTUT/Minipatches_light_20260116/20221121T204614_SmallPatches_C2-CAM1,1,1,1,0,OK,669,6919,0,0.0,1 worm clean,0.0
/Users/noursaad/Desktop/PTUT/Minipatches_light_20260116/20221123T115619_SmallPatches_C1-CAM2,1,1,0,0,WEIRD,3660,24397,7076,0.201406085446731,2+ worms,0.201406085446731
/Users/noursaad/Desktop/PTUT/Minipatches_light_20260116/20221013T115324_SmallPatches_C4-CAM7,1,1,0,0,WEIRD,354,517,32606,0.9739821369895748,2+ worms,0.9739821369895748
/Users/noursaad/Desktop/PTUT/Minipatches_light_20260116/20221126T203554_SmallPatches_C2-CAM5,1,1,1,1,NO WORM,0,0,0,0.0,0 worms,0.0
/Users/noursaad/Desktop/PTUT/Minipatches_light_20260116/20221119T201803_SmallPatches_C3-CAM1,1,1,1,0,OK,577,34560,0,0.0,1 worm clean,0.0
/Users/noursaad/Desktop/PTUT/Minipatches_light_20260116/20221016T201820_SmallPatches_C2-CAM5,1,1,1,0,OK,6136,29056,0,0.0,1 worm clean,0.0
/Users/noursaad/Desktop/PTUT/Minipatches_light_20260116/20221014T192724_SmallPatches_C6-CAM1,1,1,1,0,OK,665,34286,0,0.0,1 worm clean,0.0
/Users/noursaad/Desktop/PTUT/Minipatches_light_20260116/20221126T203554_SmallPatches_C2-CAM2,1,1,1,1,NO WORM,0,0,0,0.0,0 worms,0.0
/Users/noursaad/Desktop/PTUT/Minipatches_light_20260116/20221115T112033_SmallPatches_C3-CAM4,1,1,1,0,OK,5744,29366,0,0.0,1 worm clean,0.0
/Users/noursaad/Desktop/PTUT/Minipatches_light_20260116/20221123T115619_SmallPatches_C1-CAM5,1,1,1,0,OK,5884,19653,0,0.0,1 worm clean,0.0
/Users/noursaad/Desktop/PTUT/Minipatches_light_20260116/20221117T195631_SmallPatches_C2-CAM2,1,1,1,1,NO WORM,0,0,0,0.0,0 worms,0.0
/Users/noursaad/Desktop/PTUT/Minipatches_light_20260116/20221121T204614_SmallPatches_C2-CAM6,1,1,1,0,OK,2200,32952,0,0.0,1 worm clean,0.0
/Users/noursaad/Desktop/PTUT/Minipatches_light_20260116/20221013T201306_SmallPatches_C3-CAM1,1,1,1,0,OK,5250,23591,0,0.0,1 worm clean,0.0
/Users/noursaad/Desktop/PTUT/Minipatches_light_20260116/20221017T202208_SmallPatches_C2-CAM6,1,1,1,1,NO WORM,0,0,0,0.0,0 worms,0.0
/Users/noursaad/Desktop/PTUT/Minipatches_light_20260116/20221014T192717_SmallPatches_C5-CAM2,1,1,0,0,WEIRD,956,6486,27538,0.7872498570611778,2+ worms,0.7872498570611778
/Users/noursaad/Desktop/PTUT/Minipatches_light_20260116/20221015T195345_SmallPatches_C3-CAM3,1,1,1,1,NO WORM,0,0,0,0.0,0 worms,0.0
/Users/noursaad/Desktop/PTUT/Minipatches_light_20260116/20221117T105407_SmallPatches_C4-CAM3,1,1,1,0,OK,522,34449,0,0.0,1 worm clean,0.0
/Users/noursaad/Desktop/PTUT/Minipatches_light_20260116/20221115T194409_SmallPatches_C5-CAM5,0,1,0,0,WEIRD,0,0,0,0.0,0 worms,0.0
/Users/noursaad/Desktop/PTUT/Minipatches_light_20260116/20221120T190723_SmallPatches_C1-CAM7,1,1,0,1,NO WORM,0,0,0,0.0,0 worms,0.0
/Users/noursaad/Desktop/PTUT/Minipatches_light_20260116/20221116T194416_SmallPatches_C6-CAM6,1,1,1,1,NO WORM,0,0,0,0.0,0 worms,0.0
/Users/noursaad/Desktop/PTUT/Minipatches_light_20260116/20221122T102319_SmallPatches_C1-CAM2,1,1,0,0,WEIRD,525,7654,26949,0.7671657936688682,2+ worms,0.7671657936688682
/Users/noursaad/Desktop/PTUT/Minipatches_light_20260116/20221017T203157_SmallPatches_C4-CAM1,1,1,1,0,OK,7358,27644,0,0.0,1 worm clean,0.0
/Users/noursaad/Desktop/PTUT/Minipatches_light_20260116/20221012T203108_SmallPatches_C6-CAM6,1,1,1,0,OK,293,34692,0,0.0,1 worm clean,0.0
/Users/noursaad/Desktop/PTUT/Minipatches_light_20260116/20221123T210621_SmallPatches_C1-CAM3,0,1,0,0,WEIRD,0,0,0,0.0,0 worms,0.0
/Users/noursaad/Desktop/PTUT/Minipatches_light_20260116/20221110T111030_SmallPatches_C6-CAM3,1,1,1,1,NO WORM,0,0,0,0.0,0 worms,0.0
/Users/noursaad/Desktop/PTUT/Minipatches_light_20260116/20221014T101612_SmallPatches_C2-CAM3,1,1,0,0,WEIRD,431,31711,2934,0.0836469380773178,2+ worms,0.0836469380773178
/Users/noursaad/Desktop/PTUT/Minipatches_light_20260116/20221123T120814_SmallPatches_C5-CAM3,1,1,1,0,OK,638,34505,0,0.0,1 worm clean,0.0
/Users/noursaad/Desktop/PTUT/Minipatches_light_20260116/20221115T194409_SmallPatches_C5-CAM2,1,1,1,0,OK,6381,28663,0,0.0,1 worm clean,0.0
/Users/noursaad/Desktop/PTUT/Minipatches_light_20260116/20221116T194416_SmallPatches_C6-CAM1,0,1,0,1,NO WORM,0,0,0,0.0,0 worms,0.0
/Users/noursaad/Desktop/PTUT/Minipatches_light_20260116/20221117T105407_SmallPatches_C4-CAM4,1,1,1,1,NO WORM,0,0,0,0.0,0 worms,0.0
/Users/noursaad/Desktop/PTUT/Minipatches_light_20260116/20221110T193022_SmallPatches_C1-CAM7,1,1,1,0,OK,720,34273,0,0.0,1 worm clean,0.0
/Users/noursaad/Desktop/PTUT/Minipatches_light_20260116/20221016T113100_SmallPatches_C3-CAM2,1,1,1,1,NO WORM,0,0,0,0.0,0 worms,0.0
/Users/noursaad/Desktop/PTUT/Minipatches_light_20260116/20221015T195345_SmallPatches_C3-CAM4,1,1,1,1,NO WORM,0,0,0,0.0,0 worms,0.0
/Users/noursaad/Desktop/PTUT/Minipatches_light_20260116/20221013T201234_SmallPatches_C1-CAM3,1,1,1,0,OK,2366,32612,0,0.0,1 worm clean,0.0
/Users/noursaad/Desktop/PTUT/Minipatches_light_20260116/20221014T192717_SmallPatches_C5-CAM5,1,1,1,0,OK,3087,31928,0,0.0,1 worm clean,0.0
/Users/noursaad/Desktop/PTUT/Minipatches_light_20260116/20221116T194402_SmallPatches_C4-CAM8,1,1,1,0,OK,3571,30896,0,0.0,1 worm clean,0.0
/Users/noursaad/Desktop/PTUT/Minipatches_light_20260116/20221110T111030_SmallPatches_C6-CAM4,1,1,1,0,OK,5159,29705,0,0.0,1 worm clean,0.0
/Users/noursaad/Desktop/PTUT/Minipatches_light_20260116/20221014T101612_SmallPatches_C2-CAM4,0,1,0,0,WEIRD,0,0,0,0.0,0 worms,0.0
/Users/noursaad/Desktop/PTUT/Minipatches_light_20260116/20221123T120814_SmallPatches_C5-CAM4,1,1,1,0,OK,1578,33586,0,0.0,1 worm clean,0.0
/Users/noursaad/Desktop/PTUT/Minipatches_light_20260116/20221012T203108_SmallPatches_C6-CAM1,0,1,0,1,NO WORM,0,0,0,0.0,0 worms,0.0
/Users/noursaad/Desktop/PTUT/Minipatches_light_20260116/20221123T210621_SmallPatches_C1-CAM4,1,1,1,1,NO WORM,0,0,0,0.0,0 worms,0.0
/Users/noursaad/Desktop/PTUT/Minipatches_light_20260116/20221122T102319_SmallPatches_C1-CAM5,1,1,1,0,OK,13866,21230,0,0.0,1 worm clean,0.0
/Users/noursaad/Desktop/PTUT/Minipatches_light_20260116/20221119T113711_SmallPatches_C1-CAM2,1,1,1,0,OK,8897,26254,0,0.0,1 worm clean,0.0
/Users/noursaad/Desktop/PTUT/Minipatches_light_20260116/20221122T193937_SmallPatches_C4-CAM5,1,1,1,0,OK,17948,17097,0,0.0,1 worm clean,0.0
/Users/noursaad/Desktop/PTUT/Minipatches_light_20260116/20221123T120820_SmallPatches_C6-CAM5,1,1,1,1,NO WORM,0,0,0,0.0,0 worms,0.0
/Users/noursaad/Desktop/PTUT/Minipatches_light_20260116/20221117T105419_SmallPatches_C6-CAM5,0,1,0,1,NO WORM,0,0,0,0.0,0 worms,0.0
/Users/noursaad/Desktop/PTUT/Minipatches_light_20260116/20221017T111428_SmallPatches_C1-CAM7,1,1,1,1,NO WORM,0,0,0,0.0,0 worms,0.0
/Users/noursaad/Desktop/PTUT/Minipatches_light_20260116/20221115T193605_SmallPatches_C2-CAM7,1,1,1,0,OK,1574,33489,0,0.0,1 worm clean,0.0
/Users/noursaad/Desktop/PTUT/Minipatches_light_20260116/20221116T194416_SmallPatches_C6-CAM8,1,1,1,1,NO WORM,0,0,0,0.0,0 worms,0.0
/Users/noursaad/Desktop/PTUT/Minipatches_light_20260116/20221014T191245_SmallPatches_C3-CAM4,0,1,0,0,WEIRD,0,0,0,0.0,0 worms,0.0
/Users/noursaad/Desktop/PTUT/Minipatches_light_20260116/20221116T194402_SmallPatches_C4-CAM1,1,1,1,0,OK,3442,31530,0,0.0,1 worm clean,0.0
/Users/noursaad/Desktop/PTUT/Minipatches_light_20260116/20221125T143338_SmallPatches_C2-CAM6,1,1,0,1,NO WORM,0,0,0,0.0,0 worms,0.0
/Users/noursaad/Desktop/PTUT/Minipatches_light_20260116/20221123T120820_SmallPatches_C6-CAM2,1,1,1,0,OK,10815,24335,0,0.0,1 worm clean,0.0
/Users/noursaad/Desktop/PTUT/Minipatches_light_20260116/20221011T192051_SmallPatches_C4-CAM7,1,1,1,0,OK,2456,32515,0,0.0,1 worm clean,0.0
/Users/noursaad/Desktop/PTUT/Minipatches_light_20260116/20221016T203314_SmallPatches_C5-CAM5,1,1,1,0,OK,2100,32900,0,0.0,1 worm clean,0.0
/Users/noursaad/Desktop/PTUT/Minipatches_light_20260116/20221120T191908_SmallPatches_C6-CAM2,1,1,0,0,WEIRD,11653,20703,120,0.0036950363345239,1 worm with errors,0.0036950363345239
/Users/noursaad/Desktop/PTUT/Minipatches_light_20260116/20221017T203157_SmallPatches_C4-CAM8,0,1,0,1,NO WORM,0,0,0,0.0,0 worms,0.0
/Users/noursaad/Desktop/PTUT/Minipatches_light_20260116/20221117T104032_SmallPatches_C1-CAM7,1,1,1,0,OK,5903,29247,0,0.0,1 worm clean,0.0
/Users/noursaad/Desktop/PTUT/Minipatches_light_20260116/20221119T113711_SmallPatches_C1-CAM5,1,1,1,0,OK,6871,28301,0,0.0,1 worm clean,0.0
/Users/noursaad/Desktop/PTUT/Minipatches_light_20260116/20221122T193937_SmallPatches_C4-CAM2,1,1,0,0,WEIRD,530,26785,7804,0.2222158945300265,2+ worms,0.2222158945300265
/Users/noursaad/Desktop/PTUT/Minipatches_light_20260116/20221116T194402_SmallPatches_C4-CAM6,1,1,1,0,OK,10359,21474,0,0.0,1 worm clean,0.0
/Users/noursaad/Desktop/PTUT/Minipatches_light_20260116/20221013T114833_SmallPatches_C2-CAM2,1,1,1,0,OK,1715,32120,0,0.0,1 worm clean,0.0
/Users/noursaad/Desktop/PTUT/Minipatches_light_20260116/20221121T121404_SmallPatches_C6-CAM5,1,1,1,0,OK,3635,31416,0,0.0,1 worm clean,0.0
/Users/noursaad/Desktop/PTUT/Minipatches_light_20260116/20221117T200322_SmallPatches_C4-CAM5,1,1,0,0,WEIRD,12559,20999,1561,0.0444488738289814,1 worm with errors,0.0444488738289814
/Users/noursaad/Desktop/PTUT/Minipatches_light_20260116/20221118T104750_SmallPatches_C6-CAM2,1,1,1,0,OK,3489,31507,0,0.0,1 worm clean,0.0
/Users/noursaad/Desktop/PTUT/Minipatches_light_20260116/20221016T201712_SmallPatches_C1-CAM1,0,1,0,1,NO WORM,0,0,0,0.0,0 worms,0.0
/Users/noursaad/Desktop/PTUT/Minipatches_light_20260116/20221125T143343_SmallPatches_C3-CAM4,1,1,1,0,OK,22226,12882,0,0.0,1 worm clean,0.0
/Users/noursaad/Desktop/PTUT/Minipatches_light_20260116/20221014T191156_SmallPatches_C1-CAM8,1,1,1,0,OK,657,34448,0,0.0,1 worm clean,0.0
/Users/noursaad/Desktop/PTUT/Minipatches_light_20260116/20221126T112823_SmallPatches_C2-CAM2,1,1,1,0,OK,23022,9195,0,0.0,1 worm clean,0.0
/Users/noursaad/Desktop/PTUT/Minipatches_light_20260116/20221116T102313_SmallPatches_C2-CAM7,1,1,1,0,OK,1710,31063,0,0.0,1 worm clean,0.0
/Users/noursaad/Desktop/PTUT/Minipatches_light_20260116/20221016T113946_SmallPatches_C4-CAM6,1,1,0,0,WEIRD,385,10653,24038,0.6853118941726537,2+ worms,0.6853118941726537
/Users/noursaad/Desktop/PTUT/Minipatches_light_20260116/20221012T203101_SmallPatches_C5-CAM7,1,1,1,0,OK,1400,33543,0,0.0,1 worm clean,0.0
/Users/noursaad/Desktop/PTUT/Minipatches_light_20260116/20221121T205844_SmallPatches_C5-CAM6,1,1,1,0,OK,20332,14716,0,0.0,1 worm clean,0.0
/Users/noursaad/Desktop/PTUT/Minipatches_light_20260116/20221121T120115_SmallPatches_C3-CAM1,1,1,1,0,OK,1729,33380,0,0.0,1 worm clean,0.0
/Users/noursaad/Desktop/PTUT/Minipatches_light_20260116/20221115T194401_SmallPatches_C4-CAM8,1,1,1,0,OK,2545,32455,0,0.0,1 worm clean,0.0
/Users/noursaad/Desktop/PTUT/Minipatches_light_20260116/20221013T200144_SmallPatches_C6-CAM4,1,1,1,0,OK,795,34216,0,0.0,1 worm clean,0.0
/Users/noursaad/Desktop/PTUT/Minipatches_light_20260116/20221125T143343_SmallPatches_C3-CAM3,1,1,1,1,NO WORM,0,0,0,0.0,0 worms,0.0
/Users/noursaad/Desktop/PTUT/Minipatches_light_20260116/20221118T104750_SmallPatches_C6-CAM5,1,1,1,0,OK,5547,29491,0,0.0,1 worm clean,0.0
/Users/noursaad/Desktop/PTUT/Minipatches_light_20260116/20221117T200322_SmallPatches_C4-CAM2,1,1,1,0,OK,20781,14292,0,0.0,1 worm clean,0.0
/Users/noursaad/Desktop/PTUT/Minipatches_light_20260116/20221013T200144_SmallPatches_C6-CAM3,1,1,1,0,OK,5600,29398,0,0.0,1 worm clean,0.0
/Users/noursaad/Desktop/PTUT/Minipatches_light_20260116/20221121T120115_SmallPatches_C3-CAM6,1,1,1,0,OK,560,34576,0,0.0,1 worm clean,0.0
/Users/noursaad/Desktop/PTUT/Minipatches_light_20260116/20221016T113125_SmallPatches_C2-CAM4,1,1,1,1,NO WORM,0,0,0,0.0,0 worms,0.0
/Users/noursaad/Desktop/PTUT/Minipatches_light_20260116/20221121T205844_SmallPatches_C5-CAM1,1,1,0,0,WEIRD,5492,29583,1,2.8509522180408255e-05,1 worm with errors,2.8509522180408255e-05
/Users/noursaad/Desktop/PTUT/Minipatches_light_20260116/20221016T113946_SmallPatches_C4-CAM1,1,1,0,1,NO WORM,0,0,0,0.0,0 worms,0.0
/Users/noursaad/Desktop/PTUT/Minipatches_light_20260116/20221126T112823_SmallPatches_C2-CAM5,1,1,1,1,NO WORM,0,0,0,0.0,0 worms,0.0
/Users/noursaad/Desktop/PTUT/Minipatches_light_20260116/20221126T112734_SmallPatches_C1-CAM7,1,1,1,0,OK,3342,31858,0,0.0,1 worm clean,0.0
/Users/noursaad/Desktop/PTUT/Minipatches_light_20260116/20221115T194401_SmallPatches_C4-CAM6,1,1,1,0,OK,9577,25509,0,0.0,1 worm clean,0.0
/Users/noursaad/Desktop/PTUT/Minipatches_light_20260116/20221013T115434_SmallPatches_C5-CAM4,1,1,1,0,OK,2035,31469,0,0.0,1 worm clean,0.0
/Users/noursaad/Desktop/PTUT/Minipatches_light_20260116/20221126T114429_SmallPatches_C6-CAM2,1,1,1,0,OK,10386,24637,0,0.0,1 worm clean,0.0
/Users/noursaad/Desktop/PTUT/Minipatches_light_20260116/20221118T104737_SmallPatches_C4-CAM4,1,1,1,0,OK,1921,33042,0,0.0,1 worm clean,0.0
/Users/noursaad/Desktop/PTUT/Minipatches_light_20260116/20221016T113025_SmallPatches_C1-CAM7,1,1,1,0,OK,10040,24278,0,0.0,1 worm clean,0.0
/Users/noursaad/Desktop/PTUT/Minipatches_light_20260116/20221121T205844_SmallPatches_C5-CAM8,1,1,1,0,OK,11609,18260,0,0.0,1 worm clean,0.0
/Users/noursaad/Desktop/PTUT/Minipatches_light_20260116/20221013T114809_SmallPatches_C3-CAM7,1,1,1,0,OK,1988,30994,0,0.0,1 worm clean,0.0
/Users/noursaad/Desktop/PTUT/Minipatches_light_20260116/20221117T104110_SmallPatches_C2-CAM7,1,1,0,0,WEIRD,2729,12280,20247,0.57428522804629,2+ worms,0.57428522804629
/Users/noursaad/Desktop/PTUT/Minipatches_light_20260116/20221123T115703_SmallPatches_C3-CAM2,1,1,1,0,OK,5454,29703,0,0.0,1 worm clean,0.0
/Users/noursaad/Desktop/PTUT/Minipatches_light_20260116/20221013T115441_SmallPatches_C6-CAM2,1,1,1,0,OK,12241,21219,0,0.0,1 worm clean,0.0
/Users/noursaad/Desktop/PTUT/Minipatches_light_20260116/20221123T211451_SmallPatches_C5-CAM7,0,1,0,1,NO WORM,0,0,0,0.0,0 worms,0.0
/Users/noursaad/Desktop/PTUT/Minipatches_light_20260116/20221014T191156_SmallPatches_C1-CAM6,0,1,0,0,WEIRD,0,0,0,0.0,0 worms,0.0
/Users/noursaad/Desktop/PTUT/Minipatches_light_20260116/20221015T195406_SmallPatches_C2-CAM7,0,1,0,1,NO WORM,0,0,0,0.0,0 worms,0.0
/Users/noursaad/Desktop/PTUT/Minipatches_light_20260116/20221012T200743_SmallPatches_C2-CAM3,1,1,1,0,OK,4048,30951,0,0.0,1 worm clean,0.0
/Users/noursaad/Desktop/PTUT/Minipatches_light_20260116/20221119T201756_SmallPatches_C2-CAM4,1,1,1,0,OK,1856,26720,0,0.0,1 worm clean,0.0
/Users/noursaad/Desktop/PTUT/Minipatches_light_20260116/20221123T115703_SmallPatches_C3-CAM5,1,1,0,1,NO WORM,0,0,0,0.0,0 worms,0.0
/Users/noursaad/Desktop/PTUT/Minipatches_light_20260116/20221118T104737_SmallPatches_C4-CAM3,1,1,1,0,OK,6136,23958,0,0.0,1 worm clean,0.0
/Users/noursaad/Desktop/PTUT/Minipatches_light_20260116/20221126T114429_SmallPatches_C6-CAM5,0,1,0,1,NO WORM,0,0,0,0.0,0 worms,0.0
/Users/noursaad/Desktop/PTUT/Minipatches_light_20260116/20221115T194401_SmallPatches_C4-CAM1,1,1,1,1,NO WORM,0,0,0,0.0,0 worms,0.0
/Users/noursaad/Desktop/PTUT/Minipatches_light_20260116/20221012T200743_SmallPatches_C2-CAM4,1,1,1,0,OK,2711,32298,0,0.0,1 worm clean,0.0
/Users/noursaad/Desktop/PTUT/Minipatches_light_20260116/20221016T201712_SmallPatches_C1-CAM8,1,1,1,1,NO WORM,0,0,0,0.0,0 worms,0.0
/Users/noursaad/Desktop/PTUT/Minipatches_light_20260116/20221013T115441_SmallPatches_C6-CAM5,1,1,1,0,OK,5581,27919,0,0.0,1 worm clean,0.0
/Users/noursaad/Desktop/PTUT/Minipatches_light_20260116/20221014T191156_SmallPatches_C1-CAM1,1,1,1,0,OK,3281,31853,0,0.0,1 worm clean,0.0
/Users/noursaad/Desktop/PTUT/Minipatches_light_20260116/20221120T191908_SmallPatches_C6-CAM3,1,1,1,1,NO WORM,0,0,0,0.0,0 worms,0.0
/Users/noursaad/Desktop/PTUT/Minipatches_light_20260116/20221119T113711_SmallPatches_C1-CAM4,1,1,1,0,OK,4100,31069,0,0.0,1 worm clean,0.0
/Users/noursaad/Desktop/PTUT/Minipatches_light_20260116/20221117T104032_SmallPatches_C1-CAM6,1,1,1,1,NO WORM,0,0,0,0.0,0 worms,0.0
/Users/noursaad/Desktop/PTUT/Minipatches_light_20260116/20221122T193937_SmallPatches_C4-CAM3,1,1,1,0,OK,526,34632,0,0.0,1 worm clean,0.0
/Users/noursaad/Desktop/PTUT/Minipatches_light_20260116/20221117T105419_SmallPatches_C6-CAM3,0,1,0,1,NO WORM,0,0,0,0.0,0 worms,0.0
/Users/noursaad/Desktop/PTUT/Minipatches_light_20260116/20221123T120820_SmallPatches_C6-CAM3,1,1,1,0,OK,780,34394,0,0.0,1 worm clean,0.0
/Users/noursaad/Desktop/PTUT/Minipatches_light_20260116/20221016T203314_SmallPatches_C5-CAM4,1,1,1,0,OK,4917,30071,0,0.0,1 worm clean,0.0
/Users/noursaad/Desktop/PTUT/Minipatches_light_20260116/20221017T111428_SmallPatches_C1-CAM1,1,1,1,0,OK,661,34495,0,0.0,1 worm clean,0.0
/Users/noursaad/Desktop/PTUT/Minipatches_light_20260116/20221014T191245_SmallPatches_C3-CAM2,1,1,1,0,OK,6570,28451,0,0.0,1 worm clean,0.0
/Users/noursaad/Desktop/PTUT/Minipatches_light_20260116/20221110T193022_SmallPatches_C1-CAM8,1,1,1,0,OK,528,34462,0,0.0,1 worm clean,0.0
/Users/noursaad/Desktop/PTUT/Minipatches_light_20260116/20221121T121404_SmallPatches_C6-CAM4,1,1,1,0,OK,4103,30934,0,0.0,1 worm clean,0.0
/Users/noursaad/Desktop/PTUT/Minipatches_light_20260116/20221116T194402_SmallPatches_C4-CAM7,1,1,0,0,WEIRD,3742,29474,1844,0.052595550484883,2+ worms,0.052595550484883
/Users/noursaad/Desktop/PTUT/Minipatches_light_20260116/20221013T114833_SmallPatches_C2-CAM3,1,1,1,0,OK,7890,25956,0,0.0,1 worm clean,0.0
/Users/noursaad/Desktop/PTUT/Minipatches_light_20260116/20221017T111428_SmallPatches_C1-CAM6,1,1,1,0,OK,570,34566,0,0.0,1 worm clean,0.0
/Users/noursaad/Desktop/PTUT/Minipatches_light_20260116/20221117T105419_SmallPatches_C6-CAM4,1,1,1,0,OK,2630,32420,0,0.0,1 worm clean,0.0
/Users/noursaad/Desktop/PTUT/Minipatches_light_20260116/20221011T192051_SmallPatches_C4-CAM1,1,1,1,0,OK,3616,31350,0,0.0,1 worm clean,0.0
/Users/noursaad/Desktop/PTUT/Minipatches_light_20260116/20221123T120820_SmallPatches_C6-CAM4,1,1,1,0,OK,470,34583,0,0.0,1 worm clean,0.0
/Users/noursaad/Desktop/PTUT/Minipatches_light_20260116/20221119T113711_SmallPatches_C1-CAM3,1,1,1,0,OK,4338,30867,0,0.0,1 worm clean,0.0
/Users/noursaad/Desktop/PTUT/Minipatches_light_20260116/20221117T104032_SmallPatches_C1-CAM1,1,1,1,1,NO WORM,0,0,0,0.0,0 worms,0.0
/Users/noursaad/Desktop/PTUT/Minipatches_light_20260116/20221122T193937_SmallPatches_C4-CAM4,1,1,1,0,OK,19478,15561,0,0.0,1 worm clean,0.0
/Users/noursaad/Desktop/PTUT/Minipatches_light_20260116/20221120T191908_SmallPatches_C6-CAM4,1,1,1,0,OK,431,34613,0,0.0,1 worm clean,0.0
/Users/noursaad/Desktop/PTUT/Minipatches_light_20260116/20221125T143338_SmallPatches_C2-CAM7,1,1,1,1,NO WORM,0,0,0,0.0,0 worms,0.0
/Users/noursaad/Desktop/PTUT/Minipatches_light_20260116/20221013T114833_SmallPatches_C2-CAM4,1,1,1,0,OK,486,33372,0,0.0,1 worm clean,0.0
/Users/noursaad/Desktop/PTUT/Minipatches_light_20260116/20221115T193605_SmallPatches_C2-CAM6,0,1,0,0,WEIRD,0,0,0,0.0,0 worms,0.0
/Users/noursaad/Desktop/PTUT/Minipatches_light_20260116/20221121T121404_SmallPatches_C6-CAM3,1,1,0,1,NO WORM,0,0,0,0.0,0 worms,0.0
/Users/noursaad/Desktop/PTUT/Minipatches_light_20260116/20221120T190723_SmallPatches_C1-CAM8,1,1,1,1,NO WORM,0,0,0,0.0,0 worms,0.0
/Users/noursaad/Desktop/PTUT/Minipatches_light_20260116/20221121T205835_SmallPatches_C4-CAM4,1,1,0,1,NO WORM,0,0,0,0.0,0 worms,0.0
/Users/noursaad/Desktop/PTUT/Minipatches_light_20260116/20221014T191245_SmallPatches_C3-CAM5,1,1,0,0,WEIRD,653,6606,27788,0.7928781350757554,2+ worms,0.7928781350757554
/Users/noursaad/Desktop/PTUT/Minipatches_light_20260116/20221013T201234_SmallPatches_C1-CAM2,1,1,0,0,WEIRD,324,5748,28898,0.826365456105233,2+ worms,0.826365456105233
/Users/noursaad/Desktop/PTUT/Minipatches_light_20260116/20221014T192717_SmallPatches_C5-CAM4,1,1,1,0,OK,330,34673,0,0.0,1 worm clean,0.0
/Users/noursaad/Desktop/PTUT/Minipatches_light_20260116/20221117T105407_SmallPatches_C4-CAM5,1,1,1,0,OK,18723,16291,0,0.0,1 worm clean,0.0
/Users/noursaad/Desktop/PTUT/Minipatches_light_20260116/20221110T193022_SmallPatches_C1-CAM6,1,1,1,0,OK,677,34314,0,0.0,1 worm clean,0.0
/Users/noursaad/Desktop/PTUT/Minipatches_light_20260116/20221115T194409_SmallPatches_C5-CAM3,1,1,1,0,OK,6927,28132,0,0.0,1 worm clean,0.0
/Users/noursaad/Desktop/PTUT/Minipatches_light_20260116/20221120T190723_SmallPatches_C1-CAM1,1,1,1,1,NO WORM,0,0,0,0.0,0 worms,0.0
/Users/noursaad/Desktop/PTUT/Minipatches_light_20260116/20221016T113100_SmallPatches_C3-CAM3,1,1,1,0,OK,640,34567,0,0.0,1 worm clean,0.0
/Users/noursaad/Desktop/PTUT/Minipatches_light_20260116/20221011T192051_SmallPatches_C4-CAM8,1,1,1,0,OK,1016,33923,0,0.0,1 worm clean,0.0
/Users/noursaad/Desktop/PTUT/Minipatches_light_20260116/20221110T111030_SmallPatches_C6-CAM5,1,1,1,0,OK,294,34614,0,0.0,1 worm clean,0.0
/Users/noursaad/Desktop/PTUT/Minipatches_light_20260116/20221123T120814_SmallPatches_C5-CAM5,0,1,0,1,NO WORM,0,0,0,0.0,0 worms,0.0
/Users/noursaad/Desktop/PTUT/Minipatches_light_20260116/20221117T104032_SmallPatches_C1-CAM8,0,1,0,1,NO WORM,0,0,0,0.0,0 worms,0.0
/Users/noursaad/Desktop/PTUT/Minipatches_light_20260116/20221017T203157_SmallPatches_C4-CAM7,1,1,1,0,OK,1940,33046,0,0.0,1 worm clean,0.0
/Users/noursaad/Desktop/PTUT/Minipatches_light_20260116/20221122T102319_SmallPatches_C1-CAM4,1,1,1,1,NO WORM,0,0,0,0.0,0 worms,0.0
/Users/noursaad/Desktop/PTUT/Minipatches_light_20260116/20221123T210621_SmallPatches_C1-CAM5,1,1,1,0,OK,2390,32606,0,0.0,1 worm clean,0.0
/Users/noursaad/Desktop/PTUT/Minipatches_light_20260116/20221015T195345_SmallPatches_C3-CAM2,1,1,1,0,OK,5787,29199,0,0.0,1 worm clean,0.0
/Users/noursaad/Desktop/PTUT/Minipatches_light_20260116/20221115T193605_SmallPatches_C2-CAM8,1,1,0,1,NO WORM,0,0,0,0.0,0 worms,0.0
/Users/noursaad/Desktop/PTUT/Minipatches_light_20260116/20221116T194416_SmallPatches_C6-CAM7,1,1,1,0,OK,377,34650,0,0.0,1 worm clean,0.0
/Users/noursaad/Desktop/PTUT/Minipatches_light_20260116/20221115T194409_SmallPatches_C5-CAM4,1,1,1,0,OK,392,34685,0,0.0,1 worm clean,0.0
/Users/noursaad/Desktop/PTUT/Minipatches_light_20260116/20221120T190723_SmallPatches_C1-CAM6,1,1,1,0,OK,2426,32681,0,0.0,1 worm clean,0.0
/Users/noursaad/Desktop/PTUT/Minipatches_light_20260116/20221117T105407_SmallPatches_C4-CAM2,1,1,1,0,OK,975,33971,0,0.0,1 worm clean,0.0
/Users/noursaad/Desktop/PTUT/Minipatches_light_20260116/20221110T193022_SmallPatches_C1-CAM1,0,1,0,0,WEIRD,0,0,0,0.0,0 worms,0.0
/Users/noursaad/Desktop/PTUT/Minipatches_light_20260116/20221017T202208_SmallPatches_C2-CAM7,1,1,1,0,OK,5268,29822,0,0.0,1 worm clean,0.0
/Users/noursaad/Desktop/PTUT/Minipatches_light_20260116/20221013T201234_SmallPatches_C1-CAM5,1,1,1,0,OK,6115,28865,0,0.0,1 worm clean,0.0
/Users/noursaad/Desktop/PTUT/Minipatches_light_20260116/20221123T210621_SmallPatches_C1-CAM2,1,1,1,0,OK,2766,4860,0,0.0,1 worm clean,0.0
/Users/noursaad/Desktop/PTUT/Minipatches_light_20260116/20221122T102319_SmallPatches_C1-CAM3,1,1,1,0,OK,4252,30895,0,0.0,1 worm clean,0.0
/Users/noursaad/Desktop/PTUT/Minipatches_light_20260116/20221110T111030_SmallPatches_C6-CAM2,1,1,1,0,OK,3947,31025,0,0.0,1 worm clean,0.0
/Users/noursaad/Desktop/PTUT/Minipatches_light_20260116/20221014T101612_SmallPatches_C2-CAM2,1,1,1,0,OK,4190,30870,0,0.0,1 worm clean,0.0
/Users/noursaad/Desktop/PTUT/Minipatches_light_20260116/20221123T120814_SmallPatches_C5-CAM2,1,1,1,1,NO WORM,0,0,0,0.0,0 worms,0.0
/Users/noursaad/Desktop/PTUT/Minipatches_light_20260116/20221017T111428_SmallPatches_C1-CAM8,1,1,1,0,OK,579,34568,0,0.0,1 worm clean,0.0
/Users/noursaad/Desktop/PTUT/Minipatches_light_20260116/20221013T115434_SmallPatches_C5-CAM2,1,1,1,0,OK,1481,32017,0,0.0,1 worm clean,0.0
/Users/noursaad/Desktop/PTUT/Minipatches_light_20260116/20221126T114429_SmallPatches_C6-CAM4,1,1,1,0,OK,22716,12222,0,0.0,1 worm clean,0.0
/Users/noursaad/Desktop/PTUT/Minipatches_light_20260116/20221126T112734_SmallPatches_C1-CAM8,1,1,1,1,NO WORM,0,0,0,0.0,0 worms,0.0
/Users/noursaad/Desktop/PTUT/Minipatches_light_20260116/20221013T114809_SmallPatches_C3-CAM1,1,1,1,0,OK,260,32733,0,0.0,1 worm clean,0.0
/Users/noursaad/Desktop/PTUT/Minipatches_light_20260116/20221123T211451_SmallPatches_C5-CAM1,1,1,1,0,OK,11370,23736,0,0.0,1 worm clean,0.0
/Users/noursaad/Desktop/PTUT/Minipatches_light_20260116/20221013T115441_SmallPatches_C6-CAM4,1,1,1,0,OK,1812,31675,0,0.0,1 worm clean,0.0
/Users/noursaad/Desktop/PTUT/Minipatches_light_20260116/20221012T200743_SmallPatches_C2-CAM5,1,1,1,0,OK,3827,28466,0,0.0,1 worm clean,0.0
/Users/noursaad/Desktop/PTUT/Minipatches_light_20260116/20221016T113025_SmallPatches_C1-CAM6,1,1,0,0,WEIRD,1104,33293,730,0.0207817348478378,1 worm with errors,0.0207817348478378
/Users/noursaad/Desktop/PTUT/Minipatches_light_20260116/20221013T114809_SmallPatches_C3-CAM6,1,1,1,0,OK,4710,28289,0,0.0,1 worm clean,0.0
/Users/noursaad/Desktop/PTUT/Minipatches_light_20260116/20221119T201756_SmallPatches_C2-CAM2,1,1,1,0,OK,1049,34137,0,0.0,1 worm clean,0.0
/Users/noursaad/Desktop/PTUT/Minipatches_light_20260116/20221123T115703_SmallPatches_C3-CAM3,1,1,1,0,OK,651,34520,0,0.0,1 worm clean,0.0
/Users/noursaad/Desktop/PTUT/Minipatches_light_20260116/20221117T104110_SmallPatches_C2-CAM6,1,1,1,0,OK,2157,33079,0,0.0,1 worm clean,0.0
/Users/noursaad/Desktop/PTUT/Minipatches_light_20260116/20221115T194401_SmallPatches_C4-CAM7,1,1,1,0,OK,3275,31831,0,0.0,1 worm clean,0.0
/Users/noursaad/Desktop/PTUT/Minipatches_light_20260116/20221013T115434_SmallPatches_C5-CAM5,0,1,0,1,NO WORM,0,0,0,0.0,0 worms,0.0
/Users/noursaad/Desktop/PTUT/Minipatches_light_20260116/20221126T114429_SmallPatches_C6-CAM3,1,1,1,0,OK,3201,31169,0,0.0,1 worm clean,0.0
/Users/noursaad/Desktop/PTUT/Minipatches_light_20260116/20221012T200743_SmallPatches_C2-CAM2,1,1,1,0,OK,351,34637,0,0.0,1 worm clean,0.0
/Users/noursaad/Desktop/PTUT/Minipatches_light_20260116/20221123T211451_SmallPatches_C5-CAM6,1,1,1,0,OK,3347,31675,0,0.0,1 worm clean,0.0
/Users/noursaad/Desktop/PTUT/Minipatches_light_20260116/20221013T115441_SmallPatches_C6-CAM3,1,1,1,0,OK,2484,30989,0,0.0,1 worm clean,0.0
/Users/noursaad/Desktop/PTUT/Minipatches_light_20260116/20221014T191156_SmallPatches_C1-CAM7,1,1,1,0,OK,1949,33171,0,0.0,1 worm clean,0.0
/Users/noursaad/Desktop/PTUT/Minipatches_light_20260116/20221015T195406_SmallPatches_C2-CAM6,1,1,0,1,NO WORM,0,0,0,0.0,0 worms,0.0
/Users/noursaad/Desktop/PTUT/Minipatches_light_20260116/20221118T104750_SmallPatches_C6-CAM4,1,1,1,1,NO WORM,0,0,0,0.0,0 worms,0.0
/Users/noursaad/Desktop/PTUT/Minipatches_light_20260116/20221016T201712_SmallPatches_C1-CAM7,1,1,1,0,OK,2558,32589,0,0.0,1 worm clean,0.0
/Users/noursaad/Desktop/PTUT/Minipatches_light_20260116/20221117T200322_SmallPatches_C4-CAM3,1,1,1,0,OK,5646,5870,0,0.0,1 worm clean,0.0
/Users/noursaad/Desktop/PTUT/Minipatches_light_20260116/20221125T143343_SmallPatches_C3-CAM2,0,1,0,1,NO WORM,0,0,0,0.0,0 worms,0.0
/Users/noursaad/Desktop/PTUT/Minipatches_light_20260116/20221125T144049_SmallPatches_C4-CAM3,1,1,1,0,OK,9777,25247,0,0.0,1 worm clean,0.0
/Users/noursaad/Desktop/PTUT/Minipatches_light_20260116/20221126T112823_SmallPatches_C2-CAM4,1,1,1,1,NO WORM,0,0,0,0.0,0 worms,0.0
/Users/noursaad/Desktop/PTUT/Minipatches_light_20260116/20221126T112734_SmallPatches_C1-CAM6,0,1,0,0,WEIRD,0,0,0,0.0,0 worms,0.0
/Users/noursaad/Desktop/PTUT/Minipatches_light_20260116/20221012T203101_SmallPatches_C5-CAM1,1,1,1,0,OK,291,34662,0,0.0,1 worm clean,0.0
/Users/noursaad/Desktop/PTUT/Minipatches_light_20260116/20221013T200144_SmallPatches_C6-CAM2,1,1,1,0,OK,421,34569,0,0.0,1 worm clean,0.0
/Users/noursaad/Desktop/PTUT/Minipatches_light_20260116/20221125T144049_SmallPatches_C4-CAM4,1,1,1,1,NO WORM,0,0,0,0.0,0 worms,0.0
/Users/noursaad/Desktop/PTUT/Minipatches_light_20260116/20221123T211451_SmallPatches_C5-CAM8,1,1,1,1,NO WORM,0,0,0,0.0,0 worms,0.0
/Users/noursaad/Desktop/PTUT/Minipatches_light_20260116/20221117T200322_SmallPatches_C4-CAM4,1,1,1,0,OK,480,34627,0,0.0,1 worm clean,0.0
/Users/noursaad/Desktop/PTUT/Minipatches_light_20260116/20221118T104750_SmallPatches_C6-CAM3,1,1,1,0,OK,3959,31054,0,0.0,1 worm clean,0.0
/Users/noursaad/Desktop/PTUT/Minipatches_light_20260116/20221016T113125_SmallPatches_C2-CAM2,1,1,1,0,OK,1736,33454,0,0.0,1 worm clean,0.0
/Users/noursaad/Desktop/PTUT/Minipatches_light_20260116/20221013T200144_SmallPatches_C6-CAM5,0,1,0,0,WEIRD,0,0,0,0.0,0 worms,0.0
/Users/noursaad/Desktop/PTUT/Minipatches_light_20260116/20221117T104110_SmallPatches_C2-CAM8,1,1,1,0,OK,14497,20745,0,0.0,1 worm clean,0.0
/Users/noursaad/Desktop/PTUT/Minipatches_light_20260116/20221116T102313_SmallPatches_C2-CAM6,1,1,1,0,OK,1075,33868,0,0.0,1 worm clean,0.0
/Users/noursaad/Desktop/PTUT/Minipatches_light_20260116/20221016T113946_SmallPatches_C4-CAM7,0,1,0,1,NO WORM,0,0,0,0.0,0 worms,0.0
/Users/noursaad/Desktop/PTUT/Minipatches_light_20260116/20221126T112734_SmallPatches_C1-CAM1,1,1,1,0,OK,8015,115,0,0.0,1 worm clean,0.0
/Users/noursaad/Desktop/PTUT/Minipatches_light_20260116/20221016T113025_SmallPatches_C1-CAM8,0,1,0,0,WEIRD,0,0,0,0.0,0 worms,0.0
/Users/noursaad/Desktop/PTUT/Minipatches_light_20260116/20221013T114809_SmallPatches_C3-CAM8,1,1,1,0,OK,9184,23794,0,0.0,1 worm clean,0.0
/Users/noursaad/Desktop/PTUT/Minipatches_light_20260116/20221117T200335_SmallPatches_C6-CAM4,1,1,1,0,OK,3403,30997,0,0.0,1 worm clean,0.0
/Users/noursaad/Desktop/PTUT/Minipatches_light_20260116/20221014T103134_SmallPatches_C5-CAM7,1,1,1,0,OK,1855,33264,0,0.0,1 worm clean,0.0
/Users/noursaad/Desktop/PTUT/Minipatches_light_20260116/20221119T201720_SmallPatches_C1-CAM3,1,1,1,0,OK,8457,26721,0,0.0,1 worm clean,0.0
/Users/noursaad/Desktop/PTUT/Minipatches_light_20260116/20221014T103141_SmallPatches_C6-CAM1,0,1,0,0,WEIRD,0,0,0,0.0,0 worms,0.0
/Users/noursaad/Desktop/PTUT/Minipatches_light_20260116/20221117T105413_SmallPatches_C5-CAM2,1,1,1,1,NO WORM,0,0,0,0.0,0 worms,0.0
/Users/noursaad/Desktop/PTUT/Minipatches_light_20260116/20221122T102358_SmallPatches_C2-CAM4,1,1,1,0,OK,23677,11394,0,0.0,1 worm clean,0.0
/Users/noursaad/Desktop/PTUT/Minipatches_light_20260116/20221015T200700_SmallPatches_C5-CAM1,0,1,0,1,NO WORM,0,0,0,0.0,0 worms,0.0
/Users/noursaad/Desktop/PTUT/Minipatches_light_20260116/20221115T193611_SmallPatches_C3-CAM8,1,1,1,0,OK,480,34617,0,0.0,1 worm clean,0.0
/Users/noursaad/Desktop/PTUT/Minipatches_light_20260116/20221126T112832_SmallPatches_C3-CAM4,1,1,1,1,NO WORM,0,0,0,0.0,0 worms,0.0
/Users/noursaad/Desktop/PTUT/Minipatches_light_20260116/20221015T200706_SmallPatches_C6-CAM6,0,1,0,0,WEIRD,0,0,0,0.0,0 worms,0.0
/Users/noursaad/Desktop/PTUT/Minipatches_light_20260116/20221012T131923_SmallPatches_C6-CAM6,1,1,1,0,OK,6597,20389,0,0.0,1 worm clean,0.0
/Users/noursaad/Desktop/PTUT/Minipatches_light_20260116/20221120T191902_SmallPatches_C5-CAM2,1,1,1,1,NO WORM,0,0,0,0.0,0 worms,0.0
/Users/noursaad/Desktop/PTUT/Minipatches_light_20260116/20221119T201720_SmallPatches_C1-CAM4,1,1,1,0,OK,1622,33557,0,0.0,1 worm clean,0.0
/Users/noursaad/Desktop/PTUT/Minipatches_light_20260116/20221116T102308_SmallPatches_C3-CAM7,1,1,1,0,OK,3421,31489,0,0.0,1 worm clean,0.0
/Users/noursaad/Desktop/PTUT/Minipatches_light_20260116/20221117T200335_SmallPatches_C6-CAM3,0,1,0,1,NO WORM,0,0,0,0.0,0 worms,0.0
/Users/noursaad/Desktop/PTUT/Minipatches_light_20260116/20221125T232132_SmallPatches_C2-CAM8,1,1,0,0,WEIRD,22870,12174,1,2.8534741047224996e-05,1 worm with errors,2.8534741047224996e-05
/Users/noursaad/Desktop/PTUT/Minipatches_light_20260116/20221012T131923_SmallPatches_C6-CAM1,1,1,1,0,OK,360,26566,0,0.0,1 worm clean,0.0
/Users/noursaad/Desktop/PTUT/Minipatches_light_20260116/20221120T191902_SmallPatches_C5-CAM5,1,1,1,0,OK,3244,31799,0,0.0,1 worm clean,0.0
/Users/noursaad/Desktop/PTUT/Minipatches_light_20260116/20221015T200706_SmallPatches_C6-CAM1,1,1,1,0,OK,3764,31298,0,0.0,1 worm clean,0.0
/Users/noursaad/Desktop/PTUT/Minipatches_light_20260116/20221116T103117_SmallPatches_C4-CAM8,0,1,0,1,NO WORM,0,0,0,0.0,0 worms,0.0
/Users/noursaad/Desktop/PTUT/Minipatches_light_20260116/20221016T201801_SmallPatches_C3-CAM7,1,1,0,0,WEIRD,530,87,34500,0.9824301620297862,2+ worms,0.9824301620297862
/Users/noursaad/Desktop/PTUT/Minipatches_light_20260116/20221126T112832_SmallPatches_C3-CAM3,1,1,1,0,OK,643,34530,0,0.0,1 worm clean,0.0
/Users/noursaad/Desktop/PTUT/Minipatches_light_20260116/20221013T201332_SmallPatches_C2-CAM6,0,1,0,0,WEIRD,0,0,0,0.0,0 worms,0.0
/Users/noursaad/Desktop/PTUT/Minipatches_light_20260116/20221015T200700_SmallPatches_C5-CAM6,0,1,0,1,NO WORM,0,0,0,0.0,0 worms,0.0
/Users/noursaad/Desktop/PTUT/Minipatches_light_20260116/20221121T204620_SmallPatches_C3-CAM1,1,1,1,1,NO WORM,0,0,0,0.0,0 worms,0.0
/Users/noursaad/Desktop/PTUT/Minipatches_light_20260116/20221117T105413_SmallPatches_C5-CAM5,0,1,0,1,NO WORM,0,0,0,0.0,0 worms,0.0
/Users/noursaad/Desktop/PTUT/Minipatches_light_20260116/20221014T103141_SmallPatches_C6-CAM6,1,1,0,0,WEIRD,9214,25877,1,2.8496523424142255e-05,1 worm with errors,2.8496523424142255e-05
/Users/noursaad/Desktop/PTUT/Minipatches_light_20260116/20221116T194409_SmallPatches_C5-CAM4,1,1,1,1,NO WORM,0,0,0,0.0,0 worms,0.0
/Users/noursaad/Desktop/PTUT/Minipatches_light_20260116/20221015T200706_SmallPatches_C6-CAM8,1,1,1,1,NO WORM,0,0,0,0.0,0 worms,0.0
/Users/noursaad/Desktop/PTUT/Minipatches_light_20260116/20221115T194416_SmallPatches_C6-CAM7,1,1,0,0,WEIRD,2354,28097,4580,0.1307413433815763,2+ worms,0.1307413433815763
/Users/noursaad/Desktop/PTUT/Minipatches_light_20260116/20221116T103117_SmallPatches_C4-CAM1,1,1,1,0,OK,670,34278,0,0.0,1 worm clean,0.0
/Users/noursaad/Desktop/PTUT/Minipatches_light_20260116/20221012T131923_SmallPatches_C6-CAM8,1,1,1,0,OK,10520,16401,0,0.0,1 worm clean,0.0
/Users/noursaad/Desktop/PTUT/Minipatches_light_20260116/20221125T143258_SmallPatches_C1-CAM7,1,1,1,0,OK,6025,29109,0,0.0,1 worm clean,0.0
/Users/noursaad/Desktop/PTUT/Minipatches_light_20260116/20221014T191303_SmallPatches_C2-CAM3,1,1,1,0,OK,573,34572,0,0.0,1 worm clean,0.0
/Users/noursaad/Desktop/PTUT/Minipatches_light_20260116/20221013T200138_SmallPatches_C5-CAM5,1,1,1,0,OK,377,34634,0,0.0,1 worm clean,0.0
/Users/noursaad/Desktop/PTUT/Minipatches_light_20260116/20221012T200721_SmallPatches_C3-CAM4,1,1,1,0,OK,503,34501,0,0.0,1 worm clean,0.0
/Users/noursaad/Desktop/PTUT/Minipatches_light_20260116/20221115T193611_SmallPatches_C3-CAM6,1,1,1,0,OK,13039,22013,0,0.0,1 worm clean,0.0
/Users/noursaad/Desktop/PTUT/Minipatches_light_20260116/20221017T203313_SmallPatches_C5-CAM4,1,1,1,1,NO WORM,0,0,0,0.0,0 worms,0.0
/Users/noursaad/Desktop/PTUT/Minipatches_light_20260116/20221013T200026_SmallPatches_C4-CAM7,0,1,0,0,WEIRD,0,0,0,0.0,0 worms,0.0
/Users/noursaad/Desktop/PTUT/Minipatches_light_20260116/20221014T103141_SmallPatches_C6-CAM8,1,1,1,0,OK,6579,27968,0,0.0,1 worm clean,0.0
/Users/noursaad/Desktop/PTUT/Minipatches_light_20260116/20221012T200721_SmallPatches_C3-CAM3,1,1,1,0,OK,564,34432,0,0.0,1 worm clean,0.0
/Users/noursaad/Desktop/PTUT/Minipatches_light_20260116/20221013T201332_SmallPatches_C2-CAM8,1,1,1,0,OK,2052,32895,0,0.0,1 worm clean,0.0
/Users/noursaad/Desktop/PTUT/Minipatches_light_20260116/20221015T200700_SmallPatches_C5-CAM8,0,1,0,1,NO WORM,0,0,0,0.0,0 worms,0.0
/Users/noursaad/Desktop/PTUT/Minipatches_light_20260116/20221115T193611_SmallPatches_C3-CAM1,1,1,1,1,NO WORM,0,0,0,0.0,0 worms,0.0
/Users/noursaad/Desktop/PTUT/Minipatches_light_20260116/20221013T200138_SmallPatches_C5-CAM2,1,1,0,0,WEIRD,318,1836,32822,0.9384149130832572,2+ worms,0.9384149130832572
/Users/noursaad/Desktop/PTUT/Minipatches_light_20260116/20221014T191303_SmallPatches_C2-CAM4,1,1,1,1,NO WORM,0,0,0,0.0,0 worms,0.0
/Users/noursaad/Desktop/PTUT/Minipatches_light_20260116/20221116T194409_SmallPatches_C5-CAM3,1,1,1,1,NO WORM,0,0,0,0.0,0 worms,0.0
/Users/noursaad/Desktop/PTUT/Minipatches_light_20260116/20221116T103117_SmallPatches_C4-CAM6,1,1,0,0,WEIRD,1764,33137,3,8.595003438001376e-05,1 worm with errors,8.595003438001376e-05
/Users/noursaad/Desktop/PTUT/Minipatches_light_20260116/20221122T192239_SmallPatches_C3-CAM2,1,1,1,1,NO WORM,0,0,0,0.0,0 worms,0.0
/Users/noursaad/Desktop/PTUT/Minipatches_light_20260116/20221125T232132_SmallPatches_C2-CAM6,1,1,1,0,OK,596,34492,0,0.0,1 worm clean,0.0
/Users/noursaad/Desktop/PTUT/Minipatches_light_20260116/20221119T113745_SmallPatches_C2-CAM6,1,1,1,0,OK,3552,31530,0,0.0,1 worm clean,0.0
/Users/noursaad/Desktop/PTUT/Minipatches_light_20260116/20221122T193945_SmallPatches_C5-CAM7,1,1,1,0,OK,3659,31392,0,0.0,1 worm clean,0.0
/Users/noursaad/Desktop/PTUT/Minipatches_light_20260116/20221110T105445_SmallPatches_C1-CAM3,1,1,1,1,NO WORM,0,0,0,0.0,0 worms,0.0
/Users/noursaad/Desktop/PTUT/Minipatches_light_20260116/20221014T101555_SmallPatches_C3-CAM2,1,1,1,0,OK,885,34099,0,0.0,1 worm clean,0.0
/Users/noursaad/Desktop/PTUT/Minipatches_light_20260116/20221125T232044_SmallPatches_C1-CAM3,1,1,1,0,OK,2828,32389,0,0.0,1 worm clean,0.0
/Users/noursaad/Desktop/PTUT/Minipatches_light_20260116/20221116T103106_SmallPatches_C6-CAM1,1,1,1,1,NO WORM,0,0,0,0.0,0 worms,0.0
/Users/noursaad/Desktop/PTUT/Minipatches_light_20260116/20221115T113223_SmallPatches_C6-CAM5,1,1,1,0,OK,2136,32870,0,0.0,1 worm clean,0.0
/Users/noursaad/Desktop/PTUT/Minipatches_light_20260116/20221120T190805_SmallPatches_C2-CAM2,1,1,1,1,NO WORM,0,0,0,0.0,0 worms,0.0
/Users/noursaad/Desktop/PTUT/Minipatches_light_20260116/20221125T233330_SmallPatches_C4-CAM8,1,1,1,1,NO WORM,0,0,0,0.0,0 worms,0.0
/Users/noursaad/Desktop/PTUT/Minipatches_light_20260116/20221122T192231_SmallPatches_C2-CAM6,1,1,1,1,NO WORM,0,0,0,0.0,0 worms,0.0
/Users/noursaad/Desktop/PTUT/Minipatches_light_20260116/20221123T211445_SmallPatches_C4-CAM8,1,1,1,0,OK,4863,30214,0,0.0,1 worm clean,0.0
/Users/noursaad/Desktop/PTUT/Minipatches_light_20260116/20221110T193059_SmallPatches_C3-CAM4,1,1,1,0,OK,5790,29172,0,0.0,1 worm clean,0.0
/Users/noursaad/Desktop/PTUT/Minipatches_light_20260116/20221126T205101_SmallPatches_C4-CAM1,1,1,1,0,OK,5761,29342,0,0.0,1 worm clean,0.0
/Users/noursaad/Desktop/PTUT/Minipatches_light_20260116/20221017T202150_SmallPatches_C3-CAM3,1,1,0,0,WEIRD,530,240,34393,0.978101982197196,2+ worms,0.978101982197196
/Users/noursaad/Desktop/PTUT/Minipatches_light_20260116/20221011T192159_SmallPatches_C5-CAM1,1,1,1,0,OK,1314,33610,0,0.0,1 worm clean,0.0
/Users/noursaad/Desktop/PTUT/Minipatches_light_20260116/20221117T104123_SmallPatches_C3-CAM2,1,1,1,0,OK,1239,33828,0,0.0,1 worm clean,0.0
/Users/noursaad/Desktop/PTUT/Minipatches_light_20260116/20221126T114423_SmallPatches_C5-CAM5,1,1,1,0,OK,4899,30185,0,0.0,1 worm clean,0.0
/Users/noursaad/Desktop/PTUT/Minipatches_light_20260116/20221115T113223_SmallPatches_C6-CAM2,1,1,1,0,OK,440,34622,0,0.0,1 worm clean,0.0
/Users/noursaad/Desktop/PTUT/Minipatches_light_20260116/20221116T103106_SmallPatches_C6-CAM6,1,1,1,0,OK,303,34665,0,0.0,1 worm clean,0.0
/Users/noursaad/Desktop/PTUT/Minipatches_light_20260116/20221110T105445_SmallPatches_C1-CAM4,1,1,1,1,NO WORM,0,0,0,0.0,0 worms,0.0
/Users/noursaad/Desktop/PTUT/Minipatches_light_20260116/20221125T232044_SmallPatches_C1-CAM4,1,1,0,0,WEIRD,4747,15633,14831,0.4212036011473687,2+ worms,0.4212036011473687
/Users/noursaad/Desktop/PTUT/Minipatches_light_20260116/20221126T114423_SmallPatches_C5-CAM2,0,1,0,1,NO WORM,0,0,0,0.0,0 worms,0.0
/Users/noursaad/Desktop/PTUT/Minipatches_light_20260116/20221017T202150_SmallPatches_C3-CAM4,1,1,0,0,WEIRD,525,2829,31824,0.9046563192904656,2+ worms,0.9046563192904656
/Users/noursaad/Desktop/PTUT/Minipatches_light_20260116/20221110T193059_SmallPatches_C3-CAM3,1,1,1,0,OK,337,34614,0,0.0,1 worm clean,0.0
/Users/noursaad/Desktop/PTUT/Minipatches_light_20260116/20221126T205101_SmallPatches_C4-CAM6,0,1,0,1,NO WORM,0,0,0,0.0,0 worms,0.0
/Users/noursaad/Desktop/PTUT/Minipatches_light_20260116/20221110T194534_SmallPatches_C5-CAM8,1,1,1,1,NO WORM,0,0,0,0.0,0 worms,0.0
/Users/noursaad/Desktop/PTUT/Minipatches_light_20260116/20221011T111213_SmallPatches_C1-CAM5,1,1,0,0,WEIRD,331,47,33103,0.9887100146351662,2+ worms,0.9887100146351662
/Users/noursaad/Desktop/PTUT/Minipatches_light_20260116/20221116T102254_SmallPatches_C1-CAM2,1,1,1,0,OK,10791,23993,0,0.0,1 worm clean,0.0
/Users/noursaad/Desktop/PTUT/Minipatches_light_20260116/20221126T203601_SmallPatches_C3-CAM3,1,1,1,0,OK,6514,28657,0,0.0,1 worm clean,0.0
/Users/noursaad/Desktop/PTUT/Minipatches_light_20260116/20221011T191711_SmallPatches_C2-CAM4,1,1,1,0,OK,359,34573,0,0.0,1 worm clean,0.0
/Users/noursaad/Desktop/PTUT/Minipatches_light_20260116/20221110T194534_SmallPatches_C5-CAM1,1,1,1,1,NO WORM,0,0,0,0.0,0 worms,0.0
/Users/noursaad/Desktop/PTUT/Minipatches_light_20260116/20221123T211445_SmallPatches_C4-CAM6,1,1,1,0,OK,26743,7837,0,0.0,1 worm clean,0.0
/Users/noursaad/Desktop/PTUT/Minipatches_light_20260116/20221125T233330_SmallPatches_C4-CAM6,1,1,0,0,WEIRD,3288,4453,27327,0.7792574426827877,2+ worms,0.7792574426827877
/Users/noursaad/Desktop/PTUT/Minipatches_light_20260116/20221122T102404_SmallPatches_C3-CAM4,1,1,0,0,WEIRD,445,0,34607,0.9873045760584276,2+ worms,0.9873045760584276
/Users/noursaad/Desktop/PTUT/Minipatches_light_20260116/20221115T113217_SmallPatches_C5-CAM3,1,1,1,0,OK,610,34467,0,0.0,1 worm clean,0.0
/Users/noursaad/Desktop/PTUT/Minipatches_light_20260116/20221015T195306_SmallPatches_C1-CAM7,0,1,0,0,WEIRD,0,0,0,0.0,0 worms,0.0
/Users/noursaad/Desktop/PTUT/Minipatches_light_20260116/20221012T130040_SmallPatches_C2-CAM3,1,1,1,0,OK,3137,25007,0,0.0,1 worm clean,0.0
/Users/noursaad/Desktop/PTUT/Minipatches_light_20260116/20221012T131806_SmallPatches_C4-CAM4,1,1,1,0,OK,20933,5890,0,0.0,1 worm clean,0.0
/Users/noursaad/Desktop/PTUT/Minipatches_light_20260116/20221125T233330_SmallPatches_C4-CAM1,1,1,1,1,NO WORM,0,0,0,0.0,0 worms,0.0
/Users/noursaad/Desktop/PTUT/Minipatches_light_20260116/20221122T102404_SmallPatches_C3-CAM3,1,1,1,0,OK,6486,28504,0,0.0,1 worm clean,0.0
/Users/noursaad/Desktop/PTUT/Minipatches_light_20260116/20221126T205101_SmallPatches_C4-CAM8,1,1,1,1,NO WORM,0,0,0,0.0,0 worms,0.0
/Users/noursaad/Desktop/PTUT/Minipatches_light_20260116/20221117T195638_SmallPatches_C3-CAM2,1,1,1,1,NO WORM,0,0,0,0.0,0 worms,0.0
/Users/noursaad/Desktop/PTUT/Minipatches_light_20260116/20221110T194534_SmallPatches_C5-CAM6,1,1,1,0,OK,2583,32376,0,0.0,1 worm clean,0.0
/Users/noursaad/Desktop/PTUT/Minipatches_light_20260116/20221011T191711_SmallPatches_C2-CAM3,0,1,0,1,NO WORM,0,0,0,0.0,0 worms,0.0
/Users/noursaad/Desktop/PTUT/Minipatches_light_20260116/20221116T102254_SmallPatches_C1-CAM5,1,1,1,0,OK,2999,31946,0,0.0,1 worm clean,0.0
/Users/noursaad/Desktop/PTUT/Minipatches_light_20260116/20221126T203601_SmallPatches_C3-CAM4,1,1,1,0,OK,5534,29693,0,0.0,1 worm clean,0.0
/Users/noursaad/Desktop/PTUT/Minipatches_light_20260116/20221011T192159_SmallPatches_C5-CAM8,1,1,0,0,WEIRD,258,7217,27448,0.7859576783208774,2+ worms,0.7859576783208774
/Users/noursaad/Desktop/PTUT/Minipatches_light_20260116/20221011T111213_SmallPatches_C1-CAM2,1,1,1,0,OK,329,33139,0,0.0,1 worm clean,0.0
/Users/noursaad/Desktop/PTUT/Minipatches_light_20260116/20221012T131806_SmallPatches_C4-CAM3,1,1,1,0,OK,707,26099,0,0.0,1 worm clean,0.0
/Users/noursaad/Desktop/PTUT/Minipatches_light_20260116/20221116T103106_SmallPatches_C6-CAM8,1,1,1,1,NO WORM,0,0,0,0.0,0 worms,0.0
/Users/noursaad/Desktop/PTUT/Minipatches_light_20260116/20221011T112304_SmallPatches_C4-CAM7,1,1,1,0,OK,259,32351,0,0.0,1 worm clean,0.0
/Users/noursaad/Desktop/PTUT/Minipatches_light_20260116/20221012T130040_SmallPatches_C2-CAM4,1,1,1,0,OK,979,27253,0,0.0,1 worm clean,0.0
/Users/noursaad/Desktop/PTUT/Minipatches_light_20260116/20221115T113217_SmallPatches_C5-CAM4,1,1,1,0,OK,5797,29299,0,0.0,1 worm clean,0.0
/Users/noursaad/Desktop/PTUT/Minipatches_light_20260116/20221117T195557_SmallPatches_C1-CAM7,1,1,1,0,OK,6832,6718,0,0.0,1 worm clean,0.0
/Users/noursaad/Desktop/PTUT/Minipatches_light_20260116/20221125T143258_SmallPatches_C1-CAM1,1,1,1,1,NO WORM,0,0,0,0.0,0 worms,0.0
/Users/noursaad/Desktop/PTUT/Minipatches_light_20260116/20221016T201801_SmallPatches_C3-CAM8,1,1,1,1,NO WORM,0,0,0,0.0,0 worms,0.0
/Users/noursaad/Desktop/PTUT/Minipatches_light_20260116/20221115T194416_SmallPatches_C6-CAM1,1,1,1,0,OK,8246,26803,0,0.0,1 worm clean,0.0
/Users/noursaad/Desktop/PTUT/Minipatches_light_20260116/20221116T194409_SmallPatches_C5-CAM2,1,1,1,0,OK,4640,30443,0,0.0,1 worm clean,0.0
/Users/noursaad/Desktop/PTUT/Minipatches_light_20260116/20221116T103117_SmallPatches_C4-CAM7,1,1,1,0,OK,6437,28488,0,0.0,1 worm clean,0.0
/Users/noursaad/Desktop/PTUT/Minipatches_light_20260116/20221017T203313_SmallPatches_C5-CAM2,1,1,0,0,WEIRD,1574,33464,2,5.7077625570776254e-05,1 worm with errors,0.0
/Users/noursaad/Desktop/PTUT/Minipatches_light_20260116/20221013T200138_SmallPatches_C5-CAM3,1,1,1,0,OK,2526,32462,0,0.0,1 worm clean,0.0
/Users/noursaad/Desktop/PTUT/Minipatches_light_20260116/20221012T200721_SmallPatches_C3-CAM2,1,1,1,0,OK,712,34273,0,0.0,1 worm clean,0.0
/Users/noursaad/Desktop/PTUT/Minipatches_light_20260116/20221116T102308_SmallPatches_C3-CAM8,1,1,1,1,NO WORM,0,0,0,0.0,0 worms,0.0
/Users/noursaad/Desktop/PTUT/Minipatches_light_20260116/20221122T193945_SmallPatches_C5-CAM6,1,1,1,0,OK,11279,23856,0,0.0,1 worm clean,0.0
/Users/noursaad/Desktop/PTUT/Minipatches_light_20260116/20221125T232132_SmallPatches_C2-CAM7,1,1,1,0,OK,2137,23672,0,0.0,1 worm clean,0.0
/Users/noursaad/Desktop/PTUT/Minipatches_light_20260116/20221122T192239_SmallPatches_C3-CAM3,1,1,0,1,NO WORM,0,0,0,0.0,0 worms,0.0
/Users/noursaad/Desktop/PTUT/Minipatches_light_20260116/20221013T200026_SmallPatches_C4-CAM1,1,1,1,0,OK,6117,28823,0,0.0,1 worm clean,0.0
/Users/noursaad/Desktop/PTUT/Minipatches_light_20260116/20221119T113745_SmallPatches_C2-CAM7,1,1,1,0,OK,5209,30098,0,0.0,1 worm clean,0.0
/Users/noursaad/Desktop/PTUT/Minipatches_light_20260116/20221012T200721_SmallPatches_C3-CAM5,0,1,0,1,NO WORM,0,0,0,0.0,0 worms,0.0
/Users/noursaad/Desktop/PTUT/Minipatches_light_20260116/20221115T193611_SmallPatches_C3-CAM7,0,1,0,1,NO WORM,0,0,0,0.0,0 worms,0.0
/Users/noursaad/Desktop/PTUT/Minipatches_light_20260116/20221013T200138_SmallPatches_C5-CAM4,1,1,1,0,OK,9597,25403,0,0.0,1 worm clean,0.0
/Users/noursaad/Desktop/PTUT/Minipatches_light_20260116/20221118T103541_SmallPatches_C3-CAM1,1,1,1,1,NO WORM,0,0,0,0.0,0 worms,0.0
/Users/noursaad/Desktop/PTUT/Minipatches_light_20260116/20221017T203313_SmallPatches_C5-CAM5,1,1,1,0,OK,5248,29732,0,0.0,1 worm clean,0.0
/Users/noursaad/Desktop/PTUT/Minipatches_light_20260116/20221116T194409_SmallPatches_C5-CAM5,1,1,1,1,NO WORM,0,0,0,0.0,0 worms,0.0
/Users/noursaad/Desktop/PTUT/Minipatches_light_20260116/20221125T143258_SmallPatches_C1-CAM6,0,1,0,1,NO WORM,0,0,0,0.0,0 worms,0.0
/Users/noursaad/Desktop/PTUT/Minipatches_light_20260116/20221014T191303_SmallPatches_C2-CAM2,1,1,1,0,OK,7570,27548,0,0.0,1 worm clean,0.0
/Users/noursaad/Desktop/PTUT/Minipatches_light_20260116/20221014T103134_SmallPatches_C5-CAM8,1,1,1,0,OK,422,34611,0,0.0,1 worm clean,0.0
/Users/noursaad/Desktop/PTUT/Minipatches_light_20260116/20221013T200026_SmallPatches_C4-CAM6,1,1,1,0,OK,585,34444,0,0.0,1 worm clean,0.0
/Users/noursaad/Desktop/PTUT/Minipatches_light_20260116/20221122T192239_SmallPatches_C3-CAM4,1,1,1,0,OK,897,34211,0,0.0,1 worm clean,0.0
/Users/noursaad/Desktop/PTUT/Minipatches_light_20260116/20221122T193945_SmallPatches_C5-CAM1,0,1,0,1,NO WORM,0,0,0,0.0,0 worms,0.0
/Users/noursaad/Desktop/PTUT/Minipatches_light_20260116/20221014T103134_SmallPatches_C5-CAM1,1,1,1,0,OK,3341,31674,0,0.0,1 worm clean,0.0
/Users/noursaad/Desktop/PTUT/Minipatches_light_20260116/20221117T200335_SmallPatches_C6-CAM2,0,1,0,1,NO WORM,0,0,0,0.0,0 worms,0.0
/Users/noursaad/Desktop/PTUT/Minipatches_light_20260116/20221122T193945_SmallPatches_C5-CAM8,1,1,1,0,OK,4938,30214,0,0.0,1 worm clean,0.0
/Users/noursaad/Desktop/PTUT/Minipatches_light_20260116/20221119T201720_SmallPatches_C1-CAM5,1,1,1,1,NO WORM,0,0,0,0.0,0 worms,0.0
/Users/noursaad/Desktop/PTUT/Minipatches_light_20260116/20221116T102308_SmallPatches_C3-CAM6,1,1,1,0,OK,359,34676,0,0.0,1 worm clean,0.0
/Users/noursaad/Desktop/PTUT/Minipatches_light_20260116/20221123T210707_SmallPatches_C3-CAM1,1,1,1,1,NO WORM,0,0,0,0.0,0 worms,0.0
/Users/noursaad/Desktop/PTUT/Minipatches_light_20260116/20221117T105413_SmallPatches_C5-CAM4,1,1,0,0,WEIRD,353,0,34703,0.9899303970789594,2+ worms,0.9899303970789594
/Users/noursaad/Desktop/PTUT/Minipatches_light_20260116/20221013T201332_SmallPatches_C2-CAM7,1,1,1,0,OK,298,34670,0,0.0,1 worm clean,0.0
/Users/noursaad/Desktop/PTUT/Minipatches_light_20260116/20221122T102358_SmallPatches_C2-CAM2,1,1,1,0,OK,492,34682,0,0.0,1 worm clean,0.0
/Users/noursaad/Desktop/PTUT/Minipatches_light_20260116/20221015T200700_SmallPatches_C5-CAM7,0,1,0,1,NO WORM,0,0,0,0.0,0 worms,0.0
/Users/noursaad/Desktop/PTUT/Minipatches_light_20260116/20221014T103141_SmallPatches_C6-CAM7,1,1,1,0,OK,5721,23049,0,0.0,1 worm clean,0.0
/Users/noursaad/Desktop/PTUT/Minipatches_light_20260116/20221126T112832_SmallPatches_C3-CAM2,0,1,0,1,NO WORM,0,0,0,0.0,0 worms,0.0
/Users/noursaad/Desktop/PTUT/Minipatches_light_20260116/20221016T201801_SmallPatches_C3-CAM6,1,1,1,0,OK,2673,32431,0,0.0,1 worm clean,0.0
/Users/noursaad/Desktop/PTUT/Minipatches_light_20260116/20221119T201720_SmallPatches_C1-CAM2,1,1,1,0,OK,698,34521,0,0.0,1 worm clean,0.0
/Users/noursaad/Desktop/PTUT/Minipatches_light_20260116/20221110T110848_SmallPatches_C4-CAM1,1,1,1,0,OK,296,34692,0,0.0,1 worm clean,0.0
/Users/noursaad/Desktop/PTUT/Minipatches_light_20260116/20221116T102308_SmallPatches_C3-CAM1,1,1,0,0,WEIRD,317,4259,30402,0.869174909943393,2+ worms,0.869174909943393
/Users/noursaad/Desktop/PTUT/Minipatches_light_20260116/20221117T200335_SmallPatches_C6-CAM5,0,1,0,1,NO WORM,0,0,0,0.0,0 worms,0.0
/Users/noursaad/Desktop/PTUT/Minipatches_light_20260116/20221013T200026_SmallPatches_C4-CAM8,0,1,0,1,NO WORM,0,0,0,0.0,0 worms,0.0
/Users/noursaad/Desktop/PTUT/Minipatches_light_20260116/20221014T103134_SmallPatches_C5-CAM6,1,1,1,0,OK,5153,29952,0,0.0,1 worm clean,0.0
/Users/noursaad/Desktop/PTUT/Minipatches_light_20260116/20221016T201801_SmallPatches_C3-CAM1,0,1,0,0,WEIRD,0,0,0,0.0,0 worms,0.0
/Users/noursaad/Desktop/PTUT/Minipatches_light_20260116/20221126T112832_SmallPatches_C3-CAM5,1,1,1,0,OK,23287,11696,0,0.0,1 worm clean,0.0
/Users/noursaad/Desktop/PTUT/Minipatches_light_20260116/20221125T143258_SmallPatches_C1-CAM8,1,1,1,0,OK,5721,29403,0,0.0,1 worm clean,0.0
/Users/noursaad/Desktop/PTUT/Minipatches_light_20260116/20221012T131923_SmallPatches_C6-CAM7,1,1,0,0,WEIRD,780,25499,717,0.0265594902948584,1 worm with errors,0.0265594902948584
/Users/noursaad/Desktop/PTUT/Minipatches_light_20260116/20221120T191902_SmallPatches_C5-CAM3,1,1,1,1,NO WORM,0,0,0,0.0,0 worms,0.0
/Users/noursaad/Desktop/PTUT/Minipatches_light_20260116/20221115T194416_SmallPatches_C6-CAM8,1,1,1,0,OK,939,34108,0,0.0,1 worm clean,0.0
/Users/noursaad/Desktop/PTUT/Minipatches_light_20260116/20221117T105413_SmallPatches_C5-CAM3,0,1,0,1,NO WORM,0,0,0,0.0,0 worms,0.0
/Users/noursaad/Desktop/PTUT/Minipatches_light_20260116/20221116T102254_SmallPatches_C1-CAM4,1,1,1,0,OK,268,34561,0,0.0,1 worm clean,0.0
/Users/noursaad/Desktop/PTUT/Minipatches_light_20260116/20221126T203601_SmallPatches_C3-CAM5,1,1,1,1,NO WORM,0,0,0,0.0,0 worms,0.0
/Users/noursaad/Desktop/PTUT/Minipatches_light_20260116/20221011T191711_SmallPatches_C2-CAM2,1,1,1,0,OK,685,34232,0,0.0,1 worm clean,0.0
/Users/noursaad/Desktop/PTUT/Minipatches_light_20260116/20221011T111213_SmallPatches_C1-CAM3,1,1,1,0,OK,538,32908,0,0.0,1 worm clean,0.0
/Users/noursaad/Desktop/PTUT/Minipatches_light_20260116/20221122T102404_SmallPatches_C3-CAM2,1,1,1,0,OK,18356,10107,0,0.0,1 worm clean,0.0
/Users/noursaad/Desktop/PTUT/Minipatches_light_20260116/20221110T194534_SmallPatches_C5-CAM7,1,1,1,0,OK,1220,33774,0,0.0,1 worm clean,0.0
/Users/noursaad/Desktop/PTUT/Minipatches_light_20260116/20221117T195638_SmallPatches_C3-CAM3,1,1,1,0,OK,2188,32937,0,0.0,1 worm clean,0.0
/Users/noursaad/Desktop/PTUT/Minipatches_light_20260116/20221115T113217_SmallPatches_C5-CAM5,1,1,0,0,WEIRD,14635,10943,9413,0.2690120316652853,2+ worms,0.2690120316652853
/Users/noursaad/Desktop/PTUT/Minipatches_light_20260116/20221117T195557_SmallPatches_C1-CAM6,1,1,1,0,OK,6486,28615,0,0.0,1 worm clean,0.0
/Users/noursaad/Desktop/PTUT/Minipatches_light_20260116/20221012T131806_SmallPatches_C4-CAM2,0,1,0,1,NO WORM,0,0,0,0.0,0 worms,0.0
/Users/noursaad/Desktop/PTUT/Minipatches_light_20260116/20221015T195306_SmallPatches_C1-CAM1,1,1,1,0,OK,397,34625,0,0.0,1 worm clean,0.0
/Users/noursaad/Desktop/PTUT/Minipatches_light_20260116/20221117T195638_SmallPatches_C3-CAM4,1,1,1,1,NO WORM,0,0,0,0.0,0 worms,0.0
/Users/noursaad/Desktop/PTUT/Minipatches_light_20260116/20221123T211445_SmallPatches_C4-CAM7,1,1,1,0,OK,5792,29323,0,0.0,1 worm clean,0.0
/Users/noursaad/Desktop/PTUT/Minipatches_light_20260116/20221125T233330_SmallPatches_C4-CAM7,1,1,0,0,WEIRD,4730,13580,443,0.0236228870047459,1 worm with errors,0.0236228870047459
/Users/noursaad/Desktop/PTUT/Minipatches_light_20260116/20221011T111213_SmallPatches_C1-CAM4,0,1,0,0,WEIRD,0,0,0,0.0,0 worms,0.0
/Users/noursaad/Desktop/PTUT/Minipatches_light_20260116/20221116T102254_SmallPatches_C1-CAM3,1,1,1,1,NO WORM,0,0,0,0.0,0 worms,0.0
/Users/noursaad/Desktop/PTUT/Minipatches_light_20260116/20221126T203601_SmallPatches_C3-CAM2,1,1,1,0,OK,3542,31615,0,0.0,1 worm clean,0.0
/Users/noursaad/Desktop/PTUT/Minipatches_light_20260116/20221015T195306_SmallPatches_C1-CAM6,1,1,0,0,WEIRD,427,32346,2277,0.0649643366619115,2+ worms,0.0649643366619115
/Users/noursaad/Desktop/PTUT/Minipatches_light_20260116/20221012T131806_SmallPatches_C4-CAM5,0,1,0,1,NO WORM,0,0,0,0.0,0 worms,0.0
/Users/noursaad/Desktop/PTUT/Minipatches_light_20260116/20221011T112304_SmallPatches_C4-CAM1,0,1,0,0,WEIRD,0,0,0,0.0,0 worms,0.0
/Users/noursaad/Desktop/PTUT/Minipatches_light_20260116/20221012T130040_SmallPatches_C2-CAM2,1,1,1,0,OK,7747,20451,0,0.0,1 worm clean,0.0
/Users/noursaad/Desktop/PTUT/Minipatches_light_20260116/20221117T195557_SmallPatches_C1-CAM1,1,1,1,1,NO WORM,0,0,0,0.0,0 worms,0.0
/Users/noursaad/Desktop/PTUT/Minipatches_light_20260116/20221115T113217_SmallPatches_C5-CAM2,1,1,1,1,NO WORM,0,0,0,0.0,0 worms,0.0
/Users/noursaad/Desktop/PTUT/Minipatches_light_20260116/20221115T113223_SmallPatches_C6-CAM3,1,1,1,0,OK,5055,29773,0,0.0,1 worm clean,0.0
/Users/noursaad/Desktop/PTUT/Minipatches_light_20260116/20221120T190805_SmallPatches_C2-CAM4,1,1,1,0,OK,993,34186,0,0.0,1 worm clean,0.0
/Users/noursaad/Desktop/PTUT/Minipatches_light_20260116/20221011T112304_SmallPatches_C4-CAM8,1,1,1,0,OK,8012,24502,0,0.0,1 worm clean,0.0
/Users/noursaad/Desktop/PTUT/Minipatches_light_20260116/20221110T105445_SmallPatches_C1-CAM5,1,1,1,1,NO WORM,0,0,0,0.0,0 worms,0.0
/Users/noursaad/Desktop/PTUT/Minipatches_light_20260116/20221014T101555_SmallPatches_C3-CAM4,1,1,1,0,OK,355,34645,0,0.0,1 worm clean,0.0
/Users/noursaad/Desktop/PTUT/Minipatches_light_20260116/20221125T232044_SmallPatches_C1-CAM5,1,1,1,0,OK,1406,33766,0,0.0,1 worm clean,0.0
/Users/noursaad/Desktop/PTUT/Minipatches_light_20260116/20221116T103106_SmallPatches_C6-CAM7,0,1,0,0,WEIRD,0,0,0,0.0,0 worms,0.0
/Users/noursaad/Desktop/PTUT/Minipatches_light_20260116/20221117T195557_SmallPatches_C1-CAM8,1,1,1,1,NO WORM,0,0,0,0.0,0 worms,0.0
/Users/noursaad/Desktop/PTUT/Minipatches_light_20260116/20221110T193059_SmallPatches_C3-CAM2,1,1,1,0,OK,15413,19619,0,0.0,1 worm clean,0.0
/Users/noursaad/Desktop/PTUT/Minipatches_light_20260116/20221126T205101_SmallPatches_C4-CAM7,1,1,1,0,OK,5705,29386,0,0.0,1 worm clean,0.0
/Users/noursaad/Desktop/PTUT/Minipatches_light_20260116/20221126T114423_SmallPatches_C5-CAM3,1,1,1,0,OK,19255,15733,0,0.0,1 worm clean,0.0
/Users/noursaad/Desktop/PTUT/Minipatches_light_20260116/20221017T202150_SmallPatches_C3-CAM5,1,1,1,0,OK,480,34601,0,0.0,1 worm clean,0.0
/Users/noursaad/Desktop/PTUT/Minipatches_light_20260116/20221011T192159_SmallPatches_C5-CAM7,1,1,1,0,OK,1167,33751,0,0.0,1 worm clean,0.0
/Users/noursaad/Desktop/PTUT/Minipatches_light_20260116/20221117T104123_SmallPatches_C3-CAM4,1,1,1,1,NO WORM,0,0,0,0.0,0 worms,0.0
/Users/noursaad/Desktop/PTUT/Minipatches_light_20260116/20221014T101555_SmallPatches_C3-CAM3,0,1,0,0,WEIRD,0,0,0,0.0,0 worms,0.0
/Users/noursaad/Desktop/PTUT/Minipatches_light_20260116/20221110T105445_SmallPatches_C1-CAM2,1,1,1,1,NO WORM,0,0,0,0.0,0 worms,0.0
/Users/noursaad/Desktop/PTUT/Minipatches_light_20260116/20221125T232044_SmallPatches_C1-CAM2,1,1,0,0,WEIRD,653,32239,2352,0.0667347633639768,2+ worms,0.0667347633639768
/Users/noursaad/Desktop/PTUT/Minipatches_light_20260116/20221015T195306_SmallPatches_C1-CAM8,1,1,1,1,NO WORM,0,0,0,0.0,0 worms,0.0
/Users/noursaad/Desktop/PTUT/Minipatches_light_20260116/20221115T113223_SmallPatches_C6-CAM4,1,1,1,0,OK,836,34159,0,0.0,1 worm clean,0.0
/Users/noursaad/Desktop/PTUT/Minipatches_light_20260116/20221117T104123_SmallPatches_C3-CAM3,0,1,0,1,NO WORM,0,0,0,0.0,0 worms,0.0
/Users/noursaad/Desktop/PTUT/Minipatches_light_20260116/20221017T202150_SmallPatches_C3-CAM2,1,1,1,0,OK,6552,28595,0,0.0,1 worm clean,0.0
/Users/noursaad/Desktop/PTUT/Minipatches_light_20260116/20221126T114423_SmallPatches_C5-CAM4,1,1,1,0,OK,12997,22065,0,0.0,1 worm clean,0.0
/Users/noursaad/Desktop/PTUT/Minipatches_light_20260116/20221122T192231_SmallPatches_C2-CAM7,1,1,1,0,OK,4480,30677,0,0.0,1 worm clean,0.0
/Users/noursaad/Desktop/PTUT/Minipatches_light_20260116/20221017T113043_SmallPatches_C5-CAM4,1,1,1,1,NO WORM,0,0,0,0.0,0 worms,0.0
/Users/noursaad/Desktop/PTUT/Minipatches_light_20260116/20221017T111506_SmallPatches_C3-CAM1,1,1,1,1,NO WORM,0,0,0,0.0,0 worms,0.0
/Users/noursaad/Desktop/PTUT/Minipatches_light_20260116/20221119T203023_SmallPatches_C5-CAM8,1,1,1,0,OK,10319,24722,0,0.0,1 worm clean,0.0
/Users/noursaad/Desktop/PTUT/Minipatches_light_20260116/20221011T112411_SmallPatches_C5-CAM2,1,1,1,0,OK,4433,28131,0,0.0,1 worm clean,0.0
/Users/noursaad/Desktop/PTUT/Minipatches_light_20260116/20221011T111254_SmallPatches_C3-CAM3,1,1,1,0,OK,3314,30092,0,0.0,1 worm clean,0.0
/Users/noursaad/Desktop/PTUT/Minipatches_light_20260116/20221119T115015_SmallPatches_C6-CAM2,1,1,0,0,WEIRD,1934,25725,7440,0.2119718510498874,2+ worms,0.2119718510498874
/Users/noursaad/Desktop/PTUT/Minipatches_light_20260116/20221017T113050_SmallPatches_C6-CAM6,0,1,0,0,WEIRD,0,0,0,0.0,0 worms,0.0
/Users/noursaad/Desktop/PTUT/Minipatches_light_20260116/20221016T203324_SmallPatches_C6-CAM6,1,1,1,1,NO WORM,0,0,0,0.0,0 worms,0.0
/Users/noursaad/Desktop/PTUT/Minipatches_light_20260116/20221123T115657_SmallPatches_C2-CAM4,1,1,1,0,OK,673,34453,0,0.0,1 worm clean,0.0
/Users/noursaad/Desktop/PTUT/Minipatches_light_20260116/20221011T112417_SmallPatches_C6-CAM5,1,1,0,0,WEIRD,169,11399,20979,0.6445755369158448,2+ worms,0.6445755369158448
/Users/noursaad/Desktop/PTUT/Minipatches_light_20260116/20221017T111506_SmallPatches_C3-CAM6,0,1,0,0,WEIRD,0,0,0,0.0,0 worms,0.0
/Users/noursaad/Desktop/PTUT/Minipatches_light_20260116/20221120T190810_SmallPatches_C3-CAM1,0,1,0,0,WEIRD,0,0,0,0.0,0 worms,0.0
/Users/noursaad/Desktop/PTUT/Minipatches_light_20260116/20221011T112417_SmallPatches_C6-CAM2,1,1,1,0,OK,16572,15970,0,0.0,1 worm clean,0.0
/Users/noursaad/Desktop/PTUT/Minipatches_light_20260116/20221016T203324_SmallPatches_C6-CAM1,1,1,1,1,NO WORM,0,0,0,0.0,0 worms,0.0
/Users/noursaad/Desktop/PTUT/Minipatches_light_20260116/20221122T103604_SmallPatches_C5-CAM7,1,1,1,0,OK,7769,27252,0,0.0,1 worm clean,0.0
/Users/noursaad/Desktop/PTUT/Minipatches_light_20260116/20221011T111254_SmallPatches_C3-CAM4,1,1,1,0,OK,12652,16622,0,0.0,1 worm clean,0.0
/Users/noursaad/Desktop/PTUT/Minipatches_light_20260116/20221017T113050_SmallPatches_C6-CAM1,1,1,1,0,OK,467,34613,0,0.0,1 worm clean,0.0
/Users/noursaad/Desktop/PTUT/Minipatches_light_20260116/20221011T112411_SmallPatches_C5-CAM5,1,1,1,0,OK,188,32367,0,0.0,1 worm clean,0.0
/Users/noursaad/Desktop/PTUT/Minipatches_light_20260116/20221014T103022_SmallPatches_C4-CAM7,1,1,0,0,WEIRD,452,996,33615,0.958702906197416,2+ worms,0.958702906197416
/Users/noursaad/Desktop/PTUT/Minipatches_light_20260116/20221011T191616_SmallPatches_C1-CAM4,1,1,1,0,OK,8225,21464,0,0.0,1 worm clean,0.0
/Users/noursaad/Desktop/PTUT/Minipatches_light_20260116/20221016T203324_SmallPatches_C6-CAM8,1,1,1,0,OK,6303,28749,0,0.0,1 worm clean,0.0
/Users/noursaad/Desktop/PTUT/Minipatches_light_20260116/20221116T103112_SmallPatches_C5-CAM7,1,1,1,1,NO WORM,0,0,0,0.0,0 worms,0.0
/Users/noursaad/Desktop/PTUT/Minipatches_light_20260116/20221017T113050_SmallPatches_C6-CAM8,1,1,1,0,OK,11064,24001,0,0.0,1 worm clean,0.0
/Users/noursaad/Desktop/PTUT/Minipatches_light_20260116/20221123T211456_SmallPatches_C6-CAM5,1,1,1,0,OK,16292,17694,0,0.0,1 worm clean,0.0
/Users/noursaad/Desktop/PTUT/Minipatches_light_20260116/20221015T112001_SmallPatches_C2-CAM7,1,1,1,0,OK,4018,31144,0,0.0,1 worm clean,0.0
/Users/noursaad/Desktop/PTUT/Minipatches_light_20260116/20221120T190810_SmallPatches_C3-CAM8,1,1,0,0,WEIRD,972,30581,3632,0.1032258064516129,2+ worms,0.1032258064516129
/Users/noursaad/Desktop/PTUT/Minipatches_light_20260116/20221014T101512_SmallPatches_C1-CAM4,1,1,0,0,WEIRD,4445,30538,1,2.8584495769494623e-05,1 worm with errors,0.0
/Users/noursaad/Desktop/PTUT/Minipatches_light_20260116/20221123T211456_SmallPatches_C6-CAM2,1,1,1,0,OK,24068,11040,0,0.0,1 worm clean,0.0
/Users/noursaad/Desktop/PTUT/Minipatches_light_20260116/20221016T203158_SmallPatches_C4-CAM2,1,1,0,0,WEIRD,646,7339,27071,0.7722215883158375,2+ worms,0.7722215883158375
/Users/noursaad/Desktop/PTUT/Minipatches_light_20260116/20221013T114735_SmallPatches_C1-CAM7,1,1,1,0,OK,2792,30984,0,0.0,1 worm clean,0.0
/Users/noursaad/Desktop/PTUT/Minipatches_light_20260116/20221011T192204_SmallPatches_C6-CAM3,1,1,1,0,OK,202,34686,0,0.0,1 worm clean,0.0
/Users/noursaad/Desktop/PTUT/Minipatches_light_20260116/20221011T191616_SmallPatches_C1-CAM3,0,1,0,1,NO WORM,0,0,0,0.0,0 worms,0.0
/Users/noursaad/Desktop/PTUT/Minipatches_light_20260116/20221118T103528_SmallPatches_C2-CAM4,1,1,1,1,NO WORM,0,0,0,0.0,0 worms,0.0
/Users/noursaad/Desktop/PTUT/Minipatches_light_20260116/20221116T193607_SmallPatches_C2-CAM2,1,1,1,0,OK,1531,33505,0,0.0,1 worm clean,0.0
/Users/noursaad/Desktop/PTUT/Minipatches_light_20260116/20221017T111506_SmallPatches_C3-CAM8,1,1,1,0,OK,5414,29748,0,0.0,1 worm clean,0.0
/Users/noursaad/Desktop/PTUT/Minipatches_light_20260116/20221014T101512_SmallPatches_C1-CAM3,0,1,0,0,WEIRD,0,0,0,0.0,0 worms,0.0
/Users/noursaad/Desktop/PTUT/Minipatches_light_20260116/20221119T203023_SmallPatches_C5-CAM1,1,1,1,0,OK,5749,29353,0,0.0,1 worm clean,0.0
/Users/noursaad/Desktop/PTUT/Minipatches_light_20260116/20221123T120808_SmallPatches_C4-CAM7,1,1,1,0,OK,4286,30810,0,0.0,1 worm clean,0.0
/Users/noursaad/Desktop/PTUT/Minipatches_light_20260116/20221122T192144_SmallPatches_C1-CAM1,1,1,1,0,OK,27691,6835,0,0.0,1 worm clean,0.0
/Users/noursaad/Desktop/PTUT/Minipatches_light_20260116/20221115T112027_SmallPatches_C2-CAM4,1,1,1,1,NO WORM,0,0,0,0.0,0 worms,0.0
/Users/noursaad/Desktop/PTUT/Minipatches_light_20260116/20221015T113417_SmallPatches_C5-CAM5,1,1,1,0,OK,631,34358,0,0.0,1 worm clean,0.0
/Users/noursaad/Desktop/PTUT/Minipatches_light_20260116/20221119T115009_SmallPatches_C5-CAM6,1,1,1,0,OK,5332,29715,0,0.0,1 worm clean,0.0
/Users/noursaad/Desktop/PTUT/Minipatches_light_20260116/20221115T193532_SmallPatches_C1-CAM8,1,1,1,0,OK,1334,33679,0,0.0,1 worm clean,0.0
/Users/noursaad/Desktop/PTUT/Minipatches_light_20260116/20221017T203320_SmallPatches_C6-CAM8,1,1,1,0,OK,650,34433,0,0.0,1 worm clean,0.0
/Users/noursaad/Desktop/PTUT/Minipatches_light_20260116/20221125T144055_SmallPatches_C5-CAM8,1,1,1,1,NO WORM,0,0,0,0.0,0 worms,0.0
/Users/noursaad/Desktop/PTUT/Minipatches_light_20260116/20221017T112927_SmallPatches_C4-CAM1,1,1,1,0,OK,16995,9011,0,0.0,1 worm clean,0.0
/Users/noursaad/Desktop/PTUT/Minipatches_light_20260116/20221119T115009_SmallPatches_C5-CAM1,1,1,1,0,OK,5189,29810,0,0.0,1 worm clean,0.0
/Users/noursaad/Desktop/PTUT/Minipatches_light_20260116/20221015T113417_SmallPatches_C5-CAM2,1,1,1,0,OK,2592,32453,0,0.0,1 worm clean,0.0
/Users/noursaad/Desktop/PTUT/Minipatches_light_20260116/20221122T192144_SmallPatches_C1-CAM6,1,1,1,0,OK,2157,32948,0,0.0,1 worm clean,0.0
/Users/noursaad/Desktop/PTUT/Minipatches_light_20260116/20221110T105552_SmallPatches_C2-CAM6,1,1,1,0,OK,1496,33452,0,0.0,1 worm clean,0.0
/Users/noursaad/Desktop/PTUT/Minipatches_light_20260116/20221017T112927_SmallPatches_C4-CAM6,1,1,0,1,NO WORM,0,0,0,0.0,0 worms,0.0
/Users/noursaad/Desktop/PTUT/Minipatches_light_20260116/20221118T103454_SmallPatches_C1-CAM7,1,1,1,0,OK,2478,32617,0,0.0,1 worm clean,0.0
/Users/noursaad/Desktop/PTUT/Minipatches_light_20260116/20221015T111903_SmallPatches_C1-CAM8,1,1,1,0,OK,10726,24431,0,0.0,1 worm clean,0.0
/Users/noursaad/Desktop/PTUT/Minipatches_light_20260116/20221125T144055_SmallPatches_C5-CAM6,1,1,1,1,NO WORM,0,0,0,0.0,0 worms,0.0
/Users/noursaad/Desktop/PTUT/Minipatches_light_20260116/20221125T144101_SmallPatches_C6-CAM7,1,1,1,1,NO WORM,0,0,0,0.0,0 worms,0.0
/Users/noursaad/Desktop/PTUT/Minipatches_light_20260116/20221017T203320_SmallPatches_C6-CAM6,1,1,1,1,NO WORM,0,0,0,0.0,0 worms,0.0
/Users/noursaad/Desktop/PTUT/Minipatches_light_20260116/20221015T111903_SmallPatches_C1-CAM1,1,1,1,0,OK,5977,29130,0,0.0,1 worm clean,0.0
/Users/noursaad/Desktop/PTUT/Minipatches_light_20260116/20221116T193622_SmallPatches_C3-CAM3,1,1,1,0,OK,483,34573,0,0.0,1 worm clean,0.0
/Users/noursaad/Desktop/PTUT/Minipatches_light_20260116/20221115T193532_SmallPatches_C1-CAM6,1,1,1,0,OK,3561,31447,0,0.0,1 worm clean,0.0
/Users/noursaad/Desktop/PTUT/Minipatches_light_20260116/20221119T115009_SmallPatches_C5-CAM8,1,1,1,0,OK,1808,33323,0,0.0,1 worm clean,0.0
/Users/noursaad/Desktop/PTUT/Minipatches_light_20260116/20221015T113423_SmallPatches_C6-CAM3,1,1,1,1,NO WORM,0,0,0,0.0,0 worms,0.0
/Users/noursaad/Desktop/PTUT/Minipatches_light_20260116/20221121T120109_SmallPatches_C2-CAM2,1,1,1,0,OK,1271,33933,0,0.0,1 worm clean,0.0
/Users/noursaad/Desktop/PTUT/Minipatches_light_20260116/20221116T193622_SmallPatches_C3-CAM4,1,1,1,0,OK,2374,32675,0,0.0,1 worm clean,0.0
/Users/noursaad/Desktop/PTUT/Minipatches_light_20260116/20221017T203320_SmallPatches_C6-CAM1,1,1,1,0,OK,3704,31282,0,0.0,1 worm clean,0.0
/Users/noursaad/Desktop/PTUT/Minipatches_light_20260116/20221015T111903_SmallPatches_C1-CAM6,1,1,1,0,OK,4480,30643,0,0.0,1 worm clean,0.0
/Users/noursaad/Desktop/PTUT/Minipatches_light_20260116/20221017T112927_SmallPatches_C4-CAM8,1,1,1,1,NO WORM,0,0,0,0.0,0 worms,0.0
/Users/noursaad/Desktop/PTUT/Minipatches_light_20260116/20221125T144055_SmallPatches_C5-CAM1,1,1,1,0,OK,7406,24806,0,0.0,1 worm clean,0.06537936172854837
/Users/noursaad/Desktop/PTUT/Minipatches_light_20260116/20221110T105552_SmallPatches_C2-CAM8,1,1,0,1,NO WORM,0,0,0,0.0,0 worms,0.0
/Users/noursaad/Desktop/PTUT/Minipatches_light_20260116/20221110T193129_SmallPatches_C2-CAM7,0,1,0,1,NO WORM,0,0,0,0.0,0 worms,0.0
/Users/noursaad/Desktop/PTUT/Minipatches_light_20260116/20221122T192144_SmallPatches_C1-CAM8,1,1,1,0,OK,19655,15238,0,0.0,1 worm clean,0.0
/Users/noursaad/Desktop/PTUT/Minipatches_light_20260116/20221015T113423_SmallPatches_C6-CAM4,1,1,1,0,OK,1212,33884,0,0.0,1 worm clean,0.0
/Users/noursaad/Desktop/PTUT/Minipatches_light_20260116/20221115T193532_SmallPatches_C1-CAM1,1,1,1,1,NO WORM,0,0,0,0.0,0 worms,0.0
/Users/noursaad/Desktop/PTUT/Minipatches_light_20260116/20221122T103604_SmallPatches_C5-CAM8,1,1,1,0,OK,4309,30749,0,0.0,1 worm clean,0.0
/Users/noursaad/Desktop/PTUT/Minipatches_light_20260116/20221014T103022_SmallPatches_C4-CAM1,0,1,0,0,WEIRD,0,0,0,0.0,0 worms,0.0
/Users/noursaad/Desktop/PTUT/Minipatches_light_20260116/20221011T192204_SmallPatches_C6-CAM2,0,1,0,0,WEIRD,0,0,0,0.0,0 worms,0.0
/Users/noursaad/Desktop/PTUT/Minipatches_light_20260116/20221016T114101_SmallPatches_C5-CAM8,1,1,1,0,OK,3425,31638,0,0.0,1 worm clean,0.0
/Users/noursaad/Desktop/PTUT/Minipatches_light_20260116/20221123T211456_SmallPatches_C6-CAM3,1,1,1,0,OK,3161,31971,0,0.0,1 worm clean,0.0
/Users/noursaad/Desktop/PTUT/Minipatches_light_20260116/20221013T114735_SmallPatches_C1-CAM6,1,1,1,0,OK,17630,16133,0,0.0,1 worm clean,0.0
/Users/noursaad/Desktop/PTUT/Minipatches_light_20260116/20221016T203158_SmallPatches_C4-CAM3,1,1,1,1,NO WORM,0,0,0,0.0,0 worms,0.0
/Users/noursaad/Desktop/PTUT/Minipatches_light_20260116/20221116T103112_SmallPatches_C5-CAM1,1,1,1,0,OK,945,33978,0,0.0,1 worm clean,0.0
/Users/noursaad/Desktop/PTUT/Minipatches_light_20260116/20221014T101512_SmallPatches_C1-CAM2,1,1,1,0,OK,2418,32573,0,0.0,1 worm clean,0.0
/Users/noursaad/Desktop/PTUT/Minipatches_light_20260116/20221116T103112_SmallPatches_C5-CAM6,1,1,1,0,OK,446,34540,0,0.0,1 worm clean,0.0
/Users/noursaad/Desktop/PTUT/Minipatches_light_20260116/20221123T211456_SmallPatches_C6-CAM4,1,1,1,0,OK,1895,33115,0,0.0,1 worm clean,0.0
/Users/noursaad/Desktop/PTUT/Minipatches_light_20260116/timeline_plots,0,0,0,0,NO WORM,0,0,0,0.0,0 worms,0.0
/Users/noursaad/Desktop/PTUT/Minipatches_light_20260116/20221013T114735_SmallPatches_C1-CAM1,1,1,1,0,OK,6220,27584,0,0.0,1 worm clean,0.0
/Users/noursaad/Desktop/PTUT/Minipatches_light_20260116/20221016T203158_SmallPatches_C4-CAM4,0,1,0,1,NO WORM,0,0,0,0.0,0 worms,0.0
/Users/noursaad/Desktop/PTUT/Minipatches_light_20260116/20221011T192204_SmallPatches_C6-CAM5,1,1,1,0,OK,390,5841,0,0.0,1 worm clean,0.0
/Users/noursaad/Desktop/PTUT/Minipatches_light_20260116/20221011T191616_SmallPatches_C1-CAM5,1,1,1,0,OK,3788,31130,0,0.0,1 worm clean,0.0
/Users/noursaad/Desktop/PTUT/Minipatches_light_20260116/20221014T103022_SmallPatches_C4-CAM6,1,1,1,0,OK,406,34619,0,0.0,1 worm clean,0.0
/Users/noursaad/Desktop/PTUT/Minipatches_light_20260116/20221118T103528_SmallPatches_C2-CAM2,1,1,1,0,OK,1369,33753,0,0.0,1 worm clean,0.0
/Users/noursaad/Desktop/PTUT/Minipatches_light_20260116/20221121T121358_SmallPatches_C5-CAM4,0,1,0,0,WEIRD,0,0,0,0.0,0 worms,0.0
/Users/noursaad/Desktop/PTUT/Minipatches_light_20260116/20221116T193607_SmallPatches_C2-CAM4,1,1,1,0,OK,29840,5192,0,0.0,1 worm clean,0.0
/Users/noursaad/Desktop/PTUT/Minipatches_light_20260116/20221119T203023_SmallPatches_C5-CAM7,1,1,1,1,NO WORM,0,0,0,0.0,0 worms,0.0
/Users/noursaad/Desktop/PTUT/Minipatches_light_20260116/20221123T120808_SmallPatches_C4-CAM1,1,1,0,0,WEIRD,4312,22564,8142,0.2325089953738077,2+ worms,0.2325089953738077
/Users/noursaad/Desktop/PTUT/Minipatches_light_20260116/20221015T112001_SmallPatches_C2-CAM6,1,1,1,0,OK,4029,31099,0,0.0,1 worm clean,0.0
/Users/noursaad/Desktop/PTUT/Minipatches_light_20260116/20221123T120808_SmallPatches_C4-CAM8,1,1,1,0,OK,10891,24227,0,0.0,1 worm clean,0.0
/Users/noursaad/Desktop/PTUT/Minipatches_light_20260116/20221017T113043_SmallPatches_C5-CAM2,1,1,1,0,OK,8724,26326,0,0.0,1 worm clean,0.0
/Users/noursaad/Desktop/PTUT/Minipatches_light_20260116/20221011T112411_SmallPatches_C5-CAM4,1,1,1,0,OK,343,32244,0,0.0,1 worm clean,0.0
/Users/noursaad/Desktop/PTUT/Minipatches_light_20260116/20221119T115015_SmallPatches_C6-CAM4,1,1,1,1,NO WORM,0,0,0,0.0,0 worms,0.0
/Users/noursaad/Desktop/PTUT/Minipatches_light_20260116/20221016T114101_SmallPatches_C5-CAM6,1,1,1,0,OK,4793,30183,0,0.0,1 worm clean,0.0
/Users/noursaad/Desktop/PTUT/Minipatches_light_20260116/20221123T115657_SmallPatches_C2-CAM2,1,1,0,0,WEIRD,581,8298,26197,0.7468639525601551,2+ worms,0.7468639525601551
/Users/noursaad/Desktop/PTUT/Minipatches_light_20260116/20221122T103604_SmallPatches_C5-CAM6,1,1,0,0,WEIRD,353,11719,22922,0.6550265759844545,2+ worms,0.6550265759844545
/Users/noursaad/Desktop/PTUT/Minipatches_light_20260116/20221017T113043_SmallPatches_C5-CAM5,1,1,1,1,NO WORM,0,0,0,0.0,0 worms,0.0
/Users/noursaad/Desktop/PTUT/Minipatches_light_20260116/20221016T203324_SmallPatches_C6-CAM7,1,1,1,0,OK,1612,33429,0,0.0,1 worm clean,0.0
/Users/noursaad/Desktop/PTUT/Minipatches_light_20260116/20221122T103604_SmallPatches_C5-CAM1,0,1,0,0,WEIRD,0,0,0,0.0,0 worms,0.0
/Users/noursaad/Desktop/PTUT/Minipatches_light_20260116/20221120T191855_SmallPatches_C4-CAM3,1,1,1,0,OK,894,34147,0,0.0,1 worm clean,0.0
/Users/noursaad/Desktop/PTUT/Minipatches_light_20260116/20221011T112417_SmallPatches_C6-CAM4,1,1,0,0,WEIRD,517,14877,17137,0.5267898312378961,2+ worms,0.5267898312378961
/Users/noursaad/Desktop/PTUT/Minipatches_light_20260116/20221014T103022_SmallPatches_C4-CAM8,1,1,0,0,WEIRD,7843,27191,1,2.8542885685742827e-05,1 worm with errors,2.8542885685742827e-05
/Users/noursaad/Desktop/PTUT/Minipatches_light_20260116/20221011T111254_SmallPatches_C3-CAM2,1,1,1,0,OK,2275,29647,0,0.0,1 worm clean,0.0
/Users/noursaad/Desktop/PTUT/Minipatches_light_20260116/20221017T113050_SmallPatches_C6-CAM7,1,1,0,1,NO WORM,0,0,0,0.0,0 worms,0.0
/Users/noursaad/Desktop/PTUT/Minipatches_light_20260116/20221119T115015_SmallPatches_C6-CAM3,1,1,1,0,OK,19775,15339,0,0.0,1 worm clean,0.0
/Users/noursaad/Desktop/PTUT/Minipatches_light_20260116/20221116T103112_SmallPatches_C5-CAM8,1,1,1,0,OK,11631,23303,0,0.0,1 worm clean,0.0
/Users/noursaad/Desktop/PTUT/Minipatches_light_20260116/20221125T144101_SmallPatches_C6-CAM1,1,1,1,0,OK,30837,4093,0,0.0,1 worm clean,0.0
/Users/noursaad/Desktop/PTUT/Minipatches_light_20260116/20221015T111903_SmallPatches_C1-CAM7,1,1,1,0,OK,7958,27191,0,0.0,1 worm clean,0.0
/Users/noursaad/Desktop/PTUT/Minipatches_light_20260116/20221118T103454_SmallPatches_C1-CAM8,1,1,1,0,OK,747,34346,0,0.0,1 worm clean,0.0
/Users/noursaad/Desktop/PTUT/Minipatches_light_20260116/20221015T113423_SmallPatches_C6-CAM5,1,1,1,0,OK,4455,30545,0,0.0,1 worm clean,0.0
/Users/noursaad/Desktop/PTUT/Minipatches_light_20260116/20221121T120109_SmallPatches_C2-CAM4,1,1,1,1,NO WORM,0,0,0,0.0,0 worms,0.0
/Users/noursaad/Desktop/PTUT/Minipatches_light_20260116/20221110T193129_SmallPatches_C2-CAM6,1,1,0,0,WEIRD,1502,14643,18901,0.539319751184158,2+ worms,0.539319751184158
/Users/noursaad/Desktop/PTUT/Minipatches_light_20260116/20221116T193622_SmallPatches_C3-CAM2,1,1,1,0,OK,7204,27865,0,0.0,1 worm clean,0.0
/Users/noursaad/Desktop/PTUT/Minipatches_light_20260116/20221017T203320_SmallPatches_C6-CAM7,1,1,0,1,NO WORM,0,0,0,0.0,0 worms,0.0
/Users/noursaad/Desktop/PTUT/Minipatches_light_20260116/20221125T144101_SmallPatches_C6-CAM6,1,1,0,0,WEIRD,421,1935,32733,0.932856450739548,2+ worms,0.932856450739548
/Users/noursaad/Desktop/PTUT/Minipatches_light_20260116/20221125T144055_SmallPatches_C5-CAM7,1,1,1,1,NO WORM,0,0,0,0.0,0 worms,0.0
/Users/noursaad/Desktop/PTUT/Minipatches_light_20260116/20221115T193532_SmallPatches_C1-CAM7,1,1,0,0,WEIRD,401,0,34594,0.9885412201743106,2+ worms,0.9885412201743106
/Users/noursaad/Desktop/PTUT/Minipatches_light_20260116/20221015T113423_SmallPatches_C6-CAM2,1,1,1,0,OK,3178,31888,0,0.0,1 worm clean,0.0
/Users/noursaad/Desktop/PTUT/Minipatches_light_20260116/20221122T192144_SmallPatches_C1-CAM7,1,1,1,0,OK,1801,33309,0,0.0,1 worm clean,0.0
/Users/noursaad/Desktop/PTUT/Minipatches_light_20260116/20221115T112027_SmallPatches_C2-CAM2,1,1,1,0,OK,6090,28902,0,0.0,1 worm clean,0.0
/Users/noursaad/Desktop/PTUT/Minipatches_light_20260116/20221110T105552_SmallPatches_C2-CAM7,1,1,1,1,NO WORM,0,0,0,0.0,0 worms,0.0
/Users/noursaad/Desktop/PTUT/Minipatches_light_20260116/20221118T103454_SmallPatches_C1-CAM6,1,1,1,0,OK,19721,15392,0,0.0,1 worm clean,0.0
/Users/noursaad/Desktop/PTUT/Minipatches_light_20260116/20221017T112927_SmallPatches_C4-CAM7,1,1,1,0,OK,1971,24138,0,0.0,1 worm clean,0.0
/Users/noursaad/Desktop/PTUT/Minipatches_light_20260116/20221119T115009_SmallPatches_C5-CAM7,1,1,0,0,WEIRD,455,15302,19351,0.5511849151190612,2+ worms,0.5511849151190612
/Users/noursaad/Desktop/PTUT/Minipatches_light_20260116/20221015T113417_SmallPatches_C5-CAM4,1,1,1,0,OK,1743,33233,0,0.0,1 worm clean,0.0
/Users/noursaad/Desktop/PTUT/Minipatches_light_20260116/20221125T144101_SmallPatches_C6-CAM8,1,1,1,0,OK,1487,3664,0,0.0,1 worm clean,0.0
/Users/noursaad/Desktop/PTUT/Minipatches_light_20260116/20221118T103454_SmallPatches_C1-CAM1,1,1,1,0,OK,15742,19357,0,0.0,1 worm clean,0.0
/Users/noursaad/Desktop/PTUT/Minipatches_light_20260116/20221119T201803_SmallPatches_C3-CAM4,1,1,1,0,OK,5615,29555,0,0.0,1 worm clean,0.0
/Users/noursaad/Desktop/PTUT/Minipatches_light_20260116/20221015T113303_SmallPatches_C4-CAM8,1,1,1,0,OK,410,34639,0,0.0,1 worm clean,0.0
/Users/noursaad/Desktop/PTUT/Minipatches_light_20260116/20221014T192724_SmallPatches_C6-CAM4,1,1,1,0,OK,9502,16570,0,0.0,1 worm clean,0.0
/Users/noursaad/Desktop/PTUT/Minipatches_light_20260116/20221115T112033_SmallPatches_C3-CAM1,1,1,1,0,OK,1527,32777,0,0.0,1 worm clean,0.0
/Users/noursaad/Desktop/PTUT/Minipatches_light_20260116/20221013T115324_SmallPatches_C4-CAM5,1,1,1,0,OK,5925,27523,0,0.0,1 worm clean,0.0
/Users/noursaad/Desktop/PTUT/Minipatches_light_20260116/20221126T203554_SmallPatches_C2-CAM7,1,1,1,0,OK,595,34610,0,0.0,1 worm clean,0.0
/Users/noursaad/Desktop/PTUT/Minipatches_light_20260116/20221013T201306_SmallPatches_C3-CAM4,1,1,1,0,OK,264,34704,0,0.0,1 worm clean,0.0
/Users/noursaad/Desktop/PTUT/Minipatches_light_20260116/20221117T195631_SmallPatches_C2-CAM7,1,1,1,0,OK,514,34593,0,0.0,1 worm clean,0.0
/Users/noursaad/Desktop/PTUT/Minipatches_light_20260116/20221014T192724_SmallPatches_C6-CAM3,1,1,1,1,NO WORM,0,0,0,0.0,0 worms,0.0
/Users/noursaad/Desktop/PTUT/Minipatches_light_20260116/20221012T131916_SmallPatches_C5-CAM8,1,1,1,0,OK,385,26521,0,0.0,1 worm clean,0.0
/Users/noursaad/Desktop/PTUT/Minipatches_light_20260116/20221110T111024_SmallPatches_C5-CAM8,1,1,1,0,OK,1763,33236,0,0.0,1 worm clean,0.0
/Users/noursaad/Desktop/PTUT/Minipatches_light_20260116/20221119T201803_SmallPatches_C3-CAM3,1,1,1,0,OK,1593,33567,0,0.0,1 worm clean,0.0
/Users/noursaad/Desktop/PTUT/Minipatches_light_20260116/20221016T201820_SmallPatches_C2-CAM7,1,1,1,1,NO WORM,0,0,0,0.0,0 worms,0.0
/Users/noursaad/Desktop/PTUT/Minipatches_light_20260116/20221014T192604_SmallPatches_C4-CAM8,1,1,1,0,OK,936,34140,0,0.0,1 worm clean,0.0
/Users/noursaad/Desktop/PTUT/Minipatches_light_20260116/20221115T111955_SmallPatches_C1-CAM8,1,1,1,0,OK,1820,33231,0,0.0,1 worm clean,0.0
/Users/noursaad/Desktop/PTUT/Minipatches_light_20260116/20221123T115619_SmallPatches_C1-CAM7,1,1,1,0,OK,2645,32453,0,0.0,1 worm clean,0.0
/Users/noursaad/Desktop/PTUT/Minipatches_light_20260116/20221121T204614_SmallPatches_C2-CAM4,1,1,1,0,OK,27444,7781,0,0.0,1 worm clean,0.0
/Users/noursaad/Desktop/PTUT/Minipatches_light_20260116/20221013T201306_SmallPatches_C3-CAM3,1,1,1,0,OK,601,34044,0,0.0,1 worm clean,0.0
/Users/noursaad/Desktop/PTUT/Minipatches_light_20260116/20221115T112033_SmallPatches_C3-CAM6,1,1,1,0,OK,426,34601,0,0.0,1 worm clean,0.0
/Users/noursaad/Desktop/PTUT/Minipatches_light_20260116/20221013T115324_SmallPatches_C4-CAM2,1,1,1,0,OK,4185,29321,0,0.0,1 worm clean,0.0
/Users/noursaad/Desktop/PTUT/Minipatches_light_20260116/20221017T111530_SmallPatches_C2-CAM7,1,1,1,1,NO WORM,0,0,0,0.0,0 worms,0.0
/Users/noursaad/Desktop/PTUT/Minipatches_light_20260116/20221015T113303_SmallPatches_C4-CAM6,1,1,1,0,OK,3567,27559,0,0.0,1 worm clean,0.0
/Users/noursaad/Desktop/PTUT/Minipatches_light_20260116/20221012T131916_SmallPatches_C5-CAM1,0,1,0,0,WEIRD,0,0,0,0.0,0 worms,0.0
/Users/noursaad/Desktop/PTUT/Minipatches_light_20260116/20221110T111024_SmallPatches_C5-CAM1,1,1,1,1,NO WORM,0,0,0,0.0,0 worms,0.0
/Users/noursaad/Desktop/PTUT/Minipatches_light_20260116/20221115T111955_SmallPatches_C1-CAM1,1,1,0,1,NO WORM,0,0,0,0.0,0 worms,0.0
/Users/noursaad/Desktop/PTUT/Minipatches_light_20260116/20221012T202949_SmallPatches_C4-CAM4,1,1,1,0,OK,5631,29202,0,0.0,1 worm clean,0.0
/Users/noursaad/Desktop/PTUT/Minipatches_light_20260116/20221014T192604_SmallPatches_C4-CAM1,0,1,0,0,WEIRD,0,0,0,0.0,0 worms,0.0
/Users/noursaad/Desktop/PTUT/Minipatches_light_20260116/20221012T130017_SmallPatches_C3-CAM2,1,1,1,0,OK,6269,21957,0,0.0,1 worm clean,0.0
/Users/noursaad/Desktop/PTUT/Minipatches_light_20260116/20221012T125943_SmallPatches_C1-CAM7,0,1,0,1,NO WORM,0,0,0,0.0,0 worms,0.0
/Users/noursaad/Desktop/PTUT/Minipatches_light_20260116/20221014T192604_SmallPatches_C4-CAM6,1,1,0,1,NO WORM,0,0,0,0.0,0 worms,0.0
/Users/noursaad/Desktop/PTUT/Minipatches_light_20260116/20221123T210701_SmallPatches_C2-CAM4,1,1,1,0,OK,1021,34049,0,0.0,1 worm clean,0.0
/Users/noursaad/Desktop/PTUT/Minipatches_light_20260116/20221115T111955_SmallPatches_C1-CAM6,1,1,1,0,OK,1642,33380,0,0.0,1 worm clean,0.0
/Users/noursaad/Desktop/PTUT/Minipatches_light_20260116/20221012T202949_SmallPatches_C4-CAM3,1,1,1,0,OK,9059,25674,0,0.0,1 worm clean,0.0
/Users/noursaad/Desktop/PTUT/Minipatches_light_20260116/20221110T111024_SmallPatches_C5-CAM6,1,1,1,0,OK,10731,24253,0,0.0,1 worm clean,0.0
/Users/noursaad/Desktop/PTUT/Minipatches_light_20260116/20221015T113303_SmallPatches_C4-CAM1,1,1,1,1,NO WORM,0,0,0,0.0,0 worms,0.0
/Users/noursaad/Desktop/PTUT/Minipatches_light_20260116/20221115T113211_SmallPatches_C4-CAM7,1,1,1,0,OK,820,27111,0,0.0,1 worm clean,0.0
/Users/noursaad/Desktop/PTUT/Minipatches_light_20260116/20221117T200328_SmallPatches_C5-CAM1,0,1,0,1,NO WORM,0,0,0,0.0,0 worms,0.0
/Users/noursaad/Desktop/PTUT/Minipatches_light_20260116/20221119T203029_SmallPatches_C6-CAM5,1,1,1,0,OK,4112,30925,0,0.0,1 worm clean,0.0
/Users/noursaad/Desktop/PTUT/Minipatches_light_20260116/20221015T201431_SmallPatches_C4-CAM7,1,1,1,0,OK,2697,32321,0,0.0,1 worm clean,0.0
/Users/noursaad/Desktop/PTUT/Minipatches_light_20260116/20221110T105517_SmallPatches_C3-CAM8,1,1,1,1,NO WORM,0,0,0,0.0,0 worms,0.0
/Users/noursaad/Desktop/PTUT/Minipatches_light_20260116/20221125T233343_SmallPatches_C6-CAM4,1,1,1,1,NO WORM,0,0,0,0.0,0 worms,0.0
/Users/noursaad/Desktop/PTUT/Minipatches_light_20260116/20221121T120032_SmallPatches_C1-CAM4,1,1,1,1,NO WORM,0,0,0,0.0,0 worms,0.0
/Users/noursaad/Desktop/PTUT/Minipatches_light_20260116/20221125T232148_SmallPatches_C3-CAM2,1,1,0,1,NO WORM,0,0,0,0.0,0 worms,0.0
/Users/noursaad/Desktop/PTUT/Minipatches_light_20260116/20221017T202104_SmallPatches_C1-CAM5,1,1,0,0,WEIRD,542,991,33596,0.9563608414700104,2+ worms,0.9563608414700104
/Users/noursaad/Desktop/PTUT/Minipatches_light_20260116/20221121T204538_SmallPatches_C1-CAM4,1,1,1,0,OK,735,34417,0,0.0,1 worm clean,0.0
/Users/noursaad/Desktop/PTUT/Minipatches_light_20260116/20221015T111939_SmallPatches_C3-CAM1,1,1,1,0,OK,5299,29763,0,0.0,1 worm clean,0.0
/Users/noursaad/Desktop/PTUT/Minipatches_light_20260116/20221125T233336_SmallPatches_C5-CAM2,0,1,0,1,NO WORM,0,0,0,0.0,0 worms,0.0
/Users/noursaad/Desktop/PTUT/Minipatches_light_20260116/20221011T191645_SmallPatches_C3-CAM6,1,1,1,0,OK,3515,31378,0,0.0,1 worm clean,0.0
/Users/noursaad/Desktop/PTUT/Minipatches_light_20260116/20221110T194358_SmallPatches_C4-CAM5,1,1,1,0,OK,1059,13583,0,0.0,1 worm clean,0.0
/Users/noursaad/Desktop/PTUT/Minipatches_light_20260116/20221110T194540_SmallPatches_C6-CAM8,1,1,1,0,OK,1217,33767,0,0.0,1 worm clean,0.0
/Users/noursaad/Desktop/PTUT/Minipatches_light_20260116/20221122T103559_SmallPatches_C4-CAM6,1,1,1,0,OK,369,34637,0,0.0,1 worm clean,0.0
/Users/noursaad/Desktop/PTUT/Minipatches_light_20260116/20221125T233343_SmallPatches_C6-CAM3,1,1,1,0,OK,3206,3047,0,0.0,1 worm clean,0.0
/Users/noursaad/Desktop/PTUT/Minipatches_light_20260116/20221119T203029_SmallPatches_C6-CAM2,1,1,1,1,NO WORM,0,0,0,0.0,0 worms,0.0
/Users/noursaad/Desktop/PTUT/Minipatches_light_20260116/20221116T193528_SmallPatches_C1-CAM7,0,1,0,0,WEIRD,0,0,0,0.0,0 worms,0.0
/Users/noursaad/Desktop/PTUT/Minipatches_light_20260116/20221117T200328_SmallPatches_C5-CAM6,1,1,1,1,NO WORM,0,0,0,0.0,0 worms,0.0
/Users/noursaad/Desktop/PTUT/Minipatches_light_20260116/20221011T191645_SmallPatches_C3-CAM1,1,1,1,0,OK,1859,33011,0,0.0,1 worm clean,0.0
/Users/noursaad/Desktop/PTUT/Minipatches_light_20260116/20221110T194358_SmallPatches_C4-CAM2,1,1,1,0,OK,2194,32209,0,0.0,1 worm clean,0.0
/Users/noursaad/Desktop/PTUT/Minipatches_light_20260116/20221121T204538_SmallPatches_C1-CAM3,1,1,1,0,OK,5116,30031,0,0.0,1 worm clean,0.0
/Users/noursaad/Desktop/PTUT/Minipatches_light_20260116/20221125T233336_SmallPatches_C5-CAM5,1,1,1,0,OK,4756,30413,0,0.0,1 worm clean,0.0
/Users/noursaad/Desktop/PTUT/Minipatches_light_20260116/20221125T232148_SmallPatches_C3-CAM5,1,1,1,1,NO WORM,0,0,0,0.0,0 worms,0.0
/Users/noursaad/Desktop/PTUT/Minipatches_light_20260116/20221017T202104_SmallPatches_C1-CAM2,1,1,1,0,OK,15316,19797,0,0.0,1 worm clean,0.0
/Users/noursaad/Desktop/PTUT/Minipatches_light_20260116/20221121T120032_SmallPatches_C1-CAM3,1,1,1,1,NO WORM,0,0,0,0.0,0 worms,0.0
/Users/noursaad/Desktop/PTUT/Minipatches_light_20260116/20221126T114417_SmallPatches_C4-CAM7,1,1,1,0,OK,4998,10932,0,0.0,1 worm clean,0.0
/Users/noursaad/Desktop/PTUT/Minipatches_light_20260116/20221122T103559_SmallPatches_C4-CAM8,1,1,1,1,NO WORM,0,0,0,0.0,0 worms,0.0
/Users/noursaad/Desktop/PTUT/Minipatches_light_20260116/20221011T191645_SmallPatches_C3-CAM8,1,1,1,0,OK,213,34666,0,0.0,1 worm clean,0.0
/Users/noursaad/Desktop/PTUT/Minipatches_light_20260116/20221122T193952_SmallPatches_C6-CAM4,1,1,1,1,NO WORM,0,0,0,0.0,0 worms,0.0
/Users/noursaad/Desktop/PTUT/Minipatches_light_20260116/20221110T194540_SmallPatches_C6-CAM6,1,1,1,0,OK,4322,17535,0,0.0,1 worm clean,0.0
/Users/noursaad/Desktop/PTUT/Minipatches_light_20260116/20221122T103611_SmallPatches_C6-CAM7,1,1,1,0,OK,369,34634,0,0.0,1 worm clean,0.0
/Users/noursaad/Desktop/PTUT/Minipatches_light_20260116/20221126T203516_SmallPatches_C1-CAM7,1,1,1,0,OK,19955,15155,0,0.0,1 worm clean,0.0
/Users/noursaad/Desktop/PTUT/Minipatches_light_20260116/20221121T205850_SmallPatches_C6-CAM4,1,1,1,0,OK,532,34588,0,0.0,1 worm clean,0.0
/Users/noursaad/Desktop/PTUT/Minipatches_light_20260116/20221012T200644_SmallPatches_C1-CAM7,1,1,1,0,OK,482,34509,0,0.0,1 worm clean,0.0
/Users/noursaad/Desktop/PTUT/Minipatches_light_20260116/20221110T105517_SmallPatches_C3-CAM6,1,1,1,0,OK,1194,33722,0,0.0,1 worm clean,0.0
/Users/noursaad/Desktop/PTUT/Minipatches_light_20260116/20221126T205114_SmallPatches_C6-CAM7,1,1,1,0,OK,2065,33118,0,0.0,1 worm clean,0.0
/Users/noursaad/Desktop/PTUT/Minipatches_light_20260116/20221122T193952_SmallPatches_C6-CAM3,1,1,1,0,OK,571,34456,0,0.0,1 worm clean,0.0
/Users/noursaad/Desktop/PTUT/Minipatches_light_20260116/20221110T194540_SmallPatches_C6-CAM1,0,1,0,0,WEIRD,0,0,0,0.0,0 worms,0.0
/Users/noursaad/Desktop/PTUT/Minipatches_light_20260116/20221011T111318_SmallPatches_C2-CAM8,1,1,1,0,OK,25264,8234,0,0.0,1 worm clean,0.0
/Users/noursaad/Desktop/PTUT/Minipatches_light_20260116/20221015T111939_SmallPatches_C3-CAM8,1,1,1,0,OK,522,34629,0,0.0,1 worm clean,0.0
/Users/noursaad/Desktop/PTUT/Minipatches_light_20260116/20221118T104744_SmallPatches_C5-CAM7,1,1,1,0,OK,2329,32667,0,0.0,1 worm clean,0.0
/Users/noursaad/Desktop/PTUT/Minipatches_light_20260116/20221126T205107_SmallPatches_C5-CAM2,1,1,1,0,OK,1726,33450,0,0.0,1 worm clean,0.0
/Users/noursaad/Desktop/PTUT/Minipatches_light_20260116/20221117T200328_SmallPatches_C5-CAM8,1,1,1,0,OK,10991,24119,0,0.0,1 worm clean,0.0
/Users/noursaad/Desktop/PTUT/Minipatches_light_20260116/20221110T105517_SmallPatches_C3-CAM1,1,1,1,0,OK,4523,30426,0,0.0,1 worm clean,0.0
/Users/noursaad/Desktop/PTUT/Minipatches_light_20260116/20221121T205850_SmallPatches_C6-CAM3,1,1,1,0,OK,9717,12676,0,0.0,1 worm clean,0.0
/Users/noursaad/Desktop/PTUT/Minipatches_light_20260116/20221123T115619_SmallPatches_C1-CAM8,1,1,1,0,OK,2732,32392,0,0.0,1 worm clean,0.0
/Users/noursaad/Desktop/PTUT/Minipatches_light_20260116/20221012T130017_SmallPatches_C3-CAM3,1,1,1,0,OK,692,27545,0,0.0,1 worm clean,0.0
/Users/noursaad/Desktop/PTUT/Minipatches_light_20260116/20221012T131916_SmallPatches_C5-CAM7,0,1,0,1,NO WORM,0,0,0,0.0,0 worms,0.0
/Users/noursaad/Desktop/PTUT/Minipatches_light_20260116/20221012T202949_SmallPatches_C4-CAM2,1,1,1,0,OK,5614,29395,0,0.0,1 worm clean,0.0
/Users/noursaad/Desktop/PTUT/Minipatches_light_20260116/20221115T111955_SmallPatches_C1-CAM7,1,1,1,0,OK,420,34601,0,0.0,1 worm clean,0.0
/Users/noursaad/Desktop/PTUT/Minipatches_light_20260116/20221012T125943_SmallPatches_C1-CAM6,1,1,1,0,OK,2614,25487,0,0.0,1 worm clean,0.0
/Users/noursaad/Desktop/PTUT/Minipatches_light_20260116/20221014T192604_SmallPatches_C4-CAM7,1,1,1,1,NO WORM,0,0,0,0.0,0 worms,0.0
/Users/noursaad/Desktop/PTUT/Minipatches_light_20260116/20221012T130017_SmallPatches_C3-CAM4,1,1,1,0,OK,3039,25208,0,0.0,1 worm clean,0.0
/Users/noursaad/Desktop/PTUT/Minipatches_light_20260116/20221126T203554_SmallPatches_C2-CAM8,0,1,0,1,NO WORM,0,0,0,0.0,0 worms,0.0
/Users/noursaad/Desktop/PTUT/Minipatches_light_20260116/20221017T111530_SmallPatches_C2-CAM6,1,1,1,0,OK,11263,24070,0,0.0,1 worm clean,0.0
/Users/noursaad/Desktop/PTUT/Minipatches_light_20260116/20221012T125943_SmallPatches_C1-CAM1,1,1,1,0,OK,4191,22605,0,0.0,1 worm clean,0.0
/Users/noursaad/Desktop/PTUT/Minipatches_light_20260116/20221123T210701_SmallPatches_C2-CAM2,1,1,1,0,OK,1023,3319,0,0.0,1 worm clean,0.0
/Users/noursaad/Desktop/PTUT/Minipatches_light_20260116/20221012T202949_SmallPatches_C4-CAM5,1,1,1,0,OK,10672,24279,0,0.0,1 worm clean,0.0
/Users/noursaad/Desktop/PTUT/Minipatches_light_20260116/20221015T113303_SmallPatches_C4-CAM7,0,1,0,0,WEIRD,0,0,0,0.0,0 worms,0.0
/Users/noursaad/Desktop/PTUT/Minipatches_light_20260116/20221119T201803_SmallPatches_C3-CAM2,1,1,1,0,OK,3117,32033,0,0.0,1 worm clean,0.0
/Users/noursaad/Desktop/PTUT/Minipatches_light_20260116/20221012T125943_SmallPatches_C1-CAM8,0,1,0,0,WEIRD,0,0,0,0.0,0 worms,0.0
/Users/noursaad/Desktop/PTUT/Minipatches_light_20260116/20221014T192724_SmallPatches_C6-CAM2,1,1,0,0,WEIRD,2354,24322,8244,0.2360824742268041,2+ worms,0.2360824742268041
/Users/noursaad/Desktop/PTUT/Minipatches_light_20260116/20221123T115619_SmallPatches_C1-CAM6,1,1,1,0,OK,6992,28090,0,0.0,1 worm clean,0.0
/Users/noursaad/Desktop/PTUT/Minipatches_light_20260116/20221013T201306_SmallPatches_C3-CAM2,1,1,1,0,OK,4510,30440,0,0.0,1 worm clean,0.0
/Users/noursaad/Desktop/PTUT/Minipatches_light_20260116/20221014T192724_SmallPatches_C6-CAM5,1,1,1,0,OK,311,34652,0,0.0,1 worm clean,0.0
/Users/noursaad/Desktop/PTUT/Minipatches_light_20260116/20221016T201820_SmallPatches_C2-CAM1,0,1,0,1,NO WORM,0,0,0,0.0,0 worms,0.0
/Users/noursaad/Desktop/PTUT/Minipatches_light_20260116/20221121T204614_SmallPatches_C2-CAM2,1,1,1,1,NO WORM,0,0,0,0.0,0 worms,0.0
/Users/noursaad/Desktop/PTUT/Minipatches_light_20260116/20221013T201306_SmallPatches_C3-CAM5,1,1,1,0,OK,267,34712,0,0.0,1 worm clean,0.0
/Users/noursaad/Desktop/PTUT/Minipatches_light_20260116/20221123T115619_SmallPatches_C1-CAM1,1,1,1,1,NO WORM,0,0,0,0.0,0 worms,0.0
/Users/noursaad/Desktop/PTUT/Minipatches_light_20260116/20221117T195631_SmallPatches_C2-CAM6,1,1,1,0,OK,3511,28969,0,0.0,1 worm clean,0.0
/Users/noursaad/Desktop/PTUT/Minipatches_light_20260116/20221013T115324_SmallPatches_C4-CAM4,1,1,1,0,OK,1614,31824,0,0.0,1 worm clean,0.0
/Users/noursaad/Desktop/PTUT/Minipatches_light_20260116/20221126T203554_SmallPatches_C2-CAM6,1,1,1,0,OK,1439,33789,0,0.0,1 worm clean,0.0
/Users/noursaad/Desktop/PTUT/Minipatches_light_20260116/20221122T193952_SmallPatches_C6-CAM2,1,1,1,0,OK,489,34524,0,0.0,1 worm clean,0.0
/Users/noursaad/Desktop/PTUT/Minipatches_light_20260116/20221126T205107_SmallPatches_C5-CAM3,1,1,1,0,OK,12962,22228,0,0.0,1 worm clean,0.0
/Users/noursaad/Desktop/PTUT/Minipatches_light_20260116/20221118T104744_SmallPatches_C5-CAM6,1,1,1,0,OK,324,34656,0,0.0,1 worm clean,0.0
/Users/noursaad/Desktop/PTUT/Minipatches_light_20260116/20221126T114417_SmallPatches_C4-CAM8,1,1,1,0,OK,15154,19496,0,0.0,1 worm clean,0.0
/Users/noursaad/Desktop/PTUT/Minipatches_light_20260116/20221122T103611_SmallPatches_C6-CAM1,1,1,1,1,NO WORM,0,0,0,0.0,0 worms,0.0
/Users/noursaad/Desktop/PTUT/Minipatches_light_20260116/20221126T203516_SmallPatches_C1-CAM1,1,1,1,0,OK,20684,13418,0,0.0,1 worm clean,0.0
/Users/noursaad/Desktop/PTUT/Minipatches_light_20260116/20221012T200644_SmallPatches_C1-CAM1,1,1,1,0,OK,4471,30467,0,0.0,1 worm clean,0.0
/Users/noursaad/Desktop/PTUT/Minipatches_light_20260116/20221121T205850_SmallPatches_C6-CAM2,1,1,1,0,OK,2435,32648,0,0.0,1 worm clean,0.0
/Users/noursaad/Desktop/PTUT/Minipatches_light_20260116/20221015T201543_SmallPatches_C5-CAM8,0,1,0,1,NO WORM,0,0,0,0.0,0 worms,0.0
/Users/noursaad/Desktop/PTUT/Minipatches_light_20260116/20221126T205114_SmallPatches_C6-CAM1,1,1,1,0,OK,978,34227,0,0.0,1 worm clean,0.0
/Users/noursaad/Desktop/PTUT/Minipatches_light_20260116/20221116T193528_SmallPatches_C1-CAM8,1,1,1,1,NO WORM,0,0,0,0.0,0 worms,0.0
/Users/noursaad/Desktop/PTUT/Minipatches_light_20260116/20221122T103611_SmallPatches_C6-CAM6,1,1,1,0,OK,6285,28705,0,0.0,1 worm clean,0.0
/Users/noursaad/Desktop/PTUT/Minipatches_light_20260116/20221126T203516_SmallPatches_C1-CAM6,0,1,0,1,NO WORM,0,0,0,0.0,0 worms,0.0
/Users/noursaad/Desktop/PTUT/Minipatches_light_20260116/20221126T205107_SmallPatches_C5-CAM4,0,1,0,1,NO WORM,0,0,0,0.0,0 worms,0.0
/Users/noursaad/Desktop/PTUT/Minipatches_light_20260116/20221118T104744_SmallPatches_C5-CAM1,1,1,1,0,OK,18406,16603,0,0.0,1 worm clean,0.0
/Users/noursaad/Desktop/PTUT/Minipatches_light_20260116/20221122T193952_SmallPatches_C6-CAM5,1,1,1,1,NO WORM,0,0,0,0.0,0 worms,0.0
/Users/noursaad/Desktop/PTUT/Minipatches_light_20260116/20221110T194540_SmallPatches_C6-CAM7,1,1,1,1,NO WORM,0,0,0,0.0,0 worms,0.0
/Users/noursaad/Desktop/PTUT/Minipatches_light_20260116/transition_matrices,0,0,0,0,NO WORM,0,0,0,0.0,0 worms,0.0
/Users/noursaad/Desktop/PTUT/Minipatches_light_20260116/20221126T205114_SmallPatches_C6-CAM6,1,1,1,0,OK,3318,31149,0,0.0,1 worm clean,0.0
/Users/noursaad/Desktop/PTUT/Minipatches_light_20260116/20221115T113211_SmallPatches_C4-CAM8,1,1,1,0,OK,417,34640,0,0.0,1 worm clean,0.0
/Users/noursaad/Desktop/PTUT/Minipatches_light_20260116/20221121T205850_SmallPatches_C6-CAM5,1,1,0,0,WEIRD,18147,15974,889,0.0253927449300199,1 worm with errors,0.0253927449300199
/Users/noursaad/Desktop/PTUT/Minipatches_light_20260116/20221110T105517_SmallPatches_C3-CAM7,1,1,1,0,OK,1926,33002,0,0.0,1 worm clean,0.0
/Users/noursaad/Desktop/PTUT/Minipatches_light_20260116/20221012T200644_SmallPatches_C1-CAM6,1,1,1,0,OK,950,34021,0,0.0,1 worm clean,0.0
/Users/noursaad/Desktop/PTUT/Minipatches_light_20260116/20221015T201431_SmallPatches_C4-CAM8,1,1,0,0,WEIRD,916,34022,6,0.0001717032967032,1 worm with errors,0.0001717032967032
/Users/noursaad/Desktop/PTUT/Minipatches_light_20260116/20221117T200328_SmallPatches_C5-CAM7,0,1,0,1,NO WORM,0,0,0,0.0,0 worms,0.0
/Users/noursaad/Desktop/PTUT/Minipatches_light_20260116/20221119T203029_SmallPatches_C6-CAM3,1,1,1,1,NO WORM,0,0,0,0.0,0 worms,0.0
/Users/noursaad/Desktop/PTUT/Minipatches_light_20260116/20221115T113211_SmallPatches_C4-CAM1,1,1,1,0,OK,5023,29944,0,0.0,1 worm clean,0.0
/Users/noursaad/Desktop/PTUT/Minipatches_light_20260116/20221015T201543_SmallPatches_C5-CAM6,1,1,1,0,OK,6521,25076,0,0.0,1 worm clean,0.0
/Users/noursaad/Desktop/PTUT/Minipatches_light_20260116/20221125T233343_SmallPatches_C6-CAM2,1,1,1,0,OK,14505,20636,0,0.0,1 worm clean,0.0
/Users/noursaad/Desktop/PTUT/Minipatches_light_20260116/20221015T201431_SmallPatches_C4-CAM1,1,1,1,0,OK,14831,20092,0,0.0,1 worm clean,0.0
/Users/noursaad/Desktop/PTUT/Minipatches_light_20260116/20221125T232148_SmallPatches_C3-CAM4,1,1,1,0,OK,575,34657,0,0.0,1 worm clean,0.0
/Users/noursaad/Desktop/PTUT/Minipatches_light_20260116/20221017T202104_SmallPatches_C1-CAM3,1,1,1,1,NO WORM,0,0,0,0.0,0 worms,0.0
/Users/noursaad/Desktop/PTUT/Minipatches_light_20260116/20221126T114417_SmallPatches_C4-CAM6,1,1,1,0,OK,1185,33885,0,0.0,1 worm clean,0.0
/Users/noursaad/Desktop/PTUT/Minipatches_light_20260116/20221118T104744_SmallPatches_C5-CAM8,1,1,0,1,NO WORM,0,0,0,0.0,0 worms,0.0
/Users/noursaad/Desktop/PTUT/Minipatches_light_20260116/20221125T233336_SmallPatches_C5-CAM4,1,1,1,0,OK,10837,24202,0,0.0,1 worm clean,0.0
/Users/noursaad/Desktop/PTUT/Minipatches_light_20260116/20221015T111939_SmallPatches_C3-CAM7,1,1,1,0,OK,5036,30099,0,0.0,1 worm clean,0.0
/Users/noursaad/Desktop/PTUT/Minipatches_light_20260116/20221121T204538_SmallPatches_C1-CAM2,1,1,1,0,OK,570,11176,0,0.0,1 worm clean,0.0
/Users/noursaad/Desktop/PTUT/Minipatches_light_20260116/20221011T111318_SmallPatches_C2-CAM7,1,1,1,0,OK,271,33187,0,0.0,1 worm clean,0.0
/Users/noursaad/Desktop/PTUT/Minipatches_light_20260116/20221110T194358_SmallPatches_C4-CAM3,1,1,1,1,NO WORM,0,0,0,0.0,0 worms,0.0
/Users/noursaad/Desktop/PTUT/Minipatches_light_20260116/20221012T200644_SmallPatches_C1-CAM8,0,1,0,0,WEIRD,0,0,0,0.0,0 worms,0.0
/Users/noursaad/Desktop/PTUT/Minipatches_light_20260116/20221015T201431_SmallPatches_C4-CAM6,1,1,1,0,OK,1281,33705,0,0.0,1 worm clean,0.0
/Users/noursaad/Desktop/PTUT/Minipatches_light_20260116/20221125T233343_SmallPatches_C6-CAM5,1,1,1,0,OK,8606,26449,0,0.0,1 worm clean,0.0
/Users/noursaad/Desktop/PTUT/Minipatches_light_20260116/20221126T205114_SmallPatches_C6-CAM8,1,1,1,0,OK,7263,27885,0,0.0,1 worm clean,0.0
/Users/noursaad/Desktop/PTUT/Minipatches_light_20260116/20221115T113211_SmallPatches_C4-CAM6,1,1,0,0,WEIRD,6435,14086,14479,0.4136857142857142,2+ worms,0.4136857142857142
/Users/noursaad/Desktop/PTUT/Minipatches_light_20260116/20221119T203029_SmallPatches_C6-CAM4,1,1,1,0,OK,1592,33436,0,0.0,1 worm clean,0.0
/Users/noursaad/Desktop/PTUT/Minipatches_light_20260116/20221011T191645_SmallPatches_C3-CAM7,1,1,0,0,WEIRD,3054,31596,21,0.0006056935190793,1 worm with errors,0.0006056935190793
/Users/noursaad/Desktop/PTUT/Minipatches_light_20260116/20221110T194358_SmallPatches_C4-CAM4,1,1,1,0,OK,455,34542,0,0.0,1 worm clean,0.0
/Users/noursaad/Desktop/PTUT/Minipatches_light_20260116/20221125T233336_SmallPatches_C5-CAM3,1,1,0,1,NO WORM,0,0,0,0.0,0 worms,0.0
/Users/noursaad/Desktop/PTUT/Minipatches_light_20260116/20221121T204538_SmallPatches_C1-CAM5,1,1,1,1,NO WORM,0,0,0,0.0,0 worms,0.0
/Users/noursaad/Desktop/PTUT/Minipatches_light_20260116/20221122T103559_SmallPatches_C4-CAM7,1,1,1,1,NO WORM,0,0,0,0.0,0 worms,0.0
/Users/noursaad/Desktop/PTUT/Minipatches_light_20260116/20221121T120032_SmallPatches_C1-CAM5,1,1,1,0,OK,21717,13385,0,0.0,1 worm clean,0.0
/Users/noursaad/Desktop/PTUT/Minipatches_light_20260116/20221126T114417_SmallPatches_C4-CAM1,1,1,1,1,NO WORM,0,0,0,0.0,0 worms,0.0
/Users/noursaad/Desktop/PTUT/Minipatches_light_20260116/20221122T103611_SmallPatches_C6-CAM8,1,1,1,0,OK,378,34641,0,0.0,1 worm clean,0.0
/Users/noursaad/Desktop/PTUT/Minipatches_light_20260116/20221125T232148_SmallPatches_C3-CAM3,1,1,1,0,OK,6153,29063,0,0.0,1 worm clean,0.0
/Users/noursaad/Desktop/PTUT/Minipatches_light_20260116/20221126T203516_SmallPatches_C1-CAM8,1,1,1,0,OK,13916,20417,0,0.0,1 worm clean,0.0
/Users/noursaad/Desktop/PTUT/Minipatches_light_20260116/20221017T202104_SmallPatches_C1-CAM4,1,1,1,0,OK,4730,30436,0,0.0,1 worm clean,0.0
/Users/noursaad/Desktop/PTUT/Minipatches_light_20260116/20221013T115441_SmallPatches_C6-CAM8,0,1,0,0,WEIRD,0,0,0,0.0,0 worms,0.0
/Users/noursaad/Desktop/PTUT/Minipatches_light_20260116/20221125T144049_SmallPatches_C4-CAM1,1,1,1,0,OK,3275,5008,0,0.0,1 worm clean,0.0
/Users/noursaad/Desktop/PTUT/Minipatches_light_20260116/20221118T104750_SmallPatches_C6-CAM6,0,1,0,0,WEIRD,0,0,0,0.0,0 worms,0.0
/Users/noursaad/Desktop/PTUT/Minipatches_light_20260116/20221016T201712_SmallPatches_C1-CAM5,1,1,1,0,OK,5451,29681,0,0.0,1 worm clean,0.0
/Users/noursaad/Desktop/PTUT/Minipatches_light_20260116/20221117T200322_SmallPatches_C4-CAM1,1,1,1,0,OK,4357,30703,0,0.0,1 worm clean,0.0
/Users/noursaad/Desktop/PTUT/Minipatches_light_20260116/20221016T113125_SmallPatches_C2-CAM7,1,1,1,0,OK,1885,33249,0,0.0,1 worm clean,0.0
/Users/noursaad/Desktop/PTUT/Minipatches_light_20260116/20221126T112734_SmallPatches_C1-CAM4,1,1,1,0,OK,2277,32885,0,0.0,1 worm clean,0.0
/Users/noursaad/Desktop/PTUT/Minipatches_light_20260116/20221126T112823_SmallPatches_C2-CAM6,1,1,1,0,OK,2767,32428,0,0.0,1 worm clean,0.0
/Users/noursaad/Desktop/PTUT/Minipatches_light_20260116/20221123T115703_SmallPatches_C3-CAM8,0,1,0,0,WEIRD,0,0,0,0.0,0 worms,0.0
/Users/noursaad/Desktop/PTUT/Minipatches_light_20260116/20221016T113946_SmallPatches_C4-CAM2,0,1,0,0,WEIRD,0,0,0,0.0,0 worms,0.0
/Users/noursaad/Desktop/PTUT/Minipatches_light_20260116/20221117T200322_SmallPatches_C4-CAM6,0,1,0,0,WEIRD,0,0,0,0.0,0 worms,0.0
/Users/noursaad/Desktop/PTUT/Minipatches_light_20260116/20221016T201712_SmallPatches_C1-CAM2,1,1,1,0,OK,4985,30128,0,0.0,1 worm clean,0.0
/Users/noursaad/Desktop/PTUT/Minipatches_light_20260116/20221118T104750_SmallPatches_C6-CAM1,1,1,1,1,NO WORM,0,0,0,0.0,0 worms,0.0
/Users/noursaad/Desktop/PTUT/Minipatches_light_20260116/20221125T144049_SmallPatches_C4-CAM6,1,1,0,0,WEIRD,2346,20429,12282,0.3503437259320535,2+ worms,0.3503437259320535
/Users/noursaad/Desktop/PTUT/Minipatches_light_20260116/20221125T143343_SmallPatches_C3-CAM7,1,1,1,0,OK,8855,26193,0,0.0,1 worm clean,0.0
/Users/noursaad/Desktop/PTUT/Minipatches_light_20260116/20221016T113946_SmallPatches_C4-CAM5,0,1,0,1,NO WORM,0,0,0,0.0,0 worms,0.0
/Users/noursaad/Desktop/PTUT/Minipatches_light_20260116/20221012T203101_SmallPatches_C5-CAM4,1,1,1,0,OK,759,34224,0,0.0,1 worm clean,0.0
/Users/noursaad/Desktop/PTUT/Minipatches_light_20260116/20221126T112734_SmallPatches_C1-CAM3,1,1,1,1,NO WORM,0,0,0,0.0,0 worms,0.0
/Users/noursaad/Desktop/PTUT/Minipatches_light_20260116/20221121T205844_SmallPatches_C5-CAM5,1,1,0,0,WEIRD,1017,7450,26560,0.758272190024838,2+ worms,0.758272190024838
/Users/noursaad/Desktop/PTUT/Minipatches_light_20260116/20221121T120115_SmallPatches_C3-CAM2,1,1,1,0,OK,892,32738,0,0.0,1 worm clean,0.0
/Users/noursaad/Desktop/PTUT/Minipatches_light_20260116/distance_since_exit_analysis,0,0,0,0,NO WORM,0,0,0,0.0,0 worms,0.0
/Users/noursaad/Desktop/PTUT/Minipatches_light_20260116/20221013T200144_SmallPatches_C6-CAM7,1,1,1,0,OK,1663,23186,0,0.0,1 worm clean,0.0
/Users/noursaad/Desktop/PTUT/Minipatches_light_20260116/20221123T115703_SmallPatches_C3-CAM6,1,1,1,1,NO WORM,0,0,0,0.0,0 worms,0.0
/Users/noursaad/Desktop/PTUT/Minipatches_light_20260116/20221119T201756_SmallPatches_C2-CAM7,1,1,1,1,NO WORM,0,0,0,0.0,0 worms,0.0
/Users/noursaad/Desktop/PTUT/Minipatches_light_20260116/20221013T114809_SmallPatches_C3-CAM3,1,1,1,0,OK,506,32481,0,0.0,1 worm clean,0.0
/Users/noursaad/Desktop/PTUT/Minipatches_light_20260116/20221126T114429_SmallPatches_C6-CAM6,1,1,1,0,OK,442,34627,0,0.0,1 worm clean,0.0
/Users/noursaad/Desktop/PTUT/Minipatches_light_20260116/20221115T194401_SmallPatches_C4-CAM2,1,1,1,0,OK,5254,29765,0,0.0,1 worm clean,0.0
/Users/noursaad/Desktop/PTUT/Minipatches_light_20260116/20221012T200743_SmallPatches_C2-CAM7,1,1,1,0,OK,4648,30404,0,0.0,1 worm clean,0.0
/Users/noursaad/Desktop/PTUT/Minipatches_light_20260116/20221118T104750_SmallPatches_C6-CAM8,1,1,1,0,OK,3149,31935,0,0.0,1 worm clean,0.0
/Users/noursaad/Desktop/PTUT/Minipatches_light_20260116/20221015T195406_SmallPatches_C2-CAM3,1,1,1,0,OK,912,34213,0,0.0,1 worm clean,0.0
/Users/noursaad/Desktop/PTUT/Minipatches_light_20260116/20221013T115441_SmallPatches_C6-CAM6,1,1,1,0,OK,322,33118,0,0.0,1 worm clean,0.0
/Users/noursaad/Desktop/PTUT/Minipatches_light_20260116/20221123T211451_SmallPatches_C5-CAM3,1,1,1,0,OK,1302,33852,0,0.0,1 worm clean,0.0
/Users/noursaad/Desktop/PTUT/Minipatches_light_20260116/20221014T191156_SmallPatches_C1-CAM2,1,1,1,0,OK,533,34607,0,0.0,1 worm clean,0.0
/Users/noursaad/Desktop/PTUT/Minipatches_light_20260116/20221115T194401_SmallPatches_C4-CAM5,1,1,1,1,NO WORM,0,0,0,0.0,0 worms,0.0
/Users/noursaad/Desktop/PTUT/Minipatches_light_20260116/20221123T115703_SmallPatches_C3-CAM1,1,1,1,1,NO WORM,0,0,0,0.0,0 worms,0.0
/Users/noursaad/Desktop/PTUT/Minipatches_light_20260116/20221117T104110_SmallPatches_C2-CAM4,1,1,1,1,NO WORM,0,0,0,0.0,0 worms,0.0
/Users/noursaad/Desktop/PTUT/Minipatches_light_20260116/20221013T115441_SmallPatches_C6-CAM1,1,1,1,0,OK,5682,27770,0,0.0,1 worm clean,0.0
/Users/noursaad/Desktop/PTUT/Minipatches_light_20260116/20221123T211451_SmallPatches_C5-CAM4,0,1,0,0,WEIRD,0,0,0,0.0,0 worms,0.0
/Users/noursaad/Desktop/PTUT/Minipatches_light_20260116/20221014T191156_SmallPatches_C1-CAM5,1,1,1,0,OK,2815,32349,0,0.0,1 worm clean,0.0
/Users/noursaad/Desktop/PTUT/Minipatches_light_20260116/20221015T195406_SmallPatches_C2-CAM4,1,1,1,1,NO WORM,0,0,0,0.0,0 worms,0.0
/Users/noursaad/Desktop/PTUT/Minipatches_light_20260116/20221117T105407_SmallPatches_C4-CAM7,0,1,0,0,WEIRD,0,0,0,0.0,0 worms,0.0
/Users/noursaad/Desktop/PTUT/Minipatches_light_20260116/20221110T193022_SmallPatches_C1-CAM4,0,1,0,1,NO WORM,0,0,0,0.0,0 worms,0.0
/Users/noursaad/Desktop/PTUT/Minipatches_light_20260116/20221120T190723_SmallPatches_C1-CAM3,1,1,1,1,NO WORM,0,0,0,0.0,0 worms,0.0
/Users/noursaad/Desktop/PTUT/Minipatches_light_20260116/20221115T194409_SmallPatches_C5-CAM1,1,1,1,0,OK,6016,29012,0,0.0,1 worm clean,0.0
/Users/noursaad/Desktop/PTUT/Minipatches_light_20260116/20221116T194416_SmallPatches_C6-CAM2,0,1,0,0,WEIRD,0,0,0,0.0,0 worms,0.0
/Users/noursaad/Desktop/PTUT/Minipatches_light_20260116/20221121T121404_SmallPatches_C6-CAM8,1,1,1,0,OK,8309,26759,0,0.0,1 worm clean,0.0
/Users/noursaad/Desktop/PTUT/Minipatches_light_20260116/20221016T113100_SmallPatches_C3-CAM1,1,1,1,1,NO WORM,0,0,0,0.0,0 worms,0.0
/Users/noursaad/Desktop/PTUT/Minipatches_light_20260116/20221015T195345_SmallPatches_C3-CAM7,0,1,0,1,NO WORM,0,0,0,0.0,0 worms,0.0
/Users/noursaad/Desktop/PTUT/Minipatches_light_20260116/20221014T192717_SmallPatches_C5-CAM6,1,1,1,0,OK,707,34325,0,0.0,1 worm clean,0.0
/Users/noursaad/Desktop/PTUT/Minipatches_light_20260116/20221121T121351_SmallPatches_C4-CAM7,1,1,1,0,OK,22101,12556,0,0.0,1 worm clean,0.0
/Users/noursaad/Desktop/PTUT/Minipatches_light_20260116/20221017T202208_SmallPatches_C2-CAM2,1,1,1,0,OK,1718,31229,0,0.0,1 worm clean,0.0
/Users/noursaad/Desktop/PTUT/Minipatches_light_20260116/20221014T101612_SmallPatches_C2-CAM7,1,1,1,0,OK,377,34641,0,0.0,1 worm clean,0.0
/Users/noursaad/Desktop/PTUT/Minipatches_light_20260116/20221110T111030_SmallPatches_C6-CAM7,1,1,1,0,OK,2452,31005,0,0.0,1 worm clean,0.0
/Users/noursaad/Desktop/PTUT/Minipatches_light_20260116/20221123T120814_SmallPatches_C5-CAM7,1,1,1,0,OK,21859,13208,0,0.0,1 worm clean,0.0
/Users/noursaad/Desktop/PTUT/Minipatches_light_20260116/20221119T113711_SmallPatches_C1-CAM8,1,1,1,0,OK,2779,32425,0,0.0,1 worm clean,0.0
/Users/noursaad/Desktop/PTUT/Minipatches_light_20260116/20221122T102319_SmallPatches_C1-CAM6,1,1,1,1,NO WORM,0,0,0,0.0,0 worms,0.0
/Users/noursaad/Desktop/PTUT/Minipatches_light_20260116/20221123T210621_SmallPatches_C1-CAM7,0,1,0,1,NO WORM,0,0,0,0.0,0 worms,0.0
/Users/noursaad/Desktop/PTUT/Minipatches_light_20260116/20221012T203108_SmallPatches_C6-CAM2,1,1,1,0,OK,1971,32885,0,0.0,1 worm clean,0.0
/Users/noursaad/Desktop/PTUT/Minipatches_light_20260116/20221017T202208_SmallPatches_C2-CAM5,1,1,1,1,NO WORM,0,0,0,0.0,0 worms,0.0
/Users/noursaad/Desktop/PTUT/Minipatches_light_20260116/20221013T114833_SmallPatches_C2-CAM8,1,1,1,0,OK,314,33500,0,0.0,1 worm clean,0.0
/Users/noursaad/Desktop/PTUT/Minipatches_light_20260116/20221013T201234_SmallPatches_C1-CAM7,0,1,0,0,WEIRD,0,0,0,0.0,0 worms,0.0
/Users/noursaad/Desktop/PTUT/Minipatches_light_20260116/20221014T192717_SmallPatches_C5-CAM1,1,1,1,0,OK,3794,31161,0,0.0,1 worm clean,0.0
/Users/noursaad/Desktop/PTUT/Minipatches_light_20260116/20221121T205835_SmallPatches_C4-CAM8,1,1,0,0,WEIRD,29876,2573,159,0.0048761040235525,1 worm with errors,0.0048761040235525
/Users/noursaad/Desktop/PTUT/Minipatches_light_20260116/20221120T190723_SmallPatches_C1-CAM4,1,1,1,1,NO WORM,0,0,0,0.0,0 worms,0.0
/Users/noursaad/Desktop/PTUT/Minipatches_light_20260116/20221115T194409_SmallPatches_C5-CAM6,1,1,1,0,OK,694,34302,0,0.0,1 worm clean,0.0
/Users/noursaad/Desktop/PTUT/Minipatches_light_20260116/20221116T194416_SmallPatches_C6-CAM5,1,1,1,1,NO WORM,0,0,0,0.0,0 worms,0.0
/Users/noursaad/Desktop/PTUT/Minipatches_light_20260116/20221110T193022_SmallPatches_C1-CAM3,1,1,1,0,OK,8605,25994,0,0.0,1 worm clean,0.0
/Users/noursaad/Desktop/PTUT/Minipatches_light_20260116/20221123T120820_SmallPatches_C6-CAM8,0,1,0,0,WEIRD,0,0,0,0.0,0 worms,0.0
/Users/noursaad/Desktop/PTUT/Minipatches_light_20260116/20221012T203108_SmallPatches_C6-CAM5,1,1,1,0,OK,1854,33122,0,0.0,1 worm clean,0.0
/Users/noursaad/Desktop/PTUT/Minipatches_light_20260116/20221120T191908_SmallPatches_C6-CAM8,0,1,0,0,WEIRD,0,0,0,0.0,0 worms,0.0
/Users/noursaad/Desktop/PTUT/Minipatches_light_20260116/20221122T102319_SmallPatches_C1-CAM1,1,1,1,0,OK,22481,4642,0,0.0,1 worm clean,0.0
/Users/noursaad/Desktop/PTUT/Minipatches_light_20260116/20221017T203157_SmallPatches_C4-CAM2,1,1,1,1,NO WORM,0,0,0,0.0,0 worms,0.0
/Users/noursaad/Desktop/PTUT/Minipatches_light_20260116/20221122T193937_SmallPatches_C4-CAM8,1,1,0,0,WEIRD,447,10583,24053,0.6856027135649745,2+ worms,0.6856027135649745
/Users/noursaad/Desktop/PTUT/Minipatches_light_20260116/20221123T120820_SmallPatches_C6-CAM1,1,1,1,0,OK,8007,27126,0,0.0,1 worm clean,0.0
/Users/noursaad/Desktop/PTUT/Minipatches_light_20260116/20221117T105419_SmallPatches_C6-CAM1,1,1,1,1,NO WORM,0,0,0,0.0,0 worms,0.0
/Users/noursaad/Desktop/PTUT/Minipatches_light_20260116/20221011T192051_SmallPatches_C4-CAM4,1,1,1,0,OK,8305,26646,0,0.0,1 worm clean,0.0
/Users/noursaad/Desktop/PTUT/Minipatches_light_20260116/20221016T203314_SmallPatches_C5-CAM6,1,1,1,0,OK,3776,31309,0,0.0,1 worm clean,0.0
/Users/noursaad/Desktop/PTUT/Minipatches_light_20260116/20221017T111428_SmallPatches_C1-CAM3,0,1,0,0,WEIRD,0,0,0,0.0,0 worms,0.0
/Users/noursaad/Desktop/PTUT/Minipatches_light_20260116/20221122T102319_SmallPatches_C1-CAM8,1,1,0,1,NO WORM,0,0,0,0.0,0 worms,0.0
/Users/noursaad/Desktop/PTUT/Minipatches_light_20260116/20221120T191908_SmallPatches_C6-CAM1,1,1,1,1,NO WORM,0,0,0,0.0,0 worms,0.0
/Users/noursaad/Desktop/PTUT/Minipatches_light_20260116/20221119T113711_SmallPatches_C1-CAM6,1,1,1,1,NO WORM,0,0,0,0.0,0 worms,0.0
/Users/noursaad/Desktop/PTUT/Minipatches_light_20260116/20221117T104032_SmallPatches_C1-CAM4,1,1,1,0,OK,626,34565,0,0.0,1 worm clean,0.0
/Users/noursaad/Desktop/PTUT/Minipatches_light_20260116/20221122T193937_SmallPatches_C4-CAM1,1,1,1,0,OK,23427,11674,0,0.0,1 worm clean,0.0
/Users/noursaad/Desktop/PTUT/Minipatches_light_20260116/20221116T194402_SmallPatches_C4-CAM5,1,1,0,0,WEIRD,393,0,34634,0.98878008393525,2+ worms,0.98878008393525
/Users/noursaad/Desktop/PTUT/Minipatches_light_20260116/20221125T143338_SmallPatches_C2-CAM2,1,1,1,0,OK,2390,32695,0,0.0,1 worm clean,0.0
/Users/noursaad/Desktop/PTUT/Minipatches_light_20260116/20221014T192717_SmallPatches_C5-CAM8,1,1,1,1,NO WORM,0,0,0,0.0,0 worms,0.0
/Users/noursaad/Desktop/PTUT/Minipatches_light_20260116/20221121T121404_SmallPatches_C6-CAM6,1,1,1,0,OK,573,552,0,0.0,1 worm clean,0.0
/Users/noursaad/Desktop/PTUT/Minipatches_light_20260116/20221119T113711_SmallPatches_C1-CAM1,1,1,1,0,OK,8991,24569,0,0.0,1 worm clean,0.0
/Users/noursaad/Desktop/PTUT/Minipatches_light_20260116/20221117T104032_SmallPatches_C1-CAM3,1,1,1,1,NO WORM,0,0,0,0.0,0 worms,0.0
/Users/noursaad/Desktop/PTUT/Minipatches_light_20260116/20221122T193937_SmallPatches_C4-CAM6,0,1,0,0,WEIRD,0,0,0,0.0,0 worms,0.0
/Users/noursaad/Desktop/PTUT/Minipatches_light_20260116/20221120T191908_SmallPatches_C6-CAM6,1,1,1,0,OK,2792,32289,0,0.0,1 worm clean,0.0
/Users/noursaad/Desktop/PTUT/Minipatches_light_20260116/20221017T111428_SmallPatches_C1-CAM4,1,1,1,0,OK,3122,32043,0,0.0,1 worm clean,0.0
/Users/noursaad/Desktop/PTUT/Minipatches_light_20260116/20221123T120820_SmallPatches_C6-CAM6,0,1,0,1,NO WORM,0,0,0,0.0,0 worms,0.0
/Users/noursaad/Desktop/PTUT/Minipatches_light_20260116/20221011T192051_SmallPatches_C4-CAM3,1,1,1,0,OK,22966,11979,0,0.0,1 worm clean,0.0
/Users/noursaad/Desktop/PTUT/Minipatches_light_20260116/20221117T105419_SmallPatches_C6-CAM6,1,1,1,0,OK,8781,26196,0,0.0,1 worm clean,0.0
/Users/noursaad/Desktop/PTUT/Minipatches_light_20260116/20221016T203314_SmallPatches_C5-CAM1,0,1,0,1,NO WORM,0,0,0,0.0,0 worms,0.0
/Users/noursaad/Desktop/PTUT/Minipatches_light_20260116/20221115T193605_SmallPatches_C2-CAM4,1,1,1,1,NO WORM,0,0,0,0.0,0 worms,0.0
/Users/noursaad/Desktop/PTUT/Minipatches_light_20260116/20221115T194409_SmallPatches_C5-CAM8,1,1,0,1,NO WORM,0,0,0,0.0,0 worms,0.0
/Users/noursaad/Desktop/PTUT/Minipatches_light_20260116/20221121T121404_SmallPatches_C6-CAM1,1,1,1,0,OK,494,34601,0,0.0,1 worm clean,0.0
/Users/noursaad/Desktop/PTUT/Minipatches_light_20260116/20221016T113100_SmallPatches_C3-CAM8,1,1,1,1,NO WORM,0,0,0,0.0,0 worms,0.0
/Users/noursaad/Desktop/PTUT/Minipatches_light_20260116/20221014T191245_SmallPatches_C3-CAM7,1,1,1,0,OK,649,34421,0,0.0,1 worm clean,0.0
/Users/noursaad/Desktop/PTUT/Minipatches_light_20260116/20221116T194402_SmallPatches_C4-CAM2,1,1,1,1,NO WORM,0,0,0,0.0,0 worms,0.0
/Users/noursaad/Desktop/PTUT/Minipatches_light_20260116/20221013T114833_SmallPatches_C2-CAM6,0,1,0,0,WEIRD,0,0,0,0.0,0 worms,0.0
/Users/noursaad/Desktop/PTUT/Minipatches_light_20260116/20221115T194401_SmallPatches_C4-CAM4,0,1,0,0,WEIRD,0,0,0,0.0,0 worms,0.0
/Users/noursaad/Desktop/PTUT/Minipatches_light_20260116/20221013T200144_SmallPatches_C6-CAM8,1,1,1,0,OK,7421,27645,0,0.0,1 worm clean,0.0
/Users/noursaad/Desktop/PTUT/Minipatches_light_20260116/20221013T115434_SmallPatches_C5-CAM6,1,1,1,0,OK,6810,26641,0,0.0,1 worm clean,0.0
/Users/noursaad/Desktop/PTUT/Minipatches_light_20260116/20221012T200743_SmallPatches_C2-CAM1,1,1,1,0,OK,4456,30519,0,0.0,1 worm clean,0.0
/Users/noursaad/Desktop/PTUT/Minipatches_light_20260116/20221123T211451_SmallPatches_C5-CAM5,1,1,1,0,OK,2501,32561,0,0.0,1 worm clean,0.0
/Users/noursaad/Desktop/PTUT/Minipatches_light_20260116/20221125T143343_SmallPatches_C3-CAM8,1,1,1,0,OK,8547,26367,0,0.0,1 worm clean,0.0
/Users/noursaad/Desktop/PTUT/Minipatches_light_20260116/20221014T191156_SmallPatches_C1-CAM4,1,1,1,0,OK,25502,9607,0,0.0,1 worm clean,0.0
/Users/noursaad/Desktop/PTUT/Minipatches_light_20260116/20221013T115434_SmallPatches_C5-CAM1,1,1,1,0,OK,24777,8698,0,0.0,1 worm clean,0.0
/Users/noursaad/Desktop/PTUT/Minipatches_light_20260116/20221126T114429_SmallPatches_C6-CAM7,0,1,0,1,NO WORM,0,0,0,0.0,0 worms,0.0
/Users/noursaad/Desktop/PTUT/Minipatches_light_20260116/20221115T194401_SmallPatches_C4-CAM3,0,1,0,1,NO WORM,0,0,0,0.0,0 worms,0.0
/Users/noursaad/Desktop/PTUT/Minipatches_light_20260116/20221117T104110_SmallPatches_C2-CAM2,1,1,1,0,OK,1229,33885,0,0.0,1 worm clean,0.0
/Users/noursaad/Desktop/PTUT/Minipatches_light_20260116/20221119T201756_SmallPatches_C2-CAM6,1,1,1,0,OK,1106,34102,0,0.0,1 worm clean,0.0
/Users/noursaad/Desktop/PTUT/Minipatches_light_20260116/20221013T114809_SmallPatches_C3-CAM2,1,1,1,0,OK,1435,31578,0,0.0,1 worm clean,0.0
/Users/noursaad/Desktop/PTUT/Minipatches_light_20260116/20221118T104737_SmallPatches_C4-CAM1,1,1,0,1,NO WORM,0,0,0,0.0,0 worms,0.0
/Users/noursaad/Desktop/PTUT/Minipatches_light_20260116/20221015T195406_SmallPatches_C2-CAM2,1,1,0,1,NO WORM,0,0,0,0.0,0 worms,0.0
/Users/noursaad/Desktop/PTUT/Minipatches_light_20260116/20221123T211451_SmallPatches_C5-CAM2,1,1,1,0,OK,3362,31770,0,0.0,1 worm clean,0.0
/Users/noursaad/Desktop/PTUT/Minipatches_light_20260116/20221013T115441_SmallPatches_C6-CAM7,1,1,1,0,OK,3590,29925,0,0.0,1 worm clean,0.0
/Users/noursaad/Desktop/PTUT/Minipatches_light_20260116/20221014T191156_SmallPatches_C1-CAM3,0,1,0,1,NO WORM,0,0,0,0.0,0 worms,0.0
/Users/noursaad/Desktop/PTUT/Minipatches_light_20260116/20221012T200743_SmallPatches_C2-CAM6,1,1,1,0,OK,459,34579,0,0.0,1 worm clean,0.0
/Users/noursaad/Desktop/PTUT/Minipatches_light_20260116/20221125T143343_SmallPatches_C3-CAM6,1,1,1,0,OK,4045,30906,0,0.0,1 worm clean,0.0
/Users/noursaad/Desktop/PTUT/Minipatches_light_20260116/20221117T200322_SmallPatches_C4-CAM7,1,1,0,0,WEIRD,477,3202,31483,0.8953700017063876,2+ worms,0.8953700017063876
/Users/noursaad/Desktop/PTUT/Minipatches_light_20260116/20221016T201712_SmallPatches_C1-CAM3,1,1,1,1,NO WORM,0,0,0,0.0,0 worms,0.0
/Users/noursaad/Desktop/PTUT/Minipatches_light_20260116/20221013T115434_SmallPatches_C5-CAM8,1,1,1,0,OK,26786,6618,0,0.0,1 worm clean,0.0
/Users/noursaad/Desktop/PTUT/Minipatches_light_20260116/20221013T200144_SmallPatches_C6-CAM6,1,1,1,0,OK,377,34659,0,0.0,1 worm clean,0.0
/Users/noursaad/Desktop/PTUT/Minipatches_light_20260116/20221126T112734_SmallPatches_C1-CAM2,1,1,1,0,OK,14208,20939,0,0.0,1 worm clean,0.0
/Users/noursaad/Desktop/PTUT/Minipatches_light_20260116/20221012T203101_SmallPatches_C5-CAM5,0,1,0,0,WEIRD,0,0,0,0.0,0 worms,0.0
/Users/noursaad/Desktop/PTUT/Minipatches_light_20260116/20221016T113946_SmallPatches_C4-CAM4,0,1,0,1,NO WORM,0,0,0,0.0,0 worms,0.0
/Users/noursaad/Desktop/PTUT/Minipatches_light_20260116/20221016T201712_SmallPatches_C1-CAM4,1,1,1,0,OK,4926,29198,0,0.0,1 worm clean,0.0
/Users/noursaad/Desktop/PTUT/Minipatches_light_20260116/20221118T104750_SmallPatches_C6-CAM7,1,1,1,0,OK,12748,22305,0,0.0,1 worm clean,0.0
/Users/noursaad/Desktop/PTUT/Minipatches_light_20260116/20221012T200743_SmallPatches_C2-CAM8,1,1,1,0,OK,1499,33569,0,0.0,1 worm clean,0.0
/Users/noursaad/Desktop/PTUT/Minipatches_light_20260116/20221125T143343_SmallPatches_C3-CAM1,0,1,0,0,WEIRD,0,0,0,0.0,0 worms,0.0
/Users/noursaad/Desktop/PTUT/Minipatches_light_20260116/20221121T205844_SmallPatches_C5-CAM3,1,1,1,0,OK,3749,31388,0,0.0,1 worm clean,0.0
/Users/noursaad/Desktop/PTUT/Minipatches_light_20260116/20221116T102313_SmallPatches_C2-CAM2,1,1,1,0,OK,2663,32323,0,0.0,1 worm clean,0.0
/Users/noursaad/Desktop/PTUT/Minipatches_light_20260116/20221012T203101_SmallPatches_C5-CAM2,1,1,1,0,OK,317,34646,0,0.0,1 worm clean,0.0
/Users/noursaad/Desktop/PTUT/Minipatches_light_20260116/20221016T113946_SmallPatches_C4-CAM3,0,1,0,0,WEIRD,0,0,0,0.0,0 worms,0.0
/Users/noursaad/Desktop/PTUT/Minipatches_light_20260116/20221126T112734_SmallPatches_C1-CAM5,1,1,1,1,NO WORM,0,0,0,0.0,0 worms,0.0
/Users/noursaad/Desktop/PTUT/Minipatches_light_20260116/20221126T112823_SmallPatches_C2-CAM7,1,1,1,0,OK,3650,19838,0,0.0,1 worm clean,0.0
/Users/noursaad/Desktop/PTUT/Minipatches_light_20260116/20221013T200144_SmallPatches_C6-CAM1,1,1,1,0,OK,5613,29242,0,0.0,1 worm clean,0.0
/Users/noursaad/Desktop/PTUT/Minipatches_light_20260116/20221121T120115_SmallPatches_C3-CAM4,1,1,1,0,OK,630,34532,0,0.0,1 worm clean,0.0
/Users/noursaad/Desktop/PTUT/Minipatches_light_20260116/20221117T105419_SmallPatches_C6-CAM7,1,1,1,0,OK,32500,2464,0,0.0,1 worm clean,0.0
/Users/noursaad/Desktop/PTUT/Minipatches_light_20260116/20221011T192051_SmallPatches_C4-CAM2,1,1,1,0,OK,617,34325,0,0.0,1 worm clean,0.0
/Users/noursaad/Desktop/PTUT/Minipatches_light_20260116/20221123T120820_SmallPatches_C6-CAM7,1,1,1,1,NO WORM,0,0,0,0.0,0 worms,0.0
/Users/noursaad/Desktop/PTUT/Minipatches_light_20260116/20221017T111428_SmallPatches_C1-CAM5,1,1,1,0,OK,620,34555,0,0.0,1 worm clean,0.0
/Users/noursaad/Desktop/PTUT/Minipatches_light_20260116/20221122T193937_SmallPatches_C4-CAM7,1,1,1,0,OK,4378,30762,0,0.0,1 worm clean,0.0
/Users/noursaad/Desktop/PTUT/Minipatches_light_20260116/20221120T191908_SmallPatches_C6-CAM7,1,1,1,0,OK,480,34617,0,0.0,1 worm clean,0.0
/Users/noursaad/Desktop/PTUT/Minipatches_light_20260116/20221013T201234_SmallPatches_C1-CAM8,1,1,1,0,OK,4331,30596,0,0.0,1 worm clean,0.0
/Users/noursaad/Desktop/PTUT/Minipatches_light_20260116/20221116T194402_SmallPatches_C4-CAM3,0,1,0,0,WEIRD,0,0,0,0.0,0 worms,0.0
/Users/noursaad/Desktop/PTUT/Minipatches_light_20260116/20221013T114833_SmallPatches_C2-CAM7,1,1,0,0,WEIRD,249,4889,28665,0.8480016566576931,2+ worms,0.8480016566576931
/Users/noursaad/Desktop/PTUT/Minipatches_light_20260116/20221014T191245_SmallPatches_C3-CAM6,1,1,1,0,OK,4816,30240,0,0.0,1 worm clean,0.0
/Users/noursaad/Desktop/PTUT/Minipatches_light_20260116/20221123T210621_SmallPatches_C1-CAM8,1,1,1,0,OK,7246,27775,0,0.0,1 worm clean,0.0
/Users/noursaad/Desktop/PTUT/Minipatches_light_20260116/20221117T104032_SmallPatches_C1-CAM5,1,1,1,1,NO WORM,0,0,0,0.0,0 worms,0.0
/Users/noursaad/Desktop/PTUT/Minipatches_light_20260116/20221119T113711_SmallPatches_C1-CAM7,1,1,1,0,OK,13478,21704,0,0.0,1 worm clean,0.0
/Users/noursaad/Desktop/PTUT/Minipatches_light_20260116/20221110T111030_SmallPatches_C6-CAM8,1,1,1,0,OK,6387,28563,0,0.0,1 worm clean,0.0
/Users/noursaad/Desktop/PTUT/Minipatches_light_20260116/20221123T120814_SmallPatches_C5-CAM8,1,1,1,0,OK,498,34592,0,0.0,1 worm clean,0.0
/Users/noursaad/Desktop/PTUT/Minipatches_light_20260116/20221017T111428_SmallPatches_C1-CAM2,1,1,0,0,WEIRD,1536,17549,16095,0.4575042637862422,2+ worms,0.4575042637862422
/Users/noursaad/Desktop/PTUT/Minipatches_light_20260116/20221011T192051_SmallPatches_C4-CAM5,1,1,1,0,OK,447,34510,0,0.0,1 worm clean,0.0
/Users/noursaad/Desktop/PTUT/Minipatches_light_20260116/20221015T195345_SmallPatches_C3-CAM8,1,1,1,1,NO WORM,0,0,0,0.0,0 worms,0.0
/Users/noursaad/Desktop/PTUT/Minipatches_light_20260116/20221014T191245_SmallPatches_C3-CAM1,1,1,1,0,OK,389,34623,0,0.0,1 worm clean,0.0
/Users/noursaad/Desktop/PTUT/Minipatches_light_20260116/20221119T203018_SmallPatches_C4-CAM4,1,1,1,0,OK,4121,30801,0,0.0,1 worm clean,0.0
/Users/noursaad/Desktop/PTUT/Minipatches_light_20260116/20221121T121404_SmallPatches_C6-CAM7,1,1,1,0,OK,3223,31856,0,0.0,1 worm clean,0.0
/Users/noursaad/Desktop/PTUT/Minipatches_light_20260116/20221117T105407_SmallPatches_C4-CAM8,1,1,1,0,OK,7565,27434,0,0.0,1 worm clean,0.0
/Users/noursaad/Desktop/PTUT/Minipatches_light_20260116/20221116T194402_SmallPatches_C4-CAM4,1,1,1,0,OK,9164,25853,0,0.0,1 worm clean,0.0
/Users/noursaad/Desktop/PTUT/Minipatches_light_20260116/20221014T191245_SmallPatches_C3-CAM8,1,1,1,0,OK,3561,30674,0,0.0,1 worm clean,0.0
/Users/noursaad/Desktop/PTUT/Minipatches_light_20260116/20221015T195345_SmallPatches_C3-CAM1,1,1,1,0,OK,4042,30934,0,0.0,1 worm clean,0.0
/Users/noursaad/Desktop/PTUT/Minipatches_light_20260116/20221117T105407_SmallPatches_C4-CAM1,0,1,0,1,NO WORM,0,0,0,0.0,0 worms,0.0
/Users/noursaad/Desktop/PTUT/Minipatches_light_20260116/20221110T193022_SmallPatches_C1-CAM2,1,1,1,0,OK,7745,27237,0,0.0,1 worm clean,0.0
/Users/noursaad/Desktop/PTUT/Minipatches_light_20260116/20221116T194416_SmallPatches_C6-CAM4,1,1,1,0,OK,6882,28197,0,0.0,1 worm clean,0.0
/Users/noursaad/Desktop/PTUT/Minipatches_light_20260116/20221120T190723_SmallPatches_C1-CAM5,1,1,1,0,OK,6265,28804,0,0.0,1 worm clean,0.0
/Users/noursaad/Desktop/PTUT/Minipatches_light_20260116/20221115T194409_SmallPatches_C5-CAM7,1,1,1,0,OK,4363,30651,0,0.0,1 worm clean,0.0
/Users/noursaad/Desktop/PTUT/Minipatches_light_20260116/20221017T202208_SmallPatches_C2-CAM4,0,1,0,1,NO WORM,0,0,0,0.0,0 worms,0.0
/Users/noursaad/Desktop/PTUT/Minipatches_light_20260116/20221013T201234_SmallPatches_C1-CAM6,1,1,1,0,OK,8233,26685,0,0.0,1 worm clean,0.0
/Users/noursaad/Desktop/PTUT/Minipatches_light_20260116/20221017T203157_SmallPatches_C4-CAM3,1,1,1,0,OK,11256,23780,0,0.0,1 worm clean,0.0
/Users/noursaad/Desktop/PTUT/Minipatches_light_20260116/20221123T210621_SmallPatches_C1-CAM1,1,1,1,0,OK,27937,4495,0,0.0,1 worm clean,0.0
/Users/noursaad/Desktop/PTUT/Minipatches_light_20260116/20221012T203108_SmallPatches_C6-CAM4,0,1,0,1,NO WORM,0,0,0,0.0,0 worms,0.0
/Users/noursaad/Desktop/PTUT/Minipatches_light_20260116/20221110T111030_SmallPatches_C6-CAM1,1,1,0,0,WEIRD,690,15269,19002,0.5435199221990218,2+ worms,0.5435199221990218
/Users/noursaad/Desktop/PTUT/Minipatches_light_20260116/20221123T120814_SmallPatches_C5-CAM1,1,1,1,0,OK,2858,32248,0,0.0,1 worm clean,0.0
/Users/noursaad/Desktop/PTUT/Minipatches_light_20260116/20221013T201234_SmallPatches_C1-CAM1,1,1,0,0,WEIRD,307,3965,30688,0.8778032036613272,2+ worms,0.8778032036613272
/Users/noursaad/Desktop/PTUT/Minipatches_light_20260116/20221014T192717_SmallPatches_C5-CAM7,1,1,1,1,NO WORM,0,0,0,0.0,0 worms,0.0
/Users/noursaad/Desktop/PTUT/Minipatches_light_20260116/20221116T194416_SmallPatches_C6-CAM3,1,1,1,0,OK,6031,29029,0,0.0,1 worm clean,0.0
/Users/noursaad/Desktop/PTUT/Minipatches_light_20260116/20221120T190723_SmallPatches_C1-CAM2,1,1,1,1,NO WORM,0,0,0,0.0,0 worms,0.0
/Users/noursaad/Desktop/PTUT/Minipatches_light_20260116/20221117T105407_SmallPatches_C4-CAM6,1,1,1,1,NO WORM,0,0,0,0.0,0 worms,0.0
/Users/noursaad/Desktop/PTUT/Minipatches_light_20260116/20221110T193022_SmallPatches_C1-CAM5,1,1,1,0,OK,522,34465,0,0.0,1 worm clean,0.0
/Users/noursaad/Desktop/PTUT/Minipatches_light_20260116/20221015T195345_SmallPatches_C3-CAM6,1,1,1,0,OK,3325,30982,0,0.0,1 worm clean,0.0
/Users/noursaad/Desktop/PTUT/Minipatches_light_20260116/20221110T111030_SmallPatches_C6-CAM6,0,1,0,0,WEIRD,0,0,0,0.0,0 worms,0.0
/Users/noursaad/Desktop/PTUT/Minipatches_light_20260116/20221123T120814_SmallPatches_C5-CAM6,0,1,0,0,WEIRD,0,0,0,0.0,0 worms,0.0
/Users/noursaad/Desktop/PTUT/Minipatches_light_20260116/20221123T210621_SmallPatches_C1-CAM6,1,1,1,0,OK,480,34530,0,0.0,1 worm clean,0.0
/Users/noursaad/Desktop/PTUT/Minipatches_light_20260116/20221017T203157_SmallPatches_C4-CAM4,1,1,1,0,OK,828,34223,0,0.0,1 worm clean,0.0
/Users/noursaad/Desktop/PTUT/Minipatches_light_20260116/20221122T102319_SmallPatches_C1-CAM7,1,1,1,1,NO WORM,0,0,0,0.0,0 worms,0.0
