Path to each video;ID conserved of an individual;noise or worm ?;Comments
Minipatches_light_20260116/20221116T194416_SmallPatches_C6-CAM6;1;worm;1 worm
Minipatches_light_20260116/20221116T194416_SmallPatches_C6-CAM6;2;noise;
Minipatches_light_20260116/20221116T194416_SmallPatches_C6-CAM6;3;noise;
Minipatches_light_20260116/20221116T194416_SmallPatches_C6-CAM6;4;noise;
Minipatches_light_20260116/20221116T194416_SmallPatches_C6-CAM6;5;noise;
Minipatches_light_20260116/20221116T194416_SmallPatches_C6-CAM6;6;noise;
Minipatches_light_20260116/20221116T194416_SmallPatches_C6-CAM6;7;noise;
Minipatches_light_20260116/20221116T194416_SmallPatches_C6-CAM6;8;noise;
Minipatches_light_20260116/20221116T194416_SmallPatches_C6-CAM6;9;noise;
Minipatches_light_20260116/20221116T194416_SmallPatches_C6-CAM6;10;noise;
Minipatches_light_20260116/20221116T194416_SmallPatches_C6-CAM6;11;noise;
Minipatches_light_20260116/20221116T194416_SmallPatches_C6-CAM6;12;noise;
Minipatches_light_20260116/20221116T194416_SmallPatches_C6-CAM6;13;noise;
Minipatches_light_20260116/20221116T194416_SmallPatches_C6-CAM6;14;noise;
Minipatches_light_20260116/20221116T194416_SmallPatches_C6-CAM6;15;noise;
Minipatches_light_20260116/20221116T194416_SmallPatches_C6-CAM6;16;noise;
Minipatches_light_20260116/20221116T194416_SmallPatches_C6-CAM6;17;noise;
Minipatches_light_20260116/20221116T194416_SmallPatches_C6-CAM6;18;noise;
Minipatches_light_20260116/20221117T200322_SmallPatches_C4-CAM4;1;worm;1 worm
Minipatches_light_20260116/20221117T200322_SmallPatches_C4-CAM4;2;noise;
Minipatches_light_20260116/20221117T200322_SmallPatches_C4-CAM4;3;noise;
Minipatches_light_20260116/20221117T200322_SmallPatches_C4-CAM4;4;noise;
Minipatches_light_20260116/20221117T200322_SmallPatches_C4-CAM4;5;noise;
Minipatches_light_20260116/20221117T200322_SmallPatches_C4-CAM4;6;noise;
Minipatches_light_20260116/20221117T200322_SmallPatches_C4-CAM4;7;noise;
Minipatches_light_20260116/20221117T200322_SmallPatches_C4-CAM4;8;noise;
Minipatches_light_20260116/20221117T200322_SmallPatches_C4-CAM4;9;noise;
Minipatches_light_20260116/20221117T200322_SmallPatches_C4-CAM4;10;noise;
Minipatches_light_20260116/20221117T200322_SmallPatches_C4-CAM4;11;noise;
Minipatches_light_20260116/20221117T200322_SmallPatches_C4-CAM4;12;noise;
Minipatches_light_20260116/20221117T200322_SmallPatches_C4-CAM4;13;noise;
Minipatches_light_20260116/20221117T200322_SmallPatches_C4-CAM4;14;noise;
Minipatches_light_20260116/20221117T200322_SmallPatches_C4-CAM4;15;noise;
Minipatches_light_20260116/20221117T200322_SmallPatches_C4-CAM4;16;noise;
Minipatches_light_20260116/20221117T200322_SmallPatches_C4-CAM4;17;noise;
Minipatches_light_20260116/20221117T200322_SmallPatches_C4-CAM4;18;noise;
Minipatches_light_20260116/20221117T200322_SmallPatches_C4-CAM4;19;noise;
Minipatches_light_20260116/20221117T200322_SmallPatches_C4-CAM4;20;noise;
Minipatches_light_20260116/20221117T200322_SmallPatches_C4-CAM4;21;noise;
Minipatches_light_20260116/20221117T200322_SmallPatches_C4-CAM4;22;noise;
Minipatches_light_20260116/20221117T200322_SmallPatches_C4-CAM4;23;noise;
Minipatches_light_20260116/20221117T200322_SmallPatches_C4-CAM4;24;noise;
Minipatches_light_20260116/20221117T200322_SmallPatches_C4-CAM4;25;noise;
Minipatches_light_20260116/20221117T200322_SmallPatches_C4-CAM4;26;noise;
Minipatches_light_20260116/20221117T200322_SmallPatches_C4-CAM4;27;noise;
Minipatches_light_20260116/20221117T200322_SmallPatches_C4-CAM4;28;noise;
Minipatches_light_20260116/20221117T200322_SmallPatches_C4-CAM4;29;noise;
Minipatches_light_20260116/20221117T200322_SmallPatches_C4-CAM4;30;noise;
Minipatches_light_20260116/20221117T200322_SmallPatches_C4-CAM4;31;noise;
Minipatches_light_20260116/20221117T200322_SmallPatches_C4-CAM4;32;noise;
Minipatches_light_20260116/20221117T200322_SmallPatches_C4-CAM4;33;noise;
Minipatches_light_20260116/20221117T200322_SmallPatches_C4-CAM4;34;noise;
Minipatches_light_20260116/20221117T200322_SmallPatches_C4-CAM4;35;noise;
Minipatches_light_20260116/20221117T200322_SmallPatches_C4-CAM4;36;noise;
Minipatches_light_20260116/20221117T200322_SmallPatches_C4-CAM4;37;noise;
Minipatches_light_20260116/20221117T200322_SmallPatches_C4-CAM4;38;noise;
Minipatches_light_20260116/20221117T200322_SmallPatches_C4-CAM4;39;noise;
Minipatches_light_20260116/20221117T200322_SmallPatches_C4-CAM4;40;noise;
Minipatches_light_20260116/20221117T200322_SmallPatches_C4-CAM4;41;noise;
Minipatches_light_20260116/20221117T200322_SmallPatches_C4-CAM4;42;noise;
Minipatches_light_20260116/20221117T200322_SmallPatches_C4-CAM4;43;noise;
Minipatches_light_20260116/20221117T200322_SmallPatches_C4-CAM4;44;noise;
Minipatches_light_20260116/20221117T200322_SmallPatches_C4-CAM4;45;noise;
Minipatches_light_20260116/20221117T200322_SmallPatches_C4-CAM4;46;noise;
Minipatches_light_20260116/20221117T200322_SmallPatches_C4-CAM4;47;noise;
Minipatches_light_20260116/20221117T200322_SmallPatches_C4-CAM4;48;noise;
Minipatches_light_20260116/20221117T200322_SmallPatches_C4-CAM4;49;noise;
Minipatches_light_20260116/20221117T200322_SmallPatches_C4-CAM4;50;noise;
Minipatches_light_20260116/20221117T200322_SmallPatches_C4-CAM4;51;noise;
Minipatches_light_20260116/20221117T200322_SmallPatches_C4-CAM4;52;noise;
Minipatches_light_20260116/20221117T200322_SmallPatches_C4-CAM4;53;noise;
Minipatches_light_20260116/20221117T200322_SmallPatches_C4-CAM4;54;noise;
Minipatches_light_20260116/20221117T200322_SmallPatches_C4-CAM4;55;noise;
Minipatches_light_20260116/20221117T200322_SmallPatches_C4-CAM4;56;noise;
Minipatches_light_20260116/20221117T200322_SmallPatches_C4-CAM4;57;noise;
Minipatches_light_20260116/20221117T200322_SmallPatches_C4-CAM4;58;noise;
Minipatches_light_20260116/20221117T200322_SmallPatches_C4-CAM4;59;noise;
Minipatches_light_20260116/20221117T200322_SmallPatches_C4-CAM4;60;noise;
Minipatches_light_20260116/20221117T200322_SmallPatches_C4-CAM4;61;noise;
Minipatches_light_20260116/20221117T200322_SmallPatches_C4-CAM4;62;noise;
Minipatches_light_20260116/20221117T200322_SmallPatches_C4-CAM4;63;noise;
Minipatches_light_20260116/20221117T200322_SmallPatches_C4-CAM4;64;noise;
Minipatches_light_20260116/20221117T200322_SmallPatches_C4-CAM4;65;noise;
Minipatches_light_20260116/20221117T200322_SmallPatches_C4-CAM4;66;noise;
Minipatches_light_20260116/20221117T200322_SmallPatches_C4-CAM4;67;noise;
Minipatches_light_20260116/20221117T200322_SmallPatches_C4-CAM4;68;noise;
Minipatches_light_20260116/20221117T200322_SmallPatches_C4-CAM4;69;noise;
Minipatches_light_20260116/20221117T200322_SmallPatches_C4-CAM4;70;noise;
Minipatches_light_20260116/20221117T200322_SmallPatches_C4-CAM4;71;noise;
Minipatches_light_20260116/20221117T200322_SmallPatches_C4-CAM4;72;noise;
Minipatches_light_20260116/20221117T200322_SmallPatches_C4-CAM4;73;noise;
Minipatches_light_20260116/20221117T200322_SmallPatches_C4-CAM4;74;noise;
Minipatches_light_20260116/20221117T200322_SmallPatches_C4-CAM4;75;noise;
Minipatches_light_20260116/20221117T200322_SmallPatches_C4-CAM4;76;noise;
Minipatches_light_20260116/20221016T114101_SmallPatches_C5-CAM2;1;worm;1 worm
Minipatches_light_20260116/20221016T114101_SmallPatches_C5-CAM2;2;noise;
Minipatches_light_20260116/20221016T114101_SmallPatches_C5-CAM2;3;noise;
Minipatches_light_20260116/20221016T114101_SmallPatches_C5-CAM2;4;noise;
Minipatches_light_20260116/20221016T114101_SmallPatches_C5-CAM2;5;noise;
Minipatches_light_20260116/20221016T114101_SmallPatches_C5-CAM2;6;noise;
Minipatches_light_20260116/20221016T114101_SmallPatches_C5-CAM2;7;noise;
Minipatches_light_20260116/20221016T114101_SmallPatches_C5-CAM2;8;noise;
Minipatches_light_20260116/20221016T114101_SmallPatches_C5-CAM2;9;noise;
Minipatches_light_20260116/20221016T114101_SmallPatches_C5-CAM2;10;noise;
Minipatches_light_20260116/20221016T114101_SmallPatches_C5-CAM2;11;noise;
Minipatches_light_20260116/20221016T114101_SmallPatches_C5-CAM2;12;noise;
Minipatches_light_20260116/20221016T114101_SmallPatches_C5-CAM2;13;noise;
Minipatches_light_20260116/20221016T114101_SmallPatches_C5-CAM2;14;noise;
Minipatches_light_20260116/20221015T195406_SmallPatches_C2-CAM3;1;worm;1 worm
Minipatches_light_20260116/20221015T195406_SmallPatches_C2-CAM3;2;noise;
Minipatches_light_20260116/20221015T195406_SmallPatches_C2-CAM3;3;noise;
Minipatches_light_20260116/20221015T195406_SmallPatches_C2-CAM3;4;noise;
Minipatches_light_20260116/20221015T195406_SmallPatches_C2-CAM3;5;noise;
Minipatches_light_20260116/20221015T195406_SmallPatches_C2-CAM3;6;noise;
Minipatches_light_20260116/20221015T195406_SmallPatches_C2-CAM3;7;noise;
Minipatches_light_20260116/20221015T195406_SmallPatches_C2-CAM3;8;noise;
Minipatches_light_20260116/20221015T195406_SmallPatches_C2-CAM3;9;noise;
Minipatches_light_20260116/20221015T195406_SmallPatches_C2-CAM3;10;noise;
Minipatches_light_20260116/20221015T195406_SmallPatches_C2-CAM3;11;noise;
Minipatches_light_20260116/20221015T195406_SmallPatches_C2-CAM3;12;noise;
Minipatches_light_20260116/20221015T195406_SmallPatches_C2-CAM3;13;noise;
Minipatches_light_20260116/20221015T195406_SmallPatches_C2-CAM3;14;noise;
Minipatches_light_20260116/20221015T195406_SmallPatches_C2-CAM3;15;noise;
Minipatches_light_20260116/20221015T195406_SmallPatches_C2-CAM3;16;noise;
Minipatches_light_20260116/20221015T195406_SmallPatches_C2-CAM3;17;noise;
Minipatches_light_20260116/20221015T195406_SmallPatches_C2-CAM3;18;noise;
Minipatches_light_20260116/20221015T201431_SmallPatches_C4-CAM4;NA;NA;no traj.csv file
Minipatches_light_20260116/20221115T194416_SmallPatches_C6-CAM4;1;worm;1 worm
Minipatches_light_20260116/20221115T194416_SmallPatches_C6-CAM4;2;noise;
Minipatches_light_20260116/20221115T194416_SmallPatches_C6-CAM4;3;noise;
Minipatches_light_20260116/20221115T194416_SmallPatches_C6-CAM4;4;noise;
Minipatches_light_20260116/20221115T194416_SmallPatches_C6-CAM4;5;noise;
Minipatches_light_20260116/20221115T194416_SmallPatches_C6-CAM4;6;noise;
Minipatches_light_20260116/20221115T194416_SmallPatches_C6-CAM4;7;noise;
Minipatches_light_20260116/20221115T194416_SmallPatches_C6-CAM4;8;noise;
Minipatches_light_20260116/20221115T194416_SmallPatches_C6-CAM4;9;noise;
Minipatches_light_20260116/20221115T194416_SmallPatches_C6-CAM4;10;noise;
Minipatches_light_20260116/20221115T194416_SmallPatches_C6-CAM4;11;noise;
Minipatches_light_20260116/20221115T194416_SmallPatches_C6-CAM4;12;noise;
Minipatches_light_20260116/20221115T194416_SmallPatches_C6-CAM4;13;noise;
Minipatches_light_20260116/20221115T194416_SmallPatches_C6-CAM4;14;noise;
Minipatches_light_20260116/20221115T194416_SmallPatches_C6-CAM4;15;noise;
Minipatches_light_20260116/20221115T194416_SmallPatches_C6-CAM4;16;noise;
Minipatches_light_20260116/20221115T194416_SmallPatches_C6-CAM4;17;noise;
Minipatches_light_20260116/20221115T194416_SmallPatches_C6-CAM4;18;noise;
Minipatches_light_20260116/20221115T194416_SmallPatches_C6-CAM4;19;noise;
Minipatches_light_20260116/20221115T194416_SmallPatches_C6-CAM4;20;noise;
Minipatches_light_20260116/20221115T194416_SmallPatches_C6-CAM4;21;noise;
Minipatches_light_20260116/20221115T194416_SmallPatches_C6-CAM4;22;noise;
Minipatches_light_20260116/20221115T194416_SmallPatches_C6-CAM4;23;noise;
Minipatches_light_20260116/20221115T194416_SmallPatches_C6-CAM4;24;noise;
Minipatches_light_20260116/20221115T194416_SmallPatches_C6-CAM4;25;noise;
Minipatches_light_20260116/20221115T194416_SmallPatches_C6-CAM4;26;noise;
Minipatches_light_20260116/20221115T194416_SmallPatches_C6-CAM4;27;noise;
Minipatches_light_20260116/20221115T194416_SmallPatches_C6-CAM4;28;noise;
Minipatches_light_20260116/20221115T194416_SmallPatches_C6-CAM4;29;noise;
Minipatches_light_20260116/20221115T194416_SmallPatches_C6-CAM4;30;noise;
Minipatches_light_20260116/20221117T200322_SmallPatches_C4-CAM6;NA;NA;no traj.csv file
Minipatches_light_20260116/20221115T113211_SmallPatches_C4-CAM1;1;worm;1 worm
Minipatches_light_20260116/20221115T113211_SmallPatches_C4-CAM1;2;noise;
Minipatches_light_20260116/20221115T113211_SmallPatches_C4-CAM1;3;noise;
Minipatches_light_20260116/20221115T113211_SmallPatches_C4-CAM1;4;noise;
Minipatches_light_20260116/20221115T113211_SmallPatches_C4-CAM1;5;noise;
Minipatches_light_20260116/20221115T113211_SmallPatches_C4-CAM1;6;noise;
Minipatches_light_20260116/20221115T113211_SmallPatches_C4-CAM1;7;noise;
Minipatches_light_20260116/20221115T113211_SmallPatches_C4-CAM1;8;noise;
Minipatches_light_20260116/20221115T113211_SmallPatches_C4-CAM1;9;noise;
Minipatches_light_20260116/20221115T113211_SmallPatches_C4-CAM1;10;noise;
Minipatches_light_20260116/20221115T113211_SmallPatches_C4-CAM1;11;noise;
Minipatches_light_20260116/20221115T113211_SmallPatches_C4-CAM1;12;noise;
Minipatches_light_20260116/20221115T113211_SmallPatches_C4-CAM1;13;noise;
Minipatches_light_20260116/20221115T113211_SmallPatches_C4-CAM1;14;noise;
Minipatches_light_20260116/20221115T113211_SmallPatches_C4-CAM1;15;noise;
Minipatches_light_20260116/20221115T113211_SmallPatches_C4-CAM1;16;noise;
Minipatches_light_20260116/20221115T113211_SmallPatches_C4-CAM1;17;noise;
Minipatches_light_20260116/20221115T113211_SmallPatches_C4-CAM1;18;noise;
Minipatches_light_20260116/20221115T113211_SmallPatches_C4-CAM1;19;noise;
Minipatches_light_20260116/20221115T113211_SmallPatches_C4-CAM1;20;noise;
Minipatches_light_20260116/20221115T113211_SmallPatches_C4-CAM1;21;noise;
Minipatches_light_20260116/20221115T113211_SmallPatches_C4-CAM1;22;noise;
Minipatches_light_20260116/20221115T113211_SmallPatches_C4-CAM1;23;noise;
Minipatches_light_20260116/20221115T113211_SmallPatches_C4-CAM1;24;noise;
Minipatches_light_20260116/20221013T200138_SmallPatches_C5-CAM1;1;worm;1 worm
Minipatches_light_20260116/20221013T200138_SmallPatches_C5-CAM1;2;noise;
Minipatches_light_20260116/20221013T200138_SmallPatches_C5-CAM1;3;noise;
Minipatches_light_20260116/20221013T200138_SmallPatches_C5-CAM1;4;noise;
Minipatches_light_20260116/20221013T200138_SmallPatches_C5-CAM1;5;noise;
Minipatches_light_20260116/20221013T200138_SmallPatches_C5-CAM1;6;noise;
Minipatches_light_20260116/20221013T200138_SmallPatches_C5-CAM1;7;noise;
Minipatches_light_20260116/20221013T200138_SmallPatches_C5-CAM1;8;noise;
Minipatches_light_20260116/20221013T200138_SmallPatches_C5-CAM1;9;noise;
Minipatches_light_20260116/20221013T200138_SmallPatches_C5-CAM1;10;noise;
Minipatches_light_20260116/20221013T200138_SmallPatches_C5-CAM1;11;noise;
Minipatches_light_20260116/20221013T200138_SmallPatches_C5-CAM1;12;noise;
Minipatches_light_20260116/20221013T200138_SmallPatches_C5-CAM1;13;noise;
Minipatches_light_20260116/20221013T200138_SmallPatches_C5-CAM1;14;noise;
Minipatches_light_20260116/20221013T200138_SmallPatches_C5-CAM1;15;noise;
Minipatches_light_20260116/20221013T200138_SmallPatches_C5-CAM1;16;noise;
Minipatches_light_20260116/20221013T200138_SmallPatches_C5-CAM1;17;noise;
Minipatches_light_20260116/20221013T200138_SmallPatches_C5-CAM1;18;noise;
Minipatches_light_20260116/20221013T200138_SmallPatches_C5-CAM1;19;noise;
Minipatches_light_20260116/20221013T200138_SmallPatches_C5-CAM1;20;noise;
Minipatches_light_20260116/20221013T200138_SmallPatches_C5-CAM1;21;noise;
Minipatches_light_20260116/20221013T200138_SmallPatches_C5-CAM1;22;noise;
Minipatches_light_20260116/20221013T200138_SmallPatches_C5-CAM1;23;noise;
Minipatches_light_20260116/20221013T200138_SmallPatches_C5-CAM1;24;noise;
Minipatches_light_20260116/20221013T200138_SmallPatches_C5-CAM1;25;noise;
Minipatches_light_20260116/20221013T200138_SmallPatches_C5-CAM1;26;noise;
Minipatches_light_20260116/20221013T200138_SmallPatches_C5-CAM1;27;noise;
Minipatches_light_20260116/20221013T200138_SmallPatches_C5-CAM1;28;noise;
Minipatches_light_20260116/20221013T200138_SmallPatches_C5-CAM1;29;noise;
Minipatches_light_20260116/20221013T200138_SmallPatches_C5-CAM1;30;noise;
Minipatches_light_20260116/20221013T200138_SmallPatches_C5-CAM1;31;noise;
Minipatches_light_20260116/20221013T200138_SmallPatches_C5-CAM1;32;noise;
Minipatches_light_20260116/20221013T200138_SmallPatches_C5-CAM1;33;noise;
Minipatches_light_20260116/20221013T200138_SmallPatches_C5-CAM1;34;noise;
Minipatches_light_20260116/20221013T200138_SmallPatches_C5-CAM1;35;noise;
Minipatches_light_20260116/20221013T200138_SmallPatches_C5-CAM1;36;noise;
Minipatches_light_20260116/20221013T200138_SmallPatches_C5-CAM1;37;noise;
Minipatches_light_20260116/20221013T200138_SmallPatches_C5-CAM1;38;noise;
Minipatches_light_20260116/20221013T200138_SmallPatches_C5-CAM1;39;noise;
Minipatches_light_20260116/20221013T200138_SmallPatches_C5-CAM1;40;noise;
Minipatches_light_20260116/20221013T200138_SmallPatches_C5-CAM1;41;noise;
Minipatches_light_20260116/20221013T200138_SmallPatches_C5-CAM1;42;noise;
Minipatches_light_20260116/20221013T200138_SmallPatches_C5-CAM1;43;noise;
Minipatches_light_20260116/20221013T200138_SmallPatches_C5-CAM1;44;noise;
Minipatches_light_20260116/20221013T200138_SmallPatches_C5-CAM1;45;noise;
Minipatches_light_20260116/20221013T200138_SmallPatches_C5-CAM1;46;noise;
Minipatches_light_20260116/20221013T200138_SmallPatches_C5-CAM1;47;noise;
Minipatches_light_20260116/20221013T200138_SmallPatches_C5-CAM1;48;noise;
Minipatches_light_20260116/20221013T200138_SmallPatches_C5-CAM1;49;noise;
Minipatches_light_20260116/20221013T200138_SmallPatches_C5-CAM1;50;noise;
Minipatches_light_20260116/20221013T200138_SmallPatches_C5-CAM1;51;noise;
Minipatches_light_20260116/20221013T200138_SmallPatches_C5-CAM1;52;noise;
Minipatches_light_20260116/20221013T200138_SmallPatches_C5-CAM1;53;noise;
Minipatches_light_20260116/20221013T200138_SmallPatches_C5-CAM1;54;noise;
Minipatches_light_20260116/20221013T200138_SmallPatches_C5-CAM1;55;noise;
Minipatches_light_20260116/20221013T200138_SmallPatches_C5-CAM1;56;noise;
Minipatches_light_20260116/20221013T200138_SmallPatches_C5-CAM1;57;noise;
Minipatches_light_20260116/20221013T200138_SmallPatches_C5-CAM1;58;noise;
Minipatches_light_20260116/20221013T200138_SmallPatches_C5-CAM1;59;noise;
Minipatches_light_20260116/20221013T200138_SmallPatches_C5-CAM1;60;noise;
Minipatches_light_20260116/20221013T200138_SmallPatches_C5-CAM1;61;noise;
Minipatches_light_20260116/20221013T200138_SmallPatches_C5-CAM1;62;noise;
Minipatches_light_20260116/20221013T200138_SmallPatches_C5-CAM1;63;noise;
Minipatches_light_20260116/20221013T200138_SmallPatches_C5-CAM1;64;noise;
Minipatches_light_20260116/20221013T200138_SmallPatches_C5-CAM1;65;noise;
Minipatches_light_20260116/20221013T200138_SmallPatches_C5-CAM1;66;noise;
Minipatches_light_20260116/20221013T200138_SmallPatches_C5-CAM1;67;noise;
Minipatches_light_20260116/20221013T200138_SmallPatches_C5-CAM1;68;noise;
Minipatches_light_20260116/20221013T200138_SmallPatches_C5-CAM1;69;noise;
Minipatches_light_20260116/20221013T200138_SmallPatches_C5-CAM1;70;noise;
Minipatches_light_20260116/20221013T200138_SmallPatches_C5-CAM1;71;noise;
Minipatches_light_20260116/20221013T200138_SmallPatches_C5-CAM1;72;noise;
Minipatches_light_20260116/20221013T200138_SmallPatches_C5-CAM1;73;noise;
Minipatches_light_20260116/20221013T200138_SmallPatches_C5-CAM1;74;noise;
Minipatches_light_20260116/20221013T200138_SmallPatches_C5-CAM1;75;noise;
Minipatches_light_20260116/20221013T200138_SmallPatches_C5-CAM1;76;noise;
Minipatches_light_20260116/20221013T200138_SmallPatches_C5-CAM1;77;noise;
Minipatches_light_20260116/20221013T200138_SmallPatches_C5-CAM1;78;noise;
Minipatches_light_20260116/20221013T200138_SmallPatches_C5-CAM1;79;noise;
Minipatches_light_20260116/20221013T200138_SmallPatches_C5-CAM1;80;noise;
Minipatches_light_20260116/20221013T200138_SmallPatches_C5-CAM1;81;noise;
Minipatches_light_20260116/20221013T200138_SmallPatches_C5-CAM1;82;noise;
Minipatches_light_20260116/20221013T200138_SmallPatches_C5-CAM1;83;noise;
Minipatches_light_20260116/20221013T200138_SmallPatches_C5-CAM1;84;noise;
Minipatches_light_20260116/20221013T200138_SmallPatches_C5-CAM1;85;noise;
Minipatches_light_20260116/20221013T200138_SmallPatches_C5-CAM1;86;noise;
Minipatches_light_20260116/20221013T200138_SmallPatches_C5-CAM1;87;noise;
Minipatches_light_20260116/20221013T200138_SmallPatches_C5-CAM1;88;noise;
Minipatches_light_20260116/20221013T200138_SmallPatches_C5-CAM1;89;noise;
Minipatches_light_20260116/20221013T200138_SmallPatches_C5-CAM1;90;noise;
Minipatches_light_20260116/20221013T200138_SmallPatches_C5-CAM1;91;noise;
Minipatches_light_20260116/20221013T200138_SmallPatches_C5-CAM1;92;noise;
Minipatches_light_20260116/20221013T200138_SmallPatches_C5-CAM1;93;noise;
Minipatches_light_20260116/20221125T144055_SmallPatches_C5-CAM1;1;worm;1 worm
Minipatches_light_20260116/20221125T144055_SmallPatches_C5-CAM1;2;noise;
Minipatches_light_20260116/20221125T144055_SmallPatches_C5-CAM1;3;noise;
Minipatches_light_20260116/20221125T144055_SmallPatches_C5-CAM1;4;noise;
Minipatches_light_20260116/20221125T144055_SmallPatches_C5-CAM1;5;noise;
Minipatches_light_20260116/20221125T144055_SmallPatches_C5-CAM1;6;noise;
Minipatches_light_20260116/20221125T144055_SmallPatches_C5-CAM1;7;noise;
Minipatches_light_20260116/20221125T144055_SmallPatches_C5-CAM1;8;noise;
Minipatches_light_20260116/20221125T144055_SmallPatches_C5-CAM1;9;noise;
Minipatches_light_20260116/20221125T144055_SmallPatches_C5-CAM1;10;noise;
Minipatches_light_20260116/20221125T144055_SmallPatches_C5-CAM1;11;noise;
Minipatches_light_20260116/20221125T144055_SmallPatches_C5-CAM1;12;noise;
Minipatches_light_20260116/20221125T144055_SmallPatches_C5-CAM1;13;noise;
Minipatches_light_20260116/20221125T144055_SmallPatches_C5-CAM1;14;noise;
Minipatches_light_20260116/20221125T144055_SmallPatches_C5-CAM1;15;noise;
Minipatches_light_20260116/20221125T144055_SmallPatches_C5-CAM1;16;noise;
Minipatches_light_20260116/20221125T144055_SmallPatches_C5-CAM1;17;noise;
Minipatches_light_20260116/20221125T144055_SmallPatches_C5-CAM1;18;noise;
Minipatches_light_20260116/20221125T144055_SmallPatches_C5-CAM1;19;noise;
Minipatches_light_20260116/20221125T144055_SmallPatches_C5-CAM1;20;noise;
Minipatches_light_20260116/20221125T144055_SmallPatches_C5-CAM1;21;noise;
Minipatches_light_20260116/20221125T144055_SmallPatches_C5-CAM1;22;noise;
Minipatches_light_20260116/20221125T144055_SmallPatches_C5-CAM1;23;noise;
Minipatches_light_20260116/20221125T144055_SmallPatches_C5-CAM1;24;noise;
Minipatches_light_20260116/20221125T144055_SmallPatches_C5-CAM1;25;noise;
Minipatches_light_20260116/20221125T144055_SmallPatches_C5-CAM1;26;noise;
Minipatches_light_20260116/20221125T144055_SmallPatches_C5-CAM1;27;noise;
Minipatches_light_20260116/20221125T144055_SmallPatches_C5-CAM1;28;noise;
Minipatches_light_20260116/20221125T144055_SmallPatches_C5-CAM1;29;noise;
Minipatches_light_20260116/20221125T144055_SmallPatches_C5-CAM1;30;noise;
Minipatches_light_20260116/20221125T144055_SmallPatches_C5-CAM1;31;noise;
Minipatches_light_20260116/20221125T144055_SmallPatches_C5-CAM1;32;noise;
Minipatches_light_20260116/20221125T144055_SmallPatches_C5-CAM1;33;noise;
Minipatches_light_20260116/20221125T144055_SmallPatches_C5-CAM1;34;noise;
Minipatches_light_20260116/20221125T144055_SmallPatches_C5-CAM1;35;noise;
Minipatches_light_20260116/20221125T144055_SmallPatches_C5-CAM1;36;noise;
Minipatches_light_20260116/20221125T144055_SmallPatches_C5-CAM1;37;noise;
Minipatches_light_20260116/20221125T144055_SmallPatches_C5-CAM1;38;noise;
Minipatches_light_20260116/20221125T144055_SmallPatches_C5-CAM1;39;noise;
Minipatches_light_20260116/20221125T144055_SmallPatches_C5-CAM1;40;noise;
Minipatches_light_20260116/20221125T144055_SmallPatches_C5-CAM1;41;noise;
Minipatches_light_20260116/20221125T144055_SmallPatches_C5-CAM1;42;noise;
Minipatches_light_20260116/20221125T144055_SmallPatches_C5-CAM1;43;noise;
Minipatches_light_20260116/20221125T144055_SmallPatches_C5-CAM1;44;noise;
Minipatches_light_20260116/20221125T144055_SmallPatches_C5-CAM1;45;noise;
Minipatches_light_20260116/20221125T144055_SmallPatches_C5-CAM1;46;noise;
Minipatches_light_20260116/20221125T144055_SmallPatches_C5-CAM1;47;noise;
Minipatches_light_20260116/20221125T144055_SmallPatches_C5-CAM1;48;noise;
Minipatches_light_20260116/20221125T144055_SmallPatches_C5-CAM1;49;noise;
Minipatches_light_20260116/20221125T144055_SmallPatches_C5-CAM1;50;noise;
Minipatches_light_20260116/20221125T144055_SmallPatches_C5-CAM1;51;noise;
Minipatches_light_20260116/20221123T210621_SmallPatches_C1-CAM8;1;worm;1 worm
Minipatches_light_20260116/20221123T210621_SmallPatches_C1-CAM8;2;noise;
Minipatches_light_20260116/20221123T210621_SmallPatches_C1-CAM8;3;noise;
Minipatches_light_20260116/20221123T210621_SmallPatches_C1-CAM8;4;worm;
Minipatches_light_20260116/20221123T210621_SmallPatches_C1-CAM8;5;noise;
Minipatches_light_20260116/20221123T210621_SmallPatches_C1-CAM8;6;noise;
Minipatches_light_20260116/20221123T210621_SmallPatches_C1-CAM8;7;noise;
Minipatches_light_20260116/20221123T210621_SmallPatches_C1-CAM8;8;noise;
Minipatches_light_20260116/20221123T210621_SmallPatches_C1-CAM8;9;noise;
Minipatches_light_20260116/20221123T210621_SmallPatches_C1-CAM8;10;noise;
Minipatches_light_20260116/20221123T210621_SmallPatches_C1-CAM8;11;noise;
Minipatches_light_20260116/20221123T210621_SmallPatches_C1-CAM8;12;noise;
Minipatches_light_20260116/20221123T210621_SmallPatches_C1-CAM8;13;noise;
Minipatches_light_20260116/20221123T210621_SmallPatches_C1-CAM8;14;noise;
Minipatches_light_20260116/20221123T210621_SmallPatches_C1-CAM8;15;noise;
Minipatches_light_20260116/20221123T210621_SmallPatches_C1-CAM8;16;noise;
Minipatches_light_20260116/20221123T210621_SmallPatches_C1-CAM8;17;noise;
Minipatches_light_20260116/20221123T210621_SmallPatches_C1-CAM8;18;noise;
Minipatches_light_20260116/20221123T210621_SmallPatches_C1-CAM8;19;noise;
Minipatches_light_20260116/20221123T210621_SmallPatches_C1-CAM8;20;noise;
Minipatches_light_20260116/20221123T210621_SmallPatches_C1-CAM8;21;noise;
Minipatches_light_20260116/20221123T210621_SmallPatches_C1-CAM8;22;noise;
Minipatches_light_20260116/20221123T210621_SmallPatches_C1-CAM8;23;noise;
Minipatches_light_20260116/20221123T210621_SmallPatches_C1-CAM8;24;noise;
Minipatches_light_20260116/20221123T210621_SmallPatches_C1-CAM8;25;noise;
Minipatches_light_20260116/20221123T210621_SmallPatches_C1-CAM8;26;noise;
Minipatches_light_20260116/20221123T210621_SmallPatches_C1-CAM8;27;noise;
Minipatches_light_20260116/20221016T113946_SmallPatches_C4-CAM4;NA;NA;no traj.csv file
Minipatches_light_20260116/20221017T203313_SmallPatches_C5-CAM2;1;worm;1 worm
Minipatches_light_20260116/20221017T203313_SmallPatches_C5-CAM2;2;noise;
Minipatches_light_20260116/20221017T203313_SmallPatches_C5-CAM2;3;noise;
Minipatches_light_20260116/20221017T203313_SmallPatches_C5-CAM2;4;noise;
Minipatches_light_20260116/20221017T203313_SmallPatches_C5-CAM2;5;noise;
Minipatches_light_20260116/20221017T203313_SmallPatches_C5-CAM2;6;noise;
Minipatches_light_20260116/20221017T203313_SmallPatches_C5-CAM2;7;noise;
Minipatches_light_20260116/20221017T203313_SmallPatches_C5-CAM2;8;noise;
Minipatches_light_20260116/20221017T203313_SmallPatches_C5-CAM2;9;noise;
Minipatches_light_20260116/20221017T203313_SmallPatches_C5-CAM2;10;noise;
Minipatches_light_20260116/20221017T203313_SmallPatches_C5-CAM2;11;noise;
Minipatches_light_20260116/20221017T203313_SmallPatches_C5-CAM2;12;noise;
Minipatches_light_20260116/20221017T203313_SmallPatches_C5-CAM2;13;noise;
Minipatches_light_20260116/20221017T203313_SmallPatches_C5-CAM2;14;noise;
Minipatches_light_20260116/20221017T203313_SmallPatches_C5-CAM2;15;noise;
Minipatches_light_20260116/20221017T203313_SmallPatches_C5-CAM2;16;noise;
Minipatches_light_20260116/20221017T203313_SmallPatches_C5-CAM2;17;noise;
Minipatches_light_20260116/20221017T203313_SmallPatches_C5-CAM2;18;noise;
Minipatches_light_20260116/20221017T203313_SmallPatches_C5-CAM2;19;noise;
Minipatches_light_20260116/20221017T203313_SmallPatches_C5-CAM2;20;noise;
Minipatches_light_20260116/20221017T203313_SmallPatches_C5-CAM2;21;noise;
Minipatches_light_20260116/20221017T203313_SmallPatches_C5-CAM2;22;noise;
Minipatches_light_20260116/20221017T203313_SmallPatches_C5-CAM2;23;noise;
Minipatches_light_20260116/20221017T203313_SmallPatches_C5-CAM2;24;noise;
Minipatches_light_20260116/20221017T203313_SmallPatches_C5-CAM2;25;noise;
Minipatches_light_20260116/20221017T203313_SmallPatches_C5-CAM2;26;noise;
Minipatches_light_20260116/20221017T203313_SmallPatches_C5-CAM2;27;noise;
Minipatches_light_20260116/20221017T203313_SmallPatches_C5-CAM2;28;noise;
Minipatches_light_20260116/20221017T203313_SmallPatches_C5-CAM2;29;noise;
Minipatches_light_20260116/20221017T203313_SmallPatches_C5-CAM2;30;noise;
Minipatches_light_20260116/20221017T203313_SmallPatches_C5-CAM2;31;noise;
Minipatches_light_20260116/20221017T203313_SmallPatches_C5-CAM2;32;noise;
Minipatches_light_20260116/20221017T203313_SmallPatches_C5-CAM2;33;noise;
Minipatches_light_20260116/20221017T203313_SmallPatches_C5-CAM2;34;noise;
Minipatches_light_20260116/20221017T203313_SmallPatches_C5-CAM2;35;noise;
Minipatches_light_20260116/20221017T203313_SmallPatches_C5-CAM2;36;noise;
Minipatches_light_20260116/20221017T203313_SmallPatches_C5-CAM2;37;noise;
Minipatches_light_20260116/20221017T203313_SmallPatches_C5-CAM2;38;noise;
Minipatches_light_20260116/20221017T203313_SmallPatches_C5-CAM2;39;noise;
Minipatches_light_20260116/20221017T203313_SmallPatches_C5-CAM2;40;noise;
Minipatches_light_20260116/20221017T203313_SmallPatches_C5-CAM2;41;noise;
Minipatches_light_20260116/20221017T203313_SmallPatches_C5-CAM2;42;noise;
Minipatches_light_20260116/20221017T203313_SmallPatches_C5-CAM2;43;noise;
Minipatches_light_20260116/20221017T203313_SmallPatches_C5-CAM2;44;noise;
Minipatches_light_20260116/20221017T203313_SmallPatches_C5-CAM2;45;noise;
Minipatches_light_20260116/20221017T203313_SmallPatches_C5-CAM2;46;noise;
Minipatches_light_20260116/20221017T203313_SmallPatches_C5-CAM2;47;noise;
Minipatches_light_20260116/20221017T203313_SmallPatches_C5-CAM2;48;noise;
Minipatches_light_20260116/20221017T203313_SmallPatches_C5-CAM2;49;noise;
Minipatches_light_20260116/20221017T203313_SmallPatches_C5-CAM2;50;noise;
Minipatches_light_20260116/20221017T203313_SmallPatches_C5-CAM2;51;noise;
Minipatches_light_20260116/20221017T203313_SmallPatches_C5-CAM2;52;noise;
Minipatches_light_20260116/20221017T203313_SmallPatches_C5-CAM2;53;noise;
Minipatches_light_20260116/20221017T203313_SmallPatches_C5-CAM2;54;noise;
Minipatches_light_20260116/20221017T203313_SmallPatches_C5-CAM2;55;noise;
Minipatches_light_20260116/20221017T203313_SmallPatches_C5-CAM2;56;noise;
Minipatches_light_20260116/20221017T203313_SmallPatches_C5-CAM2;57;noise;
Minipatches_light_20260116/20221017T203313_SmallPatches_C5-CAM2;58;noise;
Minipatches_light_20260116/20221017T203313_SmallPatches_C5-CAM2;59;noise;
Minipatches_light_20260116/20221017T203313_SmallPatches_C5-CAM2;60;noise;
Minipatches_light_20260116/20221017T203313_SmallPatches_C5-CAM2;61;noise;
Minipatches_light_20260116/20221017T203313_SmallPatches_C5-CAM2;62;noise;
Minipatches_light_20260116/20221017T203313_SmallPatches_C5-CAM2;63;noise;
Minipatches_light_20260116/20221017T203313_SmallPatches_C5-CAM2;64;noise;
Minipatches_light_20260116/20221017T203313_SmallPatches_C5-CAM2;65;noise;
Minipatches_light_20260116/20221017T203313_SmallPatches_C5-CAM2;66;noise;
Minipatches_light_20260116/20221017T203313_SmallPatches_C5-CAM2;67;noise;
Minipatches_light_20260116/20221017T203313_SmallPatches_C5-CAM2;68;noise;
Minipatches_light_20260116/20221017T203313_SmallPatches_C5-CAM2;69;noise;
Minipatches_light_20260116/20221017T203313_SmallPatches_C5-CAM2;70;noise;
Minipatches_light_20260116/20221017T203313_SmallPatches_C5-CAM2;71;noise;
Minipatches_light_20260116/20221017T203313_SmallPatches_C5-CAM2;72;noise;
Minipatches_light_20260116/20221017T203313_SmallPatches_C5-CAM2;73;noise;
Minipatches_light_20260116/20221017T203313_SmallPatches_C5-CAM2;74;noise;
Minipatches_light_20260116/20221017T203313_SmallPatches_C5-CAM2;75;noise;
Minipatches_light_20260116/20221017T203313_SmallPatches_C5-CAM2;76;noise;
Minipatches_light_20260116/20221017T203313_SmallPatches_C5-CAM2;77;noise;
Minipatches_light_20260116/20221017T203313_SmallPatches_C5-CAM2;78;noise;
Minipatches_light_20260116/20221017T203313_SmallPatches_C5-CAM2;79;noise;
Minipatches_light_20260116/20221017T203313_SmallPatches_C5-CAM2;80;noise;
Minipatches_light_20260116/20221017T203313_SmallPatches_C5-CAM2;81;noise;
Minipatches_light_20260116/20221017T203313_SmallPatches_C5-CAM2;82;noise;
Minipatches_light_20260116/20221017T203313_SmallPatches_C5-CAM2;83;noise;
Minipatches_light_20260116/20221017T203313_SmallPatches_C5-CAM2;84;noise;
Minipatches_light_20260116/20221017T203313_SmallPatches_C5-CAM2;85;noise;
Minipatches_light_20260116/20221017T203313_SmallPatches_C5-CAM2;86;noise;
Minipatches_light_20260116/20221017T203313_SmallPatches_C5-CAM2;87;noise;
Minipatches_light_20260116/20221017T203313_SmallPatches_C5-CAM2;88;noise;
Minipatches_light_20260116/20221017T203313_SmallPatches_C5-CAM2;89;noise;
Minipatches_light_20260116/20221017T203313_SmallPatches_C5-CAM2;90;noise;
Minipatches_light_20260116/20221017T203313_SmallPatches_C5-CAM2;91;noise;
Minipatches_light_20260116/20221017T203313_SmallPatches_C5-CAM2;92;noise;
Minipatches_light_20260116/20221017T203313_SmallPatches_C5-CAM2;93;noise;
Minipatches_light_20260116/20221017T203313_SmallPatches_C5-CAM2;94;noise;
Minipatches_light_20260116/20221017T203313_SmallPatches_C5-CAM2;95;noise;
Minipatches_light_20260116/20221017T203313_SmallPatches_C5-CAM2;96;noise;
Minipatches_light_20260116/20221017T203313_SmallPatches_C5-CAM2;97;noise;
Minipatches_light_20260116/20221017T203313_SmallPatches_C5-CAM2;98;noise;
Minipatches_light_20260116/20221017T203313_SmallPatches_C5-CAM2;99;noise;
Minipatches_light_20260116/20221017T203313_SmallPatches_C5-CAM2;100;noise;
Minipatches_light_20260116/20221017T203313_SmallPatches_C5-CAM2;101;noise;
Minipatches_light_20260116/20221017T203313_SmallPatches_C5-CAM2;102;noise;
Minipatches_light_20260116/20221017T203313_SmallPatches_C5-CAM2;103;noise;
Minipatches_light_20260116/20221017T203313_SmallPatches_C5-CAM2;104;noise;
Minipatches_light_20260116/20221017T203313_SmallPatches_C5-CAM2;105;noise;
Minipatches_light_20260116/20221017T203313_SmallPatches_C5-CAM2;106;noise;
Minipatches_light_20260116/20221017T203313_SmallPatches_C5-CAM2;107;noise;
Minipatches_light_20260116/20221017T203313_SmallPatches_C5-CAM2;108;noise;
Minipatches_light_20260116/20221017T203313_SmallPatches_C5-CAM2;109;noise;
Minipatches_light_20260116/20221017T203313_SmallPatches_C5-CAM2;110;noise;
Minipatches_light_20260116/20221017T203313_SmallPatches_C5-CAM2;111;noise;
Minipatches_light_20260116/20221017T203313_SmallPatches_C5-CAM2;112;noise;
Minipatches_light_20260116/20221017T203313_SmallPatches_C5-CAM2;113;noise;
Minipatches_light_20260116/20221017T203313_SmallPatches_C5-CAM2;114;noise;
Minipatches_light_20260116/20221017T203313_SmallPatches_C5-CAM2;115;noise;
Minipatches_light_20260116/20221017T203313_SmallPatches_C5-CAM2;116;noise;
Minipatches_light_20260116/20221017T203313_SmallPatches_C5-CAM2;117;noise;
Minipatches_light_20260116/20221017T203313_SmallPatches_C5-CAM2;118;noise;
Minipatches_light_20260116/20221017T203313_SmallPatches_C5-CAM2;119;noise;
Minipatches_light_20260116/20221017T203313_SmallPatches_C5-CAM2;120;noise;
Minipatches_light_20260116/20221017T203313_SmallPatches_C5-CAM2;121;noise;
Minipatches_light_20260116/20221017T203313_SmallPatches_C5-CAM2;122;noise;
Minipatches_light_20260116/20221017T203313_SmallPatches_C5-CAM2;123;noise;
Minipatches_light_20260116/20221017T203313_SmallPatches_C5-CAM2;124;noise;
Minipatches_light_20260116/20221017T203313_SmallPatches_C5-CAM2;125;noise;
Minipatches_light_20260116/20221017T203313_SmallPatches_C5-CAM2;126;noise;
Minipatches_light_20260116/20221017T203313_SmallPatches_C5-CAM2;127;noise;
Minipatches_light_20260116/20221017T203313_SmallPatches_C5-CAM2;128;noise;
Minipatches_light_20260116/20221017T203313_SmallPatches_C5-CAM2;129;noise;
Minipatches_light_20260116/20221017T203313_SmallPatches_C5-CAM2;130;noise;
Minipatches_light_20260116/20221017T203313_SmallPatches_C5-CAM2;131;noise;
Minipatches_light_20260116/20221017T203313_SmallPatches_C5-CAM2;132;noise;
Minipatches_light_20260116/20221017T203313_SmallPatches_C5-CAM2;133;noise;
Minipatches_light_20260116/20221017T203313_SmallPatches_C5-CAM2;134;noise;
Minipatches_light_20260116/20221017T203313_SmallPatches_C5-CAM2;135;noise;
Minipatches_light_20260116/20221017T203313_SmallPatches_C5-CAM2;136;noise;
Minipatches_light_20260116/20221017T203313_SmallPatches_C5-CAM2;137;noise;
Minipatches_light_20260116/20221017T203313_SmallPatches_C5-CAM2;138;noise;
Minipatches_light_20260116/20221017T203313_SmallPatches_C5-CAM2;139;noise;
Minipatches_light_20260116/20221017T203313_SmallPatches_C5-CAM2;140;noise;
Minipatches_light_20260116/20221017T203313_SmallPatches_C5-CAM2;141;noise;
Minipatches_light_20260116/20221017T203313_SmallPatches_C5-CAM2;142;noise;
Minipatches_light_20260116/20221017T203313_SmallPatches_C5-CAM2;143;noise;
Minipatches_light_20260116/20221017T203313_SmallPatches_C5-CAM2;144;noise;
Minipatches_light_20260116/20221017T203313_SmallPatches_C5-CAM2;145;noise;
Minipatches_light_20260116/20221017T203313_SmallPatches_C5-CAM2;146;noise;
Minipatches_light_20260116/20221017T203313_SmallPatches_C5-CAM2;147;noise;
Minipatches_light_20260116/20221017T203313_SmallPatches_C5-CAM2;148;noise;
Minipatches_light_20260116/20221017T203313_SmallPatches_C5-CAM2;149;noise;
Minipatches_light_20260116/20221017T203313_SmallPatches_C5-CAM2;150;noise;
Minipatches_light_20260116/20221017T203313_SmallPatches_C5-CAM2;151;noise;
Minipatches_light_20260116/20221017T203313_SmallPatches_C5-CAM2;152;noise;
Minipatches_light_20260116/20221017T203313_SmallPatches_C5-CAM2;153;noise;
Minipatches_light_20260116/20221017T203313_SmallPatches_C5-CAM2;154;noise;
Minipatches_light_20260116/20221017T203313_SmallPatches_C5-CAM2;155;noise;
Minipatches_light_20260116/20221017T203313_SmallPatches_C5-CAM2;156;noise;
Minipatches_light_20260116/20221017T203313_SmallPatches_C5-CAM2;157;noise;
Minipatches_light_20260116/20221017T203313_SmallPatches_C5-CAM2;158;noise;
Minipatches_light_20260116/20221017T203313_SmallPatches_C5-CAM2;159;noise;
Minipatches_light_20260116/20221017T203313_SmallPatches_C5-CAM2;160;noise;
Minipatches_light_20260116/20221017T203313_SmallPatches_C5-CAM2;161;noise;
Minipatches_light_20260116/20221017T203313_SmallPatches_C5-CAM2;162;noise;
Minipatches_light_20260116/20221017T203313_SmallPatches_C5-CAM2;163;noise;
Minipatches_light_20260116/20221017T203313_SmallPatches_C5-CAM2;164;noise;
Minipatches_light_20260116/20221017T203313_SmallPatches_C5-CAM2;165;noise;
Minipatches_light_20260116/20221017T203313_SmallPatches_C5-CAM2;166;noise;
Minipatches_light_20260116/20221017T203313_SmallPatches_C5-CAM2;167;noise;
Minipatches_light_20260116/20221017T203313_SmallPatches_C5-CAM2;168;noise;
Minipatches_light_20260116/20221017T203313_SmallPatches_C5-CAM2;169;noise;
Minipatches_light_20260116/20221017T203313_SmallPatches_C5-CAM2;170;noise;
Minipatches_light_20260116/20221017T203313_SmallPatches_C5-CAM2;171;noise;
Minipatches_light_20260116/20221017T203313_SmallPatches_C5-CAM2;172;noise;
Minipatches_light_20260116/20221017T203313_SmallPatches_C5-CAM2;173;noise;
Minipatches_light_20260116/20221017T203313_SmallPatches_C5-CAM2;174;noise;
Minipatches_light_20260116/20221013T115324_SmallPatches_C4-CAM4;1;worm;1 worm
Minipatches_light_20260116/20221013T115324_SmallPatches_C4-CAM4;2;noise;
Minipatches_light_20260116/20221013T115324_SmallPatches_C4-CAM4;3;noise;
Minipatches_light_20260116/20221013T115324_SmallPatches_C4-CAM4;4;noise;
Minipatches_light_20260116/20221013T115324_SmallPatches_C4-CAM4;5;noise;
Minipatches_light_20260116/20221013T115324_SmallPatches_C4-CAM4;6;noise;
Minipatches_light_20260116/20221013T115324_SmallPatches_C4-CAM4;7;noise;
Minipatches_light_20260116/20221013T115324_SmallPatches_C4-CAM4;8;noise;
Minipatches_light_20260116/20221013T115324_SmallPatches_C4-CAM4;9;noise;
Minipatches_light_20260116/20221013T115324_SmallPatches_C4-CAM4;10;noise;
Minipatches_light_20260116/20221013T115324_SmallPatches_C4-CAM4;11;noise;
Minipatches_light_20260116/20221013T115324_SmallPatches_C4-CAM4;12;noise;
Minipatches_light_20260116/20221013T115324_SmallPatches_C4-CAM4;13;noise;
Minipatches_light_20260116/20221013T115324_SmallPatches_C4-CAM4;14;noise;
Minipatches_light_20260116/20221013T115324_SmallPatches_C4-CAM4;15;noise;
Minipatches_light_20260116/20221013T115324_SmallPatches_C4-CAM4;16;noise;
Minipatches_light_20260116/20221013T115324_SmallPatches_C4-CAM4;17;noise;
Minipatches_light_20260116/20221013T115324_SmallPatches_C4-CAM4;18;noise;
Minipatches_light_20260116/20221013T115324_SmallPatches_C4-CAM4;19;noise;
Minipatches_light_20260116/20221013T115324_SmallPatches_C4-CAM4;20;noise;
Minipatches_light_20260116/20221013T115324_SmallPatches_C4-CAM4;21;noise;
Minipatches_light_20260116/20221013T115324_SmallPatches_C4-CAM4;22;noise;
Minipatches_light_20260116/20221013T115324_SmallPatches_C4-CAM4;23;noise;
Minipatches_light_20260116/20221013T115324_SmallPatches_C4-CAM4;24;noise;
Minipatches_light_20260116/20221013T115324_SmallPatches_C4-CAM4;25;noise;
Minipatches_light_20260116/20221013T115324_SmallPatches_C4-CAM4;26;noise;
Minipatches_light_20260116/20221013T115324_SmallPatches_C4-CAM4;27;noise;
Minipatches_light_20260116/20221013T115324_SmallPatches_C4-CAM4;28;noise;
Minipatches_light_20260116/20221013T115324_SmallPatches_C4-CAM4;29;noise;
Minipatches_light_20260116/20221013T115324_SmallPatches_C4-CAM4;30;noise;
Minipatches_light_20260116/20221013T115324_SmallPatches_C4-CAM4;31;noise;
Minipatches_light_20260116/20221013T115324_SmallPatches_C4-CAM4;32;noise;
Minipatches_light_20260116/20221013T115324_SmallPatches_C4-CAM4;33;noise;
Minipatches_light_20260116/20221013T115324_SmallPatches_C4-CAM4;34;noise;
Minipatches_light_20260116/20221013T115324_SmallPatches_C4-CAM4;35;noise;
Minipatches_light_20260116/20221013T115324_SmallPatches_C4-CAM4;36;noise;
Minipatches_light_20260116/20221013T115324_SmallPatches_C4-CAM4;37;noise;
Minipatches_light_20260116/20221013T115324_SmallPatches_C4-CAM4;38;noise;
Minipatches_light_20260116/20221013T115324_SmallPatches_C4-CAM4;39;noise;
Minipatches_light_20260116/20221013T115324_SmallPatches_C4-CAM4;40;noise;
Minipatches_light_20260116/20221013T115324_SmallPatches_C4-CAM4;41;noise;
Minipatches_light_20260116/20221013T115324_SmallPatches_C4-CAM4;42;noise;
Minipatches_light_20260116/20221013T115324_SmallPatches_C4-CAM4;43;noise;
Minipatches_light_20260116/20221013T115324_SmallPatches_C4-CAM4;44;noise;
Minipatches_light_20260116/20221013T115324_SmallPatches_C4-CAM4;45;noise;
Minipatches_light_20260116/20221013T115324_SmallPatches_C4-CAM4;46;noise;
Minipatches_light_20260116/20221013T115324_SmallPatches_C4-CAM4;47;noise;
Minipatches_light_20260116/20221013T115324_SmallPatches_C4-CAM4;48;noise;
Minipatches_light_20260116/20221013T115324_SmallPatches_C4-CAM4;49;noise;
Minipatches_light_20260116/20221013T115324_SmallPatches_C4-CAM4;50;noise;
Minipatches_light_20260116/20221013T115324_SmallPatches_C4-CAM4;51;noise;
Minipatches_light_20260116/20221013T115324_SmallPatches_C4-CAM4;52;noise;
Minipatches_light_20260116/20221013T115324_SmallPatches_C4-CAM4;53;noise;
Minipatches_light_20260116/20221013T115324_SmallPatches_C4-CAM4;54;noise;
Minipatches_light_20260116/20221013T115324_SmallPatches_C4-CAM4;55;noise;
Minipatches_light_20260116/20221013T115324_SmallPatches_C4-CAM4;56;noise;
Minipatches_light_20260116/20221013T115324_SmallPatches_C4-CAM4;57;noise;
Minipatches_light_20260116/20221013T115324_SmallPatches_C4-CAM4;58;noise;
Minipatches_light_20260116/20221013T115324_SmallPatches_C4-CAM4;59;noise;
Minipatches_light_20260116/20221013T115324_SmallPatches_C4-CAM4;60;noise;
Minipatches_light_20260116/20221013T115324_SmallPatches_C4-CAM4;61;noise;
Minipatches_light_20260116/20221013T115324_SmallPatches_C4-CAM4;62;noise;
Minipatches_light_20260116/20221013T115324_SmallPatches_C4-CAM4;63;noise;
Minipatches_light_20260116/20221013T115324_SmallPatches_C4-CAM4;64;noise;
Minipatches_light_20260116/20221013T115324_SmallPatches_C4-CAM4;65;noise;
Minipatches_light_20260116/20221013T115324_SmallPatches_C4-CAM4;66;noise;
Minipatches_light_20260116/20221013T115324_SmallPatches_C4-CAM4;67;noise;
Minipatches_light_20260116/20221013T115324_SmallPatches_C4-CAM4;68;noise;
Minipatches_light_20260116/20221013T115324_SmallPatches_C4-CAM4;69;noise;
Minipatches_light_20260116/20221013T115324_SmallPatches_C4-CAM4;70;noise;
Minipatches_light_20260116/20221013T115324_SmallPatches_C4-CAM4;71;noise;
Minipatches_light_20260116/20221013T115324_SmallPatches_C4-CAM4;72;noise;
Minipatches_light_20260116/20221013T115324_SmallPatches_C4-CAM4;73;noise;
Minipatches_light_20260116/20221013T115324_SmallPatches_C4-CAM4;74;noise;
Minipatches_light_20260116/20221013T115324_SmallPatches_C4-CAM4;75;noise;
Minipatches_light_20260116/20221013T115324_SmallPatches_C4-CAM4;76;noise;
Minipatches_light_20260116/20221013T115324_SmallPatches_C4-CAM4;77;noise;
Minipatches_light_20260116/20221013T115324_SmallPatches_C4-CAM4;78;noise;
Minipatches_light_20260116/20221013T115324_SmallPatches_C4-CAM4;79;noise;
Minipatches_light_20260116/20221013T115324_SmallPatches_C4-CAM4;80;noise;
Minipatches_light_20260116/20221013T115324_SmallPatches_C4-CAM4;81;noise;
Minipatches_light_20260116/20221013T115324_SmallPatches_C4-CAM4;82;noise;
Minipatches_light_20260116/20221013T115324_SmallPatches_C4-CAM4;83;noise;
Minipatches_light_20260116/20221013T115324_SmallPatches_C4-CAM4;84;noise;
Minipatches_light_20260116/20221013T115324_SmallPatches_C4-CAM4;85;noise;
Minipatches_light_20260116/20221013T115324_SmallPatches_C4-CAM4;86;noise;
Minipatches_light_20260116/20221013T115324_SmallPatches_C4-CAM4;87;noise;
Minipatches_light_20260116/20221013T115324_SmallPatches_C4-CAM4;88;noise;
Minipatches_light_20260116/20221013T115324_SmallPatches_C4-CAM4;89;noise;
Minipatches_light_20260116/20221013T115324_SmallPatches_C4-CAM4;90;noise;
Minipatches_light_20260116/20221013T115324_SmallPatches_C4-CAM4;91;noise;
Minipatches_light_20260116/20221013T115324_SmallPatches_C4-CAM4;92;noise;
Minipatches_light_20260116/20221013T115324_SmallPatches_C4-CAM4;93;noise;
Minipatches_light_20260116/20221013T115324_SmallPatches_C4-CAM4;94;noise;
Minipatches_light_20260116/20221013T115324_SmallPatches_C4-CAM4;95;noise;
Minipatches_light_20260116/20221013T115324_SmallPatches_C4-CAM4;96;noise;
Minipatches_light_20260116/20221013T115324_SmallPatches_C4-CAM4;97;noise;
Minipatches_light_20260116/20221013T115324_SmallPatches_C4-CAM4;98;noise;
Minipatches_light_20260116/20221013T115324_SmallPatches_C4-CAM4;99;noise;
Minipatches_light_20260116/20221013T115324_SmallPatches_C4-CAM4;100;noise;
Minipatches_light_20260116/20221013T115324_SmallPatches_C4-CAM4;101;noise;
Minipatches_light_20260116/20221013T115324_SmallPatches_C4-CAM4;102;noise;
Minipatches_light_20260116/20221013T115324_SmallPatches_C4-CAM4;103;noise;
Minipatches_light_20260116/20221013T115324_SmallPatches_C4-CAM4;104;noise;
Minipatches_light_20260116/20221013T115324_SmallPatches_C4-CAM4;105;noise;
Minipatches_light_20260116/20221013T115324_SmallPatches_C4-CAM4;106;noise;
Minipatches_light_20260116/20221013T115324_SmallPatches_C4-CAM4;107;noise;
Minipatches_light_20260116/20221013T115324_SmallPatches_C4-CAM4;108;noise;
Minipatches_light_20260116/20221013T115324_SmallPatches_C4-CAM4;109;noise;
Minipatches_light_20260116/20221011T111318_SmallPatches_C2-CAM4;1;Worm 1;2 worms
Minipatches_light_20260116/20221011T111318_SmallPatches_C2-CAM4;2;noise;
Minipatches_light_20260116/20221011T111318_SmallPatches_C2-CAM4;3;noise;
Minipatches_light_20260116/20221011T111318_SmallPatches_C2-CAM4;4;noise;
Minipatches_light_20260116/20221011T111318_SmallPatches_C2-CAM4;5;noise;
Minipatches_light_20260116/20221011T111318_SmallPatches_C2-CAM4;6;noise;
Minipatches_light_20260116/20221011T111318_SmallPatches_C2-CAM4;7;noise;
Minipatches_light_20260116/20221011T111318_SmallPatches_C2-CAM4;8;noise;
Minipatches_light_20260116/20221011T111318_SmallPatches_C2-CAM4;9;noise;
Minipatches_light_20260116/20221011T111318_SmallPatches_C2-CAM4;10;Worm 2;
Minipatches_light_20260116/20221011T111318_SmallPatches_C2-CAM4;11;Worm 1;
Minipatches_light_20260116/20221011T111318_SmallPatches_C2-CAM4;12;noise;
Minipatches_light_20260116/20221011T111318_SmallPatches_C2-CAM4;13;noise;
Minipatches_light_20260116/20221011T111318_SmallPatches_C2-CAM4;14;noise;
Minipatches_light_20260116/20221011T111318_SmallPatches_C2-CAM4;15;noise;
Minipatches_light_20260116/20221011T111318_SmallPatches_C2-CAM4;16;noise;
Minipatches_light_20260116/20221011T111318_SmallPatches_C2-CAM4;17;noise;
Minipatches_light_20260116/20221011T111318_SmallPatches_C2-CAM4;18;noise;
Minipatches_light_20260116/20221011T111318_SmallPatches_C2-CAM4;19;noise;
Minipatches_light_20260116/20221011T111318_SmallPatches_C2-CAM4;20;noise;
Minipatches_light_20260116/20221011T111318_SmallPatches_C2-CAM4;21;noise;
Minipatches_light_20260116/20221011T111318_SmallPatches_C2-CAM4;22;noise;
Minipatches_light_20260116/20221011T111318_SmallPatches_C2-CAM4;23;noise;
Minipatches_light_20260116/20221011T111318_SmallPatches_C2-CAM4;24;noise;
Minipatches_light_20260116/20221011T111318_SmallPatches_C2-CAM4;25;noise;
Minipatches_light_20260116/20221011T111318_SmallPatches_C2-CAM4;26;noise;
Minipatches_light_20260116/20221011T111318_SmallPatches_C2-CAM4;27;noise;
Minipatches_light_20260116/20221011T111318_SmallPatches_C2-CAM4;28;noise;
Minipatches_light_20260116/20221011T111318_SmallPatches_C2-CAM4;29;noise;
Minipatches_light_20260116/20221011T111318_SmallPatches_C2-CAM4;30;noise;
Minipatches_light_20260116/20221011T111318_SmallPatches_C2-CAM4;31;noise;
Minipatches_light_20260116/20221011T111318_SmallPatches_C2-CAM4;32;noise;
Minipatches_light_20260116/20221011T111318_SmallPatches_C2-CAM4;33;noise;
Minipatches_light_20260116/20221011T111318_SmallPatches_C2-CAM4;34;noise;
Minipatches_light_20260116/20221011T111318_SmallPatches_C2-CAM4;35;noise;
Minipatches_light_20260116/20221011T111318_SmallPatches_C2-CAM4;36;noise;
Minipatches_light_20260116/20221011T111318_SmallPatches_C2-CAM4;37;noise;
Minipatches_light_20260116/20221011T111318_SmallPatches_C2-CAM4;38;noise;
Minipatches_light_20260116/20221011T111318_SmallPatches_C2-CAM4;39;noise;
Minipatches_light_20260116/20221011T111318_SmallPatches_C2-CAM4;40;noise;
Minipatches_light_20260116/20221011T111318_SmallPatches_C2-CAM4;41;noise;
Minipatches_light_20260116/20221011T111318_SmallPatches_C2-CAM4;42;noise;
Minipatches_light_20260116/20221011T111318_SmallPatches_C2-CAM4;43;noise;
Minipatches_light_20260116/20221011T111318_SmallPatches_C2-CAM4;44;noise;
Minipatches_light_20260116/20221011T111318_SmallPatches_C2-CAM4;45;noise;
Minipatches_light_20260116/20221011T111318_SmallPatches_C2-CAM4;46;noise;
Minipatches_light_20260116/20221011T111318_SmallPatches_C2-CAM4;47;noise;
Minipatches_light_20260116/20221011T111318_SmallPatches_C2-CAM4;48;noise;
Minipatches_light_20260116/20221011T111318_SmallPatches_C2-CAM4;49;noise;
Minipatches_light_20260116/20221011T111318_SmallPatches_C2-CAM4;50;noise;
Minipatches_light_20260116/20221011T111318_SmallPatches_C2-CAM4;51;noise;
Minipatches_light_20260116/20221011T111318_SmallPatches_C2-CAM4;52;noise;
Minipatches_light_20260116/20221011T111318_SmallPatches_C2-CAM4;53;noise;
Minipatches_light_20260116/20221011T111318_SmallPatches_C2-CAM4;54;noise;
Minipatches_light_20260116/20221011T111318_SmallPatches_C2-CAM4;55;noise;
Minipatches_light_20260116/20221011T111318_SmallPatches_C2-CAM4;56;noise;
Minipatches_light_20260116/20221011T111318_SmallPatches_C2-CAM4;57;noise;
Minipatches_light_20260116/20221011T111318_SmallPatches_C2-CAM4;58;noise;
Minipatches_light_20260116/20221011T111318_SmallPatches_C2-CAM4;59;noise;
Minipatches_light_20260116/20221011T111318_SmallPatches_C2-CAM4;60;noise;
Minipatches_light_20260116/20221011T111318_SmallPatches_C2-CAM4;61;noise;
Minipatches_light_20260116/20221011T111318_SmallPatches_C2-CAM4;62;noise;
Minipatches_light_20260116/20221011T111318_SmallPatches_C2-CAM4;63;noise;
Minipatches_light_20260116/20221011T111318_SmallPatches_C2-CAM4;64;noise;
Minipatches_light_20260116/20221011T111318_SmallPatches_C2-CAM4;65;noise;
Minipatches_light_20260116/20221011T111318_SmallPatches_C2-CAM4;66;noise;
Minipatches_light_20260116/20221011T111318_SmallPatches_C2-CAM4;67;noise;
Minipatches_light_20260116/20221011T111318_SmallPatches_C2-CAM4;68;noise;
Minipatches_light_20260116/20221011T111318_SmallPatches_C2-CAM4;69;noise;
Minipatches_light_20260116/20221011T111318_SmallPatches_C2-CAM4;70;noise;
Minipatches_light_20260116/20221011T111318_SmallPatches_C2-CAM4;71;noise;
Minipatches_light_20260116/20221011T111318_SmallPatches_C2-CAM4;72;noise;
Minipatches_light_20260116/20221115T113211_SmallPatches_C4-CAM5;1;worm;1 worm
Minipatches_light_20260116/20221115T113211_SmallPatches_C4-CAM5;2;noise;
Minipatches_light_20260116/20221115T113211_SmallPatches_C4-CAM5;3;noise;
Minipatches_light_20260116/20221115T113211_SmallPatches_C4-CAM5;4;noise;
Minipatches_light_20260116/20221115T113211_SmallPatches_C4-CAM5;5;noise;
Minipatches_light_20260116/20221115T113211_SmallPatches_C4-CAM5;6;noise;
Minipatches_light_20260116/20221115T113211_SmallPatches_C4-CAM5;7;noise;
Minipatches_light_20260116/20221115T113211_SmallPatches_C4-CAM5;8;noise;
Minipatches_light_20260116/20221115T113211_SmallPatches_C4-CAM5;9;noise;
Minipatches_light_20260116/20221115T113211_SmallPatches_C4-CAM5;10;noise;
Minipatches_light_20260116/20221115T113211_SmallPatches_C4-CAM5;11;noise;
Minipatches_light_20260116/20221115T113211_SmallPatches_C4-CAM5;12;noise;
Minipatches_light_20260116/20221115T113211_SmallPatches_C4-CAM5;13;noise;
Minipatches_light_20260116/20221115T113211_SmallPatches_C4-CAM5;14;noise;
Minipatches_light_20260116/20221115T113211_SmallPatches_C4-CAM5;15;noise;
Minipatches_light_20260116/20221115T113211_SmallPatches_C4-CAM5;16;noise;
Minipatches_light_20260116/20221115T113211_SmallPatches_C4-CAM5;17;noise;
Minipatches_light_20260116/20221115T113211_SmallPatches_C4-CAM5;18;noise;
Minipatches_light_20260116/20221115T113211_SmallPatches_C4-CAM5;19;noise;
Minipatches_light_20260116/20221115T113211_SmallPatches_C4-CAM5;20;noise;
Minipatches_light_20260116/20221115T113211_SmallPatches_C4-CAM5;21;noise;
Minipatches_light_20260116/20221115T113211_SmallPatches_C4-CAM5;22;noise;
Minipatches_light_20260116/20221115T113211_SmallPatches_C4-CAM5;23;noise;
Minipatches_light_20260116/20221115T113211_SmallPatches_C4-CAM5;24;noise;
Minipatches_light_20260116/20221115T113211_SmallPatches_C4-CAM5;25;noise;
Minipatches_light_20260116/20221115T113211_SmallPatches_C4-CAM5;26;noise;
Minipatches_light_20260116/20221115T113211_SmallPatches_C4-CAM5;27;noise;
Minipatches_light_20260116/20221115T113211_SmallPatches_C4-CAM5;28;noise;
Minipatches_light_20260116/20221115T113211_SmallPatches_C4-CAM5;29;noise;
Minipatches_light_20260116/20221115T113211_SmallPatches_C4-CAM5;30;noise;
Minipatches_light_20260116/20221115T113211_SmallPatches_C4-CAM5;31;noise;
Minipatches_light_20260116/20221115T113211_SmallPatches_C4-CAM5;32;noise;
Minipatches_light_20260116/20221011T111213_SmallPatches_C1-CAM3;1;worm;1 worm
Minipatches_light_20260116/20221011T111213_SmallPatches_C1-CAM3;2;noise;
Minipatches_light_20260116/20221011T111213_SmallPatches_C1-CAM3;3;noise;
Minipatches_light_20260116/20221011T111213_SmallPatches_C1-CAM3;4;noise;
Minipatches_light_20260116/20221011T111213_SmallPatches_C1-CAM3;5;noise;
Minipatches_light_20260116/20221011T111213_SmallPatches_C1-CAM3;6;noise;
Minipatches_light_20260116/20221011T111213_SmallPatches_C1-CAM3;7;noise;
Minipatches_light_20260116/20221011T111213_SmallPatches_C1-CAM3;8;noise;
Minipatches_light_20260116/20221011T111213_SmallPatches_C1-CAM3;9;noise;
Minipatches_light_20260116/20221011T111213_SmallPatches_C1-CAM3;10;noise;
Minipatches_light_20260116/20221011T111213_SmallPatches_C1-CAM3;11;noise;
Minipatches_light_20260116/20221011T111213_SmallPatches_C1-CAM3;12;noise;
Minipatches_light_20260116/20221011T111213_SmallPatches_C1-CAM3;13;noise;
Minipatches_light_20260116/20221011T111213_SmallPatches_C1-CAM3;14;noise;
Minipatches_light_20260116/20221011T111213_SmallPatches_C1-CAM3;15;noise;
Minipatches_light_20260116/20221016T113025_SmallPatches_C1-CAM8;NA;NA;pas de traj.csv
Minipatches_light_20260116/20221110T194540_SmallPatches_C6-CAM2;1;worm;1 worm
Minipatches_light_20260116/20221110T194540_SmallPatches_C6-CAM2;2;noise;
Minipatches_light_20260116/20221110T194540_SmallPatches_C6-CAM2;3;noise;
Minipatches_light_20260116/20221110T194540_SmallPatches_C6-CAM2;4;noise;
Minipatches_light_20260116/20221110T194540_SmallPatches_C6-CAM2;5;noise;
Minipatches_light_20260116/20221110T194540_SmallPatches_C6-CAM2;6;noise;
Minipatches_light_20260116/20221110T194540_SmallPatches_C6-CAM2;7;noise;
Minipatches_light_20260116/20221110T194540_SmallPatches_C6-CAM2;8;noise;
Minipatches_light_20260116/20221110T194540_SmallPatches_C6-CAM2;9;noise;
Minipatches_light_20260116/20221110T194540_SmallPatches_C6-CAM2;10;noise;
Minipatches_light_20260116/20221110T194540_SmallPatches_C6-CAM2;11;noise;
Minipatches_light_20260116/20221110T194540_SmallPatches_C6-CAM2;12;noise;
Minipatches_light_20260116/20221110T194540_SmallPatches_C6-CAM2;13;noise;
Minipatches_light_20260116/20221110T194540_SmallPatches_C6-CAM2;14;noise;
Minipatches_light_20260116/20221110T194540_SmallPatches_C6-CAM2;15;noise;
Minipatches_light_20260116/20221110T194540_SmallPatches_C6-CAM2;16;noise;
Minipatches_light_20260116/20221110T194540_SmallPatches_C6-CAM2;17;noise;
Minipatches_light_20260116/20221110T194540_SmallPatches_C6-CAM2;18;noise;
Minipatches_light_20260116/20221110T194540_SmallPatches_C6-CAM2;19;noise;
Minipatches_light_20260116/20221110T194540_SmallPatches_C6-CAM2;20;noise;
Minipatches_light_20260116/20221110T194540_SmallPatches_C6-CAM2;21;noise;
Minipatches_light_20260116/20221110T194540_SmallPatches_C6-CAM2;22;noise;
Minipatches_light_20260116/20221110T194540_SmallPatches_C6-CAM2;23;noise;
Minipatches_light_20260116/20221110T194540_SmallPatches_C6-CAM2;24;noise;
Minipatches_light_20260116/20221121T121404_SmallPatches_C6-CAM1;1;worm;1 worm
Minipatches_light_20260116/20221121T121404_SmallPatches_C6-CAM1;2;noise;
Minipatches_light_20260116/20221121T121404_SmallPatches_C6-CAM1;3;noise;
Minipatches_light_20260116/20221121T121404_SmallPatches_C6-CAM1;4;noise;
Minipatches_light_20260116/20221121T121404_SmallPatches_C6-CAM1;5;noise;
Minipatches_light_20260116/20221121T121404_SmallPatches_C6-CAM1;6;noise;
Minipatches_light_20260116/20221121T121404_SmallPatches_C6-CAM1;7;noise;
Minipatches_light_20260116/20221121T121404_SmallPatches_C6-CAM1;8;noise;
Minipatches_light_20260116/20221121T121404_SmallPatches_C6-CAM1;9;noise;
Minipatches_light_20260116/20221121T121404_SmallPatches_C6-CAM1;10;noise;
Minipatches_light_20260116/20221121T121404_SmallPatches_C6-CAM1;11;noise;
Minipatches_light_20260116/20221121T121404_SmallPatches_C6-CAM1;12;noise;
Minipatches_light_20260116/20221121T121404_SmallPatches_C6-CAM1;13;noise;
Minipatches_light_20260116/20221121T121404_SmallPatches_C6-CAM1;14;noise;
Minipatches_light_20260116/20221121T121404_SmallPatches_C6-CAM1;15;noise;
Minipatches_light_20260116/20221121T121404_SmallPatches_C6-CAM1;16;noise;
Minipatches_light_20260116/20221121T121404_SmallPatches_C6-CAM1;17;noise;
Minipatches_light_20260116/20221121T121404_SmallPatches_C6-CAM1;18;noise;
Minipatches_light_20260116/20221121T121404_SmallPatches_C6-CAM1;19;noise;
Minipatches_light_20260116/20221121T121404_SmallPatches_C6-CAM1;20;noise;
Minipatches_light_20260116/20221121T121404_SmallPatches_C6-CAM1;21;noise;
Minipatches_light_20260116/20221121T121404_SmallPatches_C6-CAM1;22;noise;
Minipatches_light_20260116/20221121T121404_SmallPatches_C6-CAM1;23;noise;
Minipatches_light_20260116/20221121T121404_SmallPatches_C6-CAM1;24;noise;
Minipatches_light_20260116/20221121T121404_SmallPatches_C6-CAM1;25;noise;
Minipatches_light_20260116/20221121T121404_SmallPatches_C6-CAM1;26;noise;
Minipatches_light_20260116/20221121T121404_SmallPatches_C6-CAM1;27;noise;
Minipatches_light_20260116/20221121T121404_SmallPatches_C6-CAM1;28;noise;
Minipatches_light_20260116/20221121T121404_SmallPatches_C6-CAM1;29;noise;
Minipatches_light_20260116/20221121T121404_SmallPatches_C6-CAM1;30;noise;
Minipatches_light_20260116/20221122T193945_SmallPatches_C5-CAM5;1;worm;1 worm
Minipatches_light_20260116/20221122T193945_SmallPatches_C5-CAM5;2;noise;
Minipatches_light_20260116/20221122T193945_SmallPatches_C5-CAM5;3;noise;
Minipatches_light_20260116/20221122T193945_SmallPatches_C5-CAM5;4;noise;
Minipatches_light_20260116/20221122T193945_SmallPatches_C5-CAM5;5;noise;
Minipatches_light_20260116/20221122T193945_SmallPatches_C5-CAM5;6;noise;
Minipatches_light_20260116/20221122T193945_SmallPatches_C5-CAM5;7;noise;
Minipatches_light_20260116/20221122T193945_SmallPatches_C5-CAM5;8;noise;
Minipatches_light_20260116/20221016T113946_SmallPatches_C4-CAM2;NA;NA;no traj.csv file
Minipatches_light_20260116/20221013T115441_SmallPatches_C6-CAM8;NA;NA;no traj.csv file
/Minipatches_light_20260116/20221011T112417_SmallPatches_C6-CAM7;1;worm;1 worm
/Minipatches_light_20260116/20221011T112417_SmallPatches_C6-CAM7;2;noise;
/Minipatches_light_20260116/20221011T112417_SmallPatches_C6-CAM7;3;noise;
Minipatches_light_20260116/20221014T101612_SmallPatches_C2-CAM4;NA;NA;no traj.csv file
Minipatches_light_20260116/20221014T191245_SmallPatches_C3-CAM1;1;worm;1 worm
Minipatches_light_20260116/20221014T191245_SmallPatches_C3-CAM1;2;noise;
Minipatches_light_20260116/20221014T191245_SmallPatches_C3-CAM1;3;noise;
Minipatches_light_20260116/20221014T191245_SmallPatches_C3-CAM1;4;noise;
Minipatches_light_20260116/20221014T191245_SmallPatches_C3-CAM1;5;noise;
Minipatches_light_20260116/20221014T191245_SmallPatches_C3-CAM1;6;noise;
Minipatches_light_20260116/20221014T191245_SmallPatches_C3-CAM1;7;noise;
Minipatches_light_20260116/20221014T191245_SmallPatches_C3-CAM1;8;noise;
Minipatches_light_20260116/20221014T191245_SmallPatches_C3-CAM1;9;noise;
Minipatches_light_20260116/20221014T191245_SmallPatches_C3-CAM1;10;noise;
Minipatches_light_20260116/20221014T191245_SmallPatches_C3-CAM1;11;noise;
Minipatches_light_20260116/20221014T191245_SmallPatches_C3-CAM1;12;noise;
Minipatches_light_20260116/20221118T104737_SmallPatches_C4-CAM4;1;worm1;2 worms
Minipatches_light_20260116/20221118T104737_SmallPatches_C4-CAM4;2;noise;
Minipatches_light_20260116/20221118T104737_SmallPatches_C4-CAM4;3;noise;
Minipatches_light_20260116/20221118T104737_SmallPatches_C4-CAM4;4;noise;
Minipatches_light_20260116/20221118T104737_SmallPatches_C4-CAM4;5;noise;
Minipatches_light_20260116/20221118T104737_SmallPatches_C4-CAM4;6;noise;
Minipatches_light_20260116/20221118T104737_SmallPatches_C4-CAM4;7;noise;
Minipatches_light_20260116/20221118T104737_SmallPatches_C4-CAM4;8;noise;
Minipatches_light_20260116/20221118T104737_SmallPatches_C4-CAM4;9;noise;
Minipatches_light_20260116/20221118T104737_SmallPatches_C4-CAM4;10;noise;
Minipatches_light_20260116/20221118T104737_SmallPatches_C4-CAM4;11;noise;
Minipatches_light_20260116/20221118T104737_SmallPatches_C4-CAM4;12;noise;
Minipatches_light_20260116/20221118T104737_SmallPatches_C4-CAM4;13;noise;
Minipatches_light_20260116/20221118T104737_SmallPatches_C4-CAM4;14;noise;
Minipatches_light_20260116/20221118T104737_SmallPatches_C4-CAM4;15;noise;
Minipatches_light_20260116/20221118T104737_SmallPatches_C4-CAM4;16;noise;
Minipatches_light_20260116/20221118T104737_SmallPatches_C4-CAM4;17;worm2;
Minipatches_light_20260116/20221118T104737_SmallPatches_C4-CAM4;18;noise;
Minipatches_light_20260116/20221017T113050_SmallPatches_C6-CAM3;1;worm1;2 worms
Minipatches_light_20260116/20221017T113050_SmallPatches_C6-CAM3;2;noise;
Minipatches_light_20260116/20221017T113050_SmallPatches_C6-CAM3;3;noise;
Minipatches_light_20260116/20221017T113050_SmallPatches_C6-CAM3;4;noise;
Minipatches_light_20260116/20221017T113050_SmallPatches_C6-CAM3;5;noise;
Minipatches_light_20260116/20221017T113050_SmallPatches_C6-CAM3;6;noise;
Minipatches_light_20260116/20221017T113050_SmallPatches_C6-CAM3;7;noise;
Minipatches_light_20260116/20221017T113050_SmallPatches_C6-CAM3;8;noise;
Minipatches_light_20260116/20221017T113050_SmallPatches_C6-CAM3;9;noise;
Minipatches_light_20260116/20221017T113050_SmallPatches_C6-CAM3;10;noise;
Minipatches_light_20260116/20221017T113050_SmallPatches_C6-CAM3;11;noise;
Minipatches_light_20260116/20221017T113050_SmallPatches_C6-CAM3;12;noise;
Minipatches_light_20260116/20221017T113050_SmallPatches_C6-CAM3;13;noise;
Minipatches_light_20260116/20221017T113050_SmallPatches_C6-CAM3;14;noise;
Minipatches_light_20260116/20221017T113050_SmallPatches_C6-CAM3;15;noise;
Minipatches_light_20260116/20221017T113050_SmallPatches_C6-CAM3;16;noise;
Minipatches_light_20260116/20221017T113050_SmallPatches_C6-CAM3;17;noise;
Minipatches_light_20260116/20221017T113050_SmallPatches_C6-CAM3;18;noise;
Minipatches_light_20260116/20221017T113050_SmallPatches_C6-CAM3;19;noise;
Minipatches_light_20260116/20221017T113050_SmallPatches_C6-CAM3;20;noise;
Minipatches_light_20260116/20221017T113050_SmallPatches_C6-CAM3;21;worm2;
Minipatches_light_20260116/20221017T113050_SmallPatches_C6-CAM3;22;noise;
Minipatches_light_20260116/20221017T113050_SmallPatches_C6-CAM3;23;noise;
Minipatches_light_20260116/20221017T113050_SmallPatches_C6-CAM3;24;noise;
Minipatches_light_20260116/20221017T113050_SmallPatches_C6-CAM3;25;noise;
Minipatches_light_20260116/20221017T113050_SmallPatches_C6-CAM3;26;noise;
Minipatches_light_20260116/20221017T113050_SmallPatches_C6-CAM3;27;noise;
Minipatches_light_20260116/20221017T113050_SmallPatches_C6-CAM3;28;noise;
Minipatches_light_20260116/20221017T113050_SmallPatches_C6-CAM3;29;noise;
Minipatches_light_20260116/20221017T202150_SmallPatches_C3-CAM2;1;worm;1 worm
Minipatches_light_20260116/20221017T202150_SmallPatches_C3-CAM2;2;noise;
Minipatches_light_20260116/20221017T202150_SmallPatches_C3-CAM2;3;noise;
Minipatches_light_20260116/20221017T202150_SmallPatches_C3-CAM2;4;noise;
Minipatches_light_20260116/20221017T202150_SmallPatches_C3-CAM2;5;noise;
Minipatches_light_20260116/20221017T202150_SmallPatches_C3-CAM2;6;noise;
Minipatches_light_20260116/20221017T202150_SmallPatches_C3-CAM2;7;noise;
Minipatches_light_20260116/20221017T202150_SmallPatches_C3-CAM2;8;noise;
Minipatches_light_20260116/20221017T202150_SmallPatches_C3-CAM2;9;noise;
Minipatches_light_20260116/20221017T202150_SmallPatches_C3-CAM2;10;noise;
Minipatches_light_20260116/20221017T202150_SmallPatches_C3-CAM2;11;noise;
Minipatches_light_20260116/20221017T202150_SmallPatches_C3-CAM2;12;noise;
Minipatches_light_20260116/20221017T202150_SmallPatches_C3-CAM2;13;noise;
Minipatches_light_20260116/20221017T202150_SmallPatches_C3-CAM2;14;noise;
Minipatches_light_20260116/20221017T202150_SmallPatches_C3-CAM2;15;noise;
Minipatches_light_20260116/20221017T202150_SmallPatches_C3-CAM2;16;noise;
Minipatches_light_20260116/20221017T202150_SmallPatches_C3-CAM2;17;noise;
Minipatches_light_20260116/20221017T202150_SmallPatches_C3-CAM2;18;noise;
Minipatches_light_20260116/20221017T202150_SmallPatches_C3-CAM2;19;noise;
Minipatches_light_20260116/20221017T202150_SmallPatches_C3-CAM2;20;noise;
Minipatches_light_20260116/20221017T202150_SmallPatches_C3-CAM2;21;noise;
Minipatches_light_20260116/20221017T202150_SmallPatches_C3-CAM2;22;noise;
Minipatches_light_20260116/20221017T202150_SmallPatches_C3-CAM2;23;noise;
Minipatches_light_20260116/20221017T202150_SmallPatches_C3-CAM2;24;noise;
Minipatches_light_20260116/20221017T202150_SmallPatches_C3-CAM2;25;noise;
Minipatches_light_20260116/20221017T202150_SmallPatches_C3-CAM2;26;noise;
Minipatches_light_20260116/20221017T202150_SmallPatches_C3-CAM2;27;noise;
Minipatches_light_20260116/20221017T202150_SmallPatches_C3-CAM2;28;noise;
Minipatches_light_20260116/20221017T202150_SmallPatches_C3-CAM2;29;noise;
Minipatches_light_20260116/20221017T202150_SmallPatches_C3-CAM2;30;noise;
Minipatches_light_20260116/20221017T202150_SmallPatches_C3-CAM2;31;noise;
Minipatches_light_20260116/20221017T202150_SmallPatches_C3-CAM2;32;noise;
Minipatches_light_20260116/20221017T202150_SmallPatches_C3-CAM2;33;noise;
Minipatches_light_20260116/20221017T202150_SmallPatches_C3-CAM2;34;noise;
Minipatches_light_20260116/20221017T202150_SmallPatches_C3-CAM2;35;noise;
Minipatches_light_20260116/20221017T202150_SmallPatches_C3-CAM2;36;noise;
Minipatches_light_20260116/20221017T202150_SmallPatches_C3-CAM2;37;noise;
Minipatches_light_20260116/20221017T202150_SmallPatches_C3-CAM2;38;noise;
Minipatches_light_20260116/20221017T202150_SmallPatches_C3-CAM2;39;noise;
Minipatches_light_20260116/20221017T202150_SmallPatches_C3-CAM2;40;noise;
Minipatches_light_20260116/20221017T202150_SmallPatches_C3-CAM2;41;noise;
Minipatches_light_20260116/20221017T202150_SmallPatches_C3-CAM2;42;noise;
Minipatches_light_20260116/20221017T202150_SmallPatches_C3-CAM2;43;noise;
Minipatches_light_20260116/20221017T202150_SmallPatches_C3-CAM2;44;noise;
Minipatches_light_20260116/20221017T202150_SmallPatches_C3-CAM2;45;noise;
Minipatches_light_20260116/20221017T202150_SmallPatches_C3-CAM2;46;noise;
Minipatches_light_20260116/20221017T202150_SmallPatches_C3-CAM2;47;noise;
Minipatches_light_20260116/20221017T202150_SmallPatches_C3-CAM2;48;noise;
Minipatches_light_20260116/20221017T202150_SmallPatches_C3-CAM2;49;noise;
Minipatches_light_20260116/20221017T202150_SmallPatches_C3-CAM2;50;noise;
Minipatches_light_20260116/20221017T202150_SmallPatches_C3-CAM2;51;noise;
Minipatches_light_20260116/20221017T202150_SmallPatches_C3-CAM2;52;noise;
Minipatches_light_20260116/20221017T202150_SmallPatches_C3-CAM2;53;noise;
Minipatches_light_20260116/20221017T202150_SmallPatches_C3-CAM2;54;noise;
Minipatches_light_20260116/20221017T202150_SmallPatches_C3-CAM2;55;noise;
Minipatches_light_20260116/20221017T202150_SmallPatches_C3-CAM2;56;noise;
Minipatches_light_20260116/20221017T202150_SmallPatches_C3-CAM2;57;noise;
Minipatches_light_20260116/20221017T202150_SmallPatches_C3-CAM2;58;noise;
Minipatches_light_20260116/20221017T202150_SmallPatches_C3-CAM2;59;noise;
Minipatches_light_20260116/20221017T202150_SmallPatches_C3-CAM2;60;noise;
Minipatches_light_20260116/20221017T202150_SmallPatches_C3-CAM2;61;noise;
Minipatches_light_20260116/20221017T202150_SmallPatches_C3-CAM2;62;noise;
Minipatches_light_20260116/20221017T202150_SmallPatches_C3-CAM2;63;noise;
Minipatches_light_20260116/20221017T202150_SmallPatches_C3-CAM2;64;noise;
Minipatches_light_20260116/20221017T202150_SmallPatches_C3-CAM2;65;noise;
Minipatches_light_20260116/20221017T202150_SmallPatches_C3-CAM2;66;noise;
Minipatches_light_20260116/20221017T202150_SmallPatches_C3-CAM2;67;noise;
Minipatches_light_20260116/20221017T202150_SmallPatches_C3-CAM2;68;noise;
Minipatches_light_20260116/20221017T202150_SmallPatches_C3-CAM2;69;noise;
Minipatches_light_20260116/20221017T202150_SmallPatches_C3-CAM2;70;noise;
Minipatches_light_20260116/20221017T202150_SmallPatches_C3-CAM2;71;noise;
Minipatches_light_20260116/20221017T202150_SmallPatches_C3-CAM2;72;noise;
Minipatches_light_20260116/20221017T202150_SmallPatches_C3-CAM2;73;noise;
Minipatches_light_20260116/20221017T202150_SmallPatches_C3-CAM2;74;noise;
Minipatches_light_20260116/20221017T202150_SmallPatches_C3-CAM2;75;noise;
Minipatches_light_20260116/20221017T202150_SmallPatches_C3-CAM2;76;noise;
Minipatches_light_20260116/20221017T202150_SmallPatches_C3-CAM2;77;noise;
Minipatches_light_20260116/20221017T202150_SmallPatches_C3-CAM2;78;noise;
Minipatches_light_20260116/20221017T202150_SmallPatches_C3-CAM2;79;noise;
Minipatches_light_20260116/20221017T202150_SmallPatches_C3-CAM2;80;noise;
Minipatches_light_20260116/20221017T202150_SmallPatches_C3-CAM2;81;noise;
Minipatches_light_20260116/20221017T202150_SmallPatches_C3-CAM2;82;noise;
Minipatches_light_20260116/20221017T202150_SmallPatches_C3-CAM2;83;noise;
Minipatches_light_20260116/20221017T202150_SmallPatches_C3-CAM2;84;noise;
Minipatches_light_20260116/20221017T202150_SmallPatches_C3-CAM2;85;noise;
Minipatches_light_20260116/20221017T202150_SmallPatches_C3-CAM2;86;noise;
Minipatches_light_20260116/20221017T202150_SmallPatches_C3-CAM2;87;noise;
Minipatches_light_20260116/20221017T202150_SmallPatches_C3-CAM2;88;noise;
Minipatches_light_20260116/20221017T202150_SmallPatches_C3-CAM2;89;noise;
Minipatches_light_20260116/20221017T202150_SmallPatches_C3-CAM2;90;noise;
Minipatches_light_20260116/20221017T202150_SmallPatches_C3-CAM2;91;noise;
Minipatches_light_20260116/20221017T202150_SmallPatches_C3-CAM2;92;noise;
Minipatches_light_20260116/20221017T202150_SmallPatches_C3-CAM2;93;noise;
Minipatches_light_20260116/20221017T202150_SmallPatches_C3-CAM2;94;noise;
Minipatches_light_20260116/20221017T202150_SmallPatches_C3-CAM2;95;noise;
Minipatches_light_20260116/20221017T202150_SmallPatches_C3-CAM2;96;noise;
Minipatches_light_20260116/20221017T202150_SmallPatches_C3-CAM2;97;noise;
Minipatches_light_20260116/20221017T202150_SmallPatches_C3-CAM2;98;noise;
Minipatches_light_20260116/20221017T202150_SmallPatches_C3-CAM2;99;noise;
Minipatches_light_20260116/20221017T202150_SmallPatches_C3-CAM2;100;noise;
Minipatches_light_20260116/20221017T202150_SmallPatches_C3-CAM2;101;noise;
Minipatches_light_20260116/20221017T202150_SmallPatches_C3-CAM2;102;noise;
Minipatches_light_20260116/20221017T202150_SmallPatches_C3-CAM2;103;noise;
Minipatches_light_20260116/20221017T202150_SmallPatches_C3-CAM2;104;noise;
Minipatches_light_20260116/20221017T202150_SmallPatches_C3-CAM2;105;noise;
Minipatches_light_20260116/20221017T202150_SmallPatches_C3-CAM2;106;noise;
Minipatches_light_20260116/20221017T202150_SmallPatches_C3-CAM2;107;noise;
Minipatches_light_20260116/20221017T202150_SmallPatches_C3-CAM2;108;noise;
Minipatches_light_20260116/20221017T202150_SmallPatches_C3-CAM2;109;noise;
Minipatches_light_20260116/20221017T202150_SmallPatches_C3-CAM2;110;noise;
Minipatches_light_20260116/20221017T202150_SmallPatches_C3-CAM2;111;noise;
Minipatches_light_20260116/20221017T202150_SmallPatches_C3-CAM2;112;noise;
Minipatches_light_20260116/20221117T104110_SmallPatches_C2-CAM8;1;worm;1 worm
Minipatches_light_20260116/20221117T104110_SmallPatches_C2-CAM8;2;noise;
Minipatches_light_20260116/20221117T104110_SmallPatches_C2-CAM8;3;noise;
Minipatches_light_20260116/20221117T104110_SmallPatches_C2-CAM8;4;noise;
Minipatches_light_20260116/20221117T104110_SmallPatches_C2-CAM8;5;noise;
Minipatches_light_20260116/20221117T104110_SmallPatches_C2-CAM8;6;noise;
Minipatches_light_20260116/20221117T104110_SmallPatches_C2-CAM8;7;noise;
Minipatches_light_20260116/20221117T104110_SmallPatches_C2-CAM8;8;noise;
Minipatches_light_20260116/20221117T104110_SmallPatches_C2-CAM8;9;noise;
Minipatches_light_20260116/20221117T104110_SmallPatches_C2-CAM8;10;noise;
Minipatches_light_20260116/20221117T104110_SmallPatches_C2-CAM8;11;noise;
Minipatches_light_20260116/20221117T104110_SmallPatches_C2-CAM8;12;noise;
Minipatches_light_20260116/20221117T104110_SmallPatches_C2-CAM8;13;noise;
Minipatches_light_20260116/20221014T103141_SmallPatches_C6-CAM4;1;worm;1 worm
Minipatches_light_20260116/20221014T103141_SmallPatches_C6-CAM4;2;noise;
Minipatches_light_20260116/20221014T103141_SmallPatches_C6-CAM4;3;noise;
Minipatches_light_20260116/20221014T103141_SmallPatches_C6-CAM4;4;noise;
Minipatches_light_20260116/20221014T103141_SmallPatches_C6-CAM4;5;noise;
Minipatches_light_20260116/20221014T103141_SmallPatches_C6-CAM4;6;noise;
Minipatches_light_20260116/20221014T103141_SmallPatches_C6-CAM4;7;noise;
Minipatches_light_20260116/20221014T103141_SmallPatches_C6-CAM4;8;noise;
Minipatches_light_20260116/20221014T103141_SmallPatches_C6-CAM4;9;noise;
Minipatches_light_20260116/20221014T103141_SmallPatches_C6-CAM4;10;noise;
Minipatches_light_20260116/20221014T103141_SmallPatches_C6-CAM4;11;noise;
Minipatches_light_20260116/20221014T103141_SmallPatches_C6-CAM4;12;noise;
Minipatches_light_20260116/20221014T103141_SmallPatches_C6-CAM4;13;noise;
Minipatches_light_20260116/20221014T103141_SmallPatches_C6-CAM4;14;noise;
Minipatches_light_20260116/20221014T103141_SmallPatches_C6-CAM4;15;noise;
Minipatches_light_20260116/20221014T103141_SmallPatches_C6-CAM4;16;noise;
Minipatches_light_20260116/20221014T103141_SmallPatches_C6-CAM4;17;noise;
Minipatches_light_20260116/20221014T103141_SmallPatches_C6-CAM4;18;noise;
Minipatches_light_20260116/20221014T103141_SmallPatches_C6-CAM4;19;noise;
Minipatches_light_20260116/20221014T103141_SmallPatches_C6-CAM4;20;noise;
Minipatches_light_20260116/20221014T103141_SmallPatches_C6-CAM4;21;noise;
Minipatches_light_20260116/20221014T103141_SmallPatches_C6-CAM4;22;noise;
Minipatches_light_20260116/20221014T103141_SmallPatches_C6-CAM4;23;noise;
Minipatches_light_20260116/20221014T103141_SmallPatches_C6-CAM4;24;noise;
Minipatches_light_20260116/20221014T103141_SmallPatches_C6-CAM4;25;noise;
Minipatches_light_20260116/20221014T103141_SmallPatches_C6-CAM4;26;noise;
Minipatches_light_20260116/20221014T103141_SmallPatches_C6-CAM4;27;noise;
Minipatches_light_20260116/20221014T103141_SmallPatches_C6-CAM4;28;noise;
Minipatches_light_20260116/20221014T103141_SmallPatches_C6-CAM4;29;noise;
Minipatches_light_20260116/20221014T103141_SmallPatches_C6-CAM4;30;noise;
Minipatches_light_20260116/20221014T103141_SmallPatches_C6-CAM4;31;noise;
Minipatches_light_20260116/20221014T103141_SmallPatches_C6-CAM4;32;noise;
Minipatches_light_20260116/20221014T103141_SmallPatches_C6-CAM4;33;noise;
Minipatches_light_20260116/20221014T103141_SmallPatches_C6-CAM4;34;noise;
Minipatches_light_20260116/20221014T103141_SmallPatches_C6-CAM4;35;noise;
Minipatches_light_20260116/20221014T103141_SmallPatches_C6-CAM4;36;noise;
Minipatches_light_20260116/20221014T103141_SmallPatches_C6-CAM4;37;noise;
Minipatches_light_20260116/20221014T103141_SmallPatches_C6-CAM4;38;noise;
Minipatches_light_20260116/20221014T103141_SmallPatches_C6-CAM4;39;noise;
Minipatches_light_20260116/20221014T103141_SmallPatches_C6-CAM4;40;noise;
Minipatches_light_20260116/20221014T103141_SmallPatches_C6-CAM4;41;noise;
Minipatches_light_20260116/20221014T103141_SmallPatches_C6-CAM4;42;noise;
Minipatches_light_20260116/20221014T103141_SmallPatches_C6-CAM4;43;noise;
Minipatches_light_20260116/20221014T103141_SmallPatches_C6-CAM4;44;noise;
Minipatches_light_20260116/20221014T103141_SmallPatches_C6-CAM4;45;noise;
Minipatches_light_20260116/20221014T103141_SmallPatches_C6-CAM4;46;noise;
Minipatches_light_20260116/20221121T205850_SmallPatches_C6-CAM2;1;worm1;2 worms
Minipatches_light_20260116/20221121T205850_SmallPatches_C6-CAM2;2;noise;
Minipatches_light_20260116/20221121T205850_SmallPatches_C6-CAM2;3;noise;
Minipatches_light_20260116/20221121T205850_SmallPatches_C6-CAM2;4;noise;
Minipatches_light_20260116/20221121T205850_SmallPatches_C6-CAM2;5;noise;
Minipatches_light_20260116/20221121T205850_SmallPatches_C6-CAM2;6;noise;
Minipatches_light_20260116/20221121T205850_SmallPatches_C6-CAM2;7;noise;
Minipatches_light_20260116/20221121T205850_SmallPatches_C6-CAM2;8;noise;
Minipatches_light_20260116/20221121T205850_SmallPatches_C6-CAM2;9;noise;
Minipatches_light_20260116/20221121T205850_SmallPatches_C6-CAM2;10;noise;
Minipatches_light_20260116/20221121T205850_SmallPatches_C6-CAM2;11;noise;
Minipatches_light_20260116/20221121T205850_SmallPatches_C6-CAM2;12;noise;
Minipatches_light_20260116/20221121T205850_SmallPatches_C6-CAM2;13;noise;
Minipatches_light_20260116/20221121T205850_SmallPatches_C6-CAM2;14;worm2;
Minipatches_light_20260116/20221121T205850_SmallPatches_C6-CAM2;15;noise;
Minipatches_light_20260116/20221121T205850_SmallPatches_C6-CAM2;16;noise;
Minipatches_light_20260116/20221121T205850_SmallPatches_C6-CAM2;17;noise;
Minipatches_light_20260116/20221121T205850_SmallPatches_C6-CAM2;18;noise;
Minipatches_light_20260116/20221121T205850_SmallPatches_C6-CAM2;19;noise;
Minipatches_light_20260116/20221121T205850_SmallPatches_C6-CAM2;20;noise;
Minipatches_light_20260116/20221121T205850_SmallPatches_C6-CAM2;21;noise;
Minipatches_light_20260116/20221121T205850_SmallPatches_C6-CAM2;22;noise;
Minipatches_light_20260116/20221121T205850_SmallPatches_C6-CAM2;23;noise;
Minipatches_light_20260116/20221121T205850_SmallPatches_C6-CAM2;24;noise;
Minipatches_light_20260116/20221121T205850_SmallPatches_C6-CAM2;25;noise;
Minipatches_light_20260116/20221121T205850_SmallPatches_C6-CAM2;26;noise;
Minipatches_light_20260116/20221121T205850_SmallPatches_C6-CAM2;27;noise;
Minipatches_light_20260116/20221121T205850_SmallPatches_C6-CAM2;28;noise;
Minipatches_light_20260116/20221121T205850_SmallPatches_C6-CAM2;29;noise;
Minipatches_light_20260116/20221121T205850_SmallPatches_C6-CAM2;30;noise;
Minipatches_light_20260116/20221121T205850_SmallPatches_C6-CAM2;31;noise;
Minipatches_light_20260116/20221121T205850_SmallPatches_C6-CAM2;32;noise;
Minipatches_light_20260116/20221121T205850_SmallPatches_C6-CAM2;33;noise;
Minipatches_light_20260116/20221122T102319_SmallPatches_C1-CAM5;1;noise;4 worms
Minipatches_light_20260116/20221122T102319_SmallPatches_C1-CAM5;2;worm;
Minipatches_light_20260116/20221122T102319_SmallPatches_C1-CAM5;3;worm;
Minipatches_light_20260116/20221122T102319_SmallPatches_C1-CAM5;4;noise;
Minipatches_light_20260116/20221122T102319_SmallPatches_C1-CAM5;5;noise;
Minipatches_light_20260116/20221122T102319_SmallPatches_C1-CAM5;6;noise;
Minipatches_light_20260116/20221122T102319_SmallPatches_C1-CAM5;7;noise;
Minipatches_light_20260116/20221122T102319_SmallPatches_C1-CAM5;8;noise;
Minipatches_light_20260116/20221122T102319_SmallPatches_C1-CAM5;9;noise;
Minipatches_light_20260116/20221122T102319_SmallPatches_C1-CAM5;10;noise;
Minipatches_light_20260116/20221122T102319_SmallPatches_C1-CAM5;11;noise;
Minipatches_light_20260116/20221122T102319_SmallPatches_C1-CAM5;12;noise;
Minipatches_light_20260116/20221122T102319_SmallPatches_C1-CAM5;13;noise;
Minipatches_light_20260116/20221122T102319_SmallPatches_C1-CAM5;14;noise;
Minipatches_light_20260116/20221122T102319_SmallPatches_C1-CAM5;15;noise;
Minipatches_light_20260116/20221122T102319_SmallPatches_C1-CAM5;16;noise;
Minipatches_light_20260116/20221122T102319_SmallPatches_C1-CAM5;17;noise;
Minipatches_light_20260116/20221122T102319_SmallPatches_C1-CAM5;18;noise;
Minipatches_light_20260116/20221122T102319_SmallPatches_C1-CAM5;19;noise;
Minipatches_light_20260116/20221122T102319_SmallPatches_C1-CAM5;20;noise;
Minipatches_light_20260116/20221122T102319_SmallPatches_C1-CAM5;21;noise;
Minipatches_light_20260116/20221122T102319_SmallPatches_C1-CAM5;22;noise;
Minipatches_light_20260116/20221122T102319_SmallPatches_C1-CAM5;23;noise;
Minipatches_light_20260116/20221122T102319_SmallPatches_C1-CAM5;24;noise;
Minipatches_light_20260116/20221122T102319_SmallPatches_C1-CAM5;25;noise;
Minipatches_light_20260116/20221122T102319_SmallPatches_C1-CAM5;26;noise;
Minipatches_light_20260116/20221122T102319_SmallPatches_C1-CAM5;27;noise;
Minipatches_light_20260116/20221122T102319_SmallPatches_C1-CAM5;28;worm;
Minipatches_light_20260116/20221122T102319_SmallPatches_C1-CAM5;29;noise;
Minipatches_light_20260116/20221122T102319_SmallPatches_C1-CAM5;30;noise;
Minipatches_light_20260116/20221122T102319_SmallPatches_C1-CAM5;31;worm;
Minipatches_light_20260116/20221122T102319_SmallPatches_C1-CAM5;32;noise;
Minipatches_light_20260116/20221122T102319_SmallPatches_C1-CAM5;33;noise;
Minipatches_light_20260116/20221122T102319_SmallPatches_C1-CAM5;34;noise;
Minipatches_light_20260116/20221122T102319_SmallPatches_C1-CAM5;35;noise;
Minipatches_light_20260116/20221122T102319_SmallPatches_C1-CAM5;36;noise;
Minipatches_light_20260116/20221122T102319_SmallPatches_C1-CAM5;37;noise;
Minipatches_light_20260116/20221122T102319_SmallPatches_C1-CAM5;38;noise;
Minipatches_light_20260116/20221122T102319_SmallPatches_C1-CAM5;39;noise;
Minipatches_light_20260116/20221122T102319_SmallPatches_C1-CAM5;40;noise;
Minipatches_light_20260116/20221122T102319_SmallPatches_C1-CAM5;41;noise;
Minipatches_light_20260116/20221122T102319_SmallPatches_C1-CAM5;42;noise;
Minipatches_light_20260116/20221122T102319_SmallPatches_C1-CAM5;43;noise;
Minipatches_light_20260116/20221122T102319_SmallPatches_C1-CAM5;44;noise;
Minipatches_light_20260116/20221122T102319_SmallPatches_C1-CAM5;45;noise;
Minipatches_light_20260116/20221122T102319_SmallPatches_C1-CAM5;46;noise;
Minipatches_light_20260116/20221122T102319_SmallPatches_C1-CAM5;47;noise;
Minipatches_light_20260116/20221122T102319_SmallPatches_C1-CAM5;48;noise;
Minipatches_light_20260116/20221122T102319_SmallPatches_C1-CAM5;49;noise;
Minipatches_light_20260116/20221122T102319_SmallPatches_C1-CAM5;50;noise;
Minipatches_light_20260116/20221122T102319_SmallPatches_C1-CAM5;51;noise;
Minipatches_light_20260116/20221122T102319_SmallPatches_C1-CAM5;52;noise;
Minipatches_light_20260116/20221122T102319_SmallPatches_C1-CAM5;53;noise;
Minipatches_light_20260116/20221122T102319_SmallPatches_C1-CAM5;54;noise;
Minipatches_light_20260116/20221115T111955_SmallPatches_C1-CAM5;1;worm;1 worm
Minipatches_light_20260116/20221115T111955_SmallPatches_C1-CAM5;2;noise;
Minipatches_light_20260116/20221115T111955_SmallPatches_C1-CAM5;3;noise;
Minipatches_light_20260116/20221115T111955_SmallPatches_C1-CAM5;4;noise;
Minipatches_light_20260116/20221115T111955_SmallPatches_C1-CAM5;5;noise;
Minipatches_light_20260116/20221115T111955_SmallPatches_C1-CAM5;6;noise;
Minipatches_light_20260116/20221115T111955_SmallPatches_C1-CAM5;7;noise;
Minipatches_light_20260116/20221115T111955_SmallPatches_C1-CAM5;8;noise;
Minipatches_light_20260116/20221115T111955_SmallPatches_C1-CAM5;9;noise;
Minipatches_light_20260116/20221115T111955_SmallPatches_C1-CAM5;10;noise;
Minipatches_light_20260116/20221115T111955_SmallPatches_C1-CAM5;11;noise;
Minipatches_light_20260116/20221115T111955_SmallPatches_C1-CAM5;12;noise;
Minipatches_light_20260116/20221115T111955_SmallPatches_C1-CAM5;13;noise;
Minipatches_light_20260116/20221115T111955_SmallPatches_C1-CAM5;14;noise;
Minipatches_light_20260116/20221115T111955_SmallPatches_C1-CAM5;15;noise;
Minipatches_light_20260116/20221115T111955_SmallPatches_C1-CAM5;16;noise;
Minipatches_light_20260116/20221115T111955_SmallPatches_C1-CAM5;17;noise;
Minipatches_light_20260116/20221115T111955_SmallPatches_C1-CAM5;18;noise;
Minipatches_light_20260116/20221115T111955_SmallPatches_C1-CAM5;19;noise;
Minipatches_light_20260116/20221115T111955_SmallPatches_C1-CAM5;20;noise;
Minipatches_light_20260116/20221115T111955_SmallPatches_C1-CAM5;21;noise;
Minipatches_light_20260116/20221115T111955_SmallPatches_C1-CAM5;22;noise;
Minipatches_light_20260116/20221115T111955_SmallPatches_C1-CAM5;23;noise;
Minipatches_light_20260116/20221115T111955_SmallPatches_C1-CAM5;24;noise;
Minipatches_light_20260116/20221115T111955_SmallPatches_C1-CAM5;25;noise;
Minipatches_light_20260116/20221115T111955_SmallPatches_C1-CAM5;26;noise;
Minipatches_light_20260116/20221115T111955_SmallPatches_C1-CAM5;27;noise;
Minipatches_light_20260116/20221115T111955_SmallPatches_C1-CAM5;28;noise;
Minipatches_light_20260116/20221115T111955_SmallPatches_C1-CAM5;29;noise;
Minipatches_light_20260116/20221115T111955_SmallPatches_C1-CAM5;30;noise;
Minipatches_light_20260116/20221115T111955_SmallPatches_C1-CAM5;31;noise;
Minipatches_light_20260116/20221115T111955_SmallPatches_C1-CAM5;32;noise;
Minipatches_light_20260116/20221115T111955_SmallPatches_C1-CAM5;33;noise;
Minipatches_light_20260116/20221115T111955_SmallPatches_C1-CAM5;34;noise;
Minipatches_light_20260116/20221115T111955_SmallPatches_C1-CAM5;35;noise;
Minipatches_light_20260116/20221115T111955_SmallPatches_C1-CAM5;36;noise;
Minipatches_light_20260116/20221115T111955_SmallPatches_C1-CAM5;37;noise;
Minipatches_light_20260116/20221115T111955_SmallPatches_C1-CAM5;38;noise;
Minipatches_light_20260116/20221115T111955_SmallPatches_C1-CAM5;39;noise;
Minipatches_light_20260116/20221115T111955_SmallPatches_C1-CAM5;40;noise;
Minipatches_light_20260116/20221115T111955_SmallPatches_C1-CAM5;41;noise;
Minipatches_light_20260116/20221115T111955_SmallPatches_C1-CAM5;42;noise;
Minipatches_light_20260116/20221115T111955_SmallPatches_C1-CAM5;43;noise;
Minipatches_light_20260116/20221115T111955_SmallPatches_C1-CAM5;44;noise;
Minipatches_light_20260116/20221115T111955_SmallPatches_C1-CAM5;45;noise;
Minipatches_light_20260116/20221115T111955_SmallPatches_C1-CAM5;46;noise;
Minipatches_light_20260116/20221115T111955_SmallPatches_C1-CAM5;47;noise;
Minipatches_light_20260116/20221115T111955_SmallPatches_C1-CAM5;48;noise;
Minipatches_light_20260116/20221115T111955_SmallPatches_C1-CAM5;49;noise;
Minipatches_light_20260116/20221115T111955_SmallPatches_C1-CAM5;50;noise;
Minipatches_light_20260116/20221115T111955_SmallPatches_C1-CAM5;51;noise;
Minipatches_light_20260116/20221115T111955_SmallPatches_C1-CAM5;52;noise;
Minipatches_light_20260116/20221115T111955_SmallPatches_C1-CAM5;53;noise;
Minipatches_light_20260116/20221115T111955_SmallPatches_C1-CAM5;54;noise;
Minipatches_light_20260116/20221115T111955_SmallPatches_C1-CAM5;55;noise;
Minipatches_light_20260116/20221115T111955_SmallPatches_C1-CAM5;56;noise;
Minipatches_light_20260116/20221115T111955_SmallPatches_C1-CAM5;57;noise;
Minipatches_light_20260116/20221115T111955_SmallPatches_C1-CAM5;58;noise;
Minipatches_light_20260116/20221115T111955_SmallPatches_C1-CAM5;59;noise;
Minipatches_light_20260116/20221115T111955_SmallPatches_C1-CAM5;60;noise;
Minipatches_light_20260116/20221115T111955_SmallPatches_C1-CAM5;61;noise;
Minipatches_light_20260116/20221115T111955_SmallPatches_C1-CAM5;62;noise;
Minipatches_light_20260116/20221115T111955_SmallPatches_C1-CAM5;63;noise;
Minipatches_light_20260116/20221115T111955_SmallPatches_C1-CAM5;64;noise;
Minipatches_light_20260116/20221115T111955_SmallPatches_C1-CAM5;65;noise;
Minipatches_light_20260116/20221115T111955_SmallPatches_C1-CAM5;66;noise;
Minipatches_light_20260116/20221115T111955_SmallPatches_C1-CAM5;67;noise;
Minipatches_light_20260116/20221115T111955_SmallPatches_C1-CAM5;68;noise;
Minipatches_light_20260116/20221115T111955_SmallPatches_C1-CAM5;69;noise;
Minipatches_light_20260116/20221115T111955_SmallPatches_C1-CAM5;70;noise;
Minipatches_light_20260116/20221115T111955_SmallPatches_C1-CAM5;71;noise;
Minipatches_light_20260116/20221115T111955_SmallPatches_C1-CAM5;72;noise;
Minipatches_light_20260116/20221014T191245_SmallPatches_C3-CAM4;NA;NA;no_traj_csv
Minipatches_light_20260116/20221110T193129_SmallPatches_C2-CAM4;1;worm;1 worm
Minipatches_light_20260116/20221110T193129_SmallPatches_C2-CAM4;2;noise;
Minipatches_light_20260116/20221110T193129_SmallPatches_C2-CAM4;3;noise;
Minipatches_light_20260116/20221110T193129_SmallPatches_C2-CAM4;4;noise;
Minipatches_light_20260116/20221110T193129_SmallPatches_C2-CAM4;5;noise;
Minipatches_light_20260116/20221110T193129_SmallPatches_C2-CAM4;6;noise;
Minipatches_light_20260116/20221110T193129_SmallPatches_C2-CAM4;7;noise;
Minipatches_light_20260116/20221110T193129_SmallPatches_C2-CAM4;8;noise;
Minipatches_light_20260116/20221110T193129_SmallPatches_C2-CAM4;9;noise;
Minipatches_light_20260116/20221110T193129_SmallPatches_C2-CAM4;10;noise;
Minipatches_light_20260116/20221110T193129_SmallPatches_C2-CAM4;11;noise;
Minipatches_light_20260116/20221110T193129_SmallPatches_C2-CAM4;12;noise;
Minipatches_light_20260116/20221110T193129_SmallPatches_C2-CAM4;13;noise;
Minipatches_light_20260116/20221110T193129_SmallPatches_C2-CAM4;14;noise;
Minipatches_light_20260116/20221110T193129_SmallPatches_C2-CAM4;15;noise;
Minipatches_light_20260116/20221110T193129_SmallPatches_C2-CAM4;16;noise;
Minipatches_light_20260116/20221110T193129_SmallPatches_C2-CAM4;17;noise;
Minipatches_light_20260116/20221110T193129_SmallPatches_C2-CAM4;18;noise;
Minipatches_light_20260116/20221110T193129_SmallPatches_C2-CAM4;19;noise;
Minipatches_light_20260116/20221110T193129_SmallPatches_C2-CAM4;20;noise;
Minipatches_light_20260116/20221110T193129_SmallPatches_C2-CAM4;21;noise;
Minipatches_light_20260116/20221110T193129_SmallPatches_C2-CAM4;22;noise;
Minipatches_light_20260116/20221110T193129_SmallPatches_C2-CAM4;23;noise;
Minipatches_light_20260116/20221110T193129_SmallPatches_C2-CAM4;24;noise;
Minipatches_light_20260116/20221110T193129_SmallPatches_C2-CAM4;25;noise;
Minipatches_light_20260116/20221110T193129_SmallPatches_C2-CAM4;26;noise;
Minipatches_light_20260116/20221110T193129_SmallPatches_C2-CAM4;27;noise;
Minipatches_light_20260116/20221110T193129_SmallPatches_C2-CAM4;28;noise;
Minipatches_light_20260116/20221110T193129_SmallPatches_C2-CAM4;29;noise;
Minipatches_light_20260116/20221110T193129_SmallPatches_C2-CAM4;30;noise;
Minipatches_light_20260116/20221110T193129_SmallPatches_C2-CAM4;31;noise;
Minipatches_light_20260116/20221110T193129_SmallPatches_C2-CAM4;32;noise;
Minipatches_light_20260116/20221110T193129_SmallPatches_C2-CAM4;33;noise;
Minipatches_light_20260116/20221110T193129_SmallPatches_C2-CAM4;34;noise;
Minipatches_light_20260116/20221110T193129_SmallPatches_C2-CAM4;35;noise;
Minipatches_light_20260116/20221110T193129_SmallPatches_C2-CAM4;36;noise;
Minipatches_light_20260116/20221110T193129_SmallPatches_C2-CAM4;37;noise;
Minipatches_light_20260116/20221110T193129_SmallPatches_C2-CAM4;38;noise;
Minipatches_light_20260116/20221110T193129_SmallPatches_C2-CAM4;39;noise;
Minipatches_light_20260116/20221110T193129_SmallPatches_C2-CAM4;40;noise;
Minipatches_light_20260116/20221110T193129_SmallPatches_C2-CAM4;41;noise;
Minipatches_light_20260116/20221110T193129_SmallPatches_C2-CAM4;42;noise;
Minipatches_light_20260116/20221110T193129_SmallPatches_C2-CAM4;43;noise;
Minipatches_light_20260116/20221110T193129_SmallPatches_C2-CAM4;44;noise;
Minipatches_light_20260116/20221110T193129_SmallPatches_C2-CAM4;45;noise;
Minipatches_light_20260116/20221110T193129_SmallPatches_C2-CAM4;46;noise;
Minipatches_light_20260116/20221110T193129_SmallPatches_C2-CAM4;47;noise;
Minipatches_light_20260116/20221110T193129_SmallPatches_C2-CAM4;48;noise;
Minipatches_light_20260116/20221110T193129_SmallPatches_C2-CAM4;49;noise;
Minipatches_light_20260116/20221110T193129_SmallPatches_C2-CAM4;50;noise;
Minipatches_light_20260116/20221110T193129_SmallPatches_C2-CAM4;51;noise;
Minipatches_light_20260116/20221110T193129_SmallPatches_C2-CAM4;52;noise;
Minipatches_light_20260116/20221110T193129_SmallPatches_C2-CAM4;53;noise;
Minipatches_light_20260116/20221110T193129_SmallPatches_C2-CAM4;54;noise;
Minipatches_light_20260116/20221110T193129_SmallPatches_C2-CAM4;55;noise;
Minipatches_light_20260116/20221110T193129_SmallPatches_C2-CAM4;56;noise;
Minipatches_light_20260116/20221110T193129_SmallPatches_C2-CAM4;57;noise;
Minipatches_light_20260116/20221110T193129_SmallPatches_C2-CAM4;58;noise;
Minipatches_light_20260116/20221110T193129_SmallPatches_C2-CAM4;59;noise;
Minipatches_light_20260116/20221110T193129_SmallPatches_C2-CAM4;60;noise;
Minipatches_light_20260116/20221110T193129_SmallPatches_C2-CAM4;61;noise;
Minipatches_light_20260116/20221110T193129_SmallPatches_C2-CAM4;62;noise;
Minipatches_light_20260116/20221110T193129_SmallPatches_C2-CAM4;63;noise;
Minipatches_light_20260116/20221110T193129_SmallPatches_C2-CAM4;64;noise;
Minipatches_light_20260116/20221110T193129_SmallPatches_C2-CAM4;65;noise;
Minipatches_light_20260116/20221110T193129_SmallPatches_C2-CAM4;66;noise;
Minipatches_light_20260116/20221110T193129_SmallPatches_C2-CAM4;67;noise;
Minipatches_light_20260116/20221110T193129_SmallPatches_C2-CAM4;68;noise;
Minipatches_light_20260116/20221110T193129_SmallPatches_C2-CAM4;69;noise;
Minipatches_light_20260116/20221110T193129_SmallPatches_C2-CAM4;70;noise;
Minipatches_light_20260116/20221110T193129_SmallPatches_C2-CAM4;71;noise;
Minipatches_light_20260116/20221125T144101_SmallPatches_C6-CAM4;72;noise;
Minipatches_light_20260116/20221125T144101_SmallPatches_C6-CAM4;1;worm;1 worm
Minipatches_light_20260116/20221125T144101_SmallPatches_C6-CAM4;2;noise;
Minipatches_light_20260116/20221125T144101_SmallPatches_C6-CAM4;3;noise;
Minipatches_light_20260116/20221125T144101_SmallPatches_C6-CAM4;4;noise;
Minipatches_light_20260116/20221125T144101_SmallPatches_C6-CAM4;5;noise;
Minipatches_light_20260116/20221125T144101_SmallPatches_C6-CAM4;6;noise;
Minipatches_light_20260116/20221125T144101_SmallPatches_C6-CAM4;7;noise;
Minipatches_light_20260116/20221125T144101_SmallPatches_C6-CAM4;8;noise;
Minipatches_light_20260116/20221125T144101_SmallPatches_C6-CAM4;9;noise;
Minipatches_light_20260116/20221125T144101_SmallPatches_C6-CAM4;10;noise;
Minipatches_light_20260116/20221125T144101_SmallPatches_C6-CAM4;11;noise;
Minipatches_light_20260116/20221125T144101_SmallPatches_C6-CAM4;12;noise;
Minipatches_light_20260116/20221125T144101_SmallPatches_C6-CAM4;13;noise;
Minipatches_light_20260116/20221125T144101_SmallPatches_C6-CAM4;14;noise;
Minipatches_light_20260116/20221125T144101_SmallPatches_C6-CAM4;15;noise;
Minipatches_light_20260116/20221125T144101_SmallPatches_C6-CAM4;16;noise;
Minipatches_light_20260116/20221125T144101_SmallPatches_C6-CAM4;17;noise;
Minipatches_light_20260116/20221125T144101_SmallPatches_C6-CAM4;18;noise;
Minipatches_light_20260116/20221125T144101_SmallPatches_C6-CAM4;19;noise;
Minipatches_light_20260116/20221125T144101_SmallPatches_C6-CAM4;20;noise;
Minipatches_light_20260116/20221125T144101_SmallPatches_C6-CAM4;21;noise;
Minipatches_light_20260116/20221125T144101_SmallPatches_C6-CAM4;22;noise;
Minipatches_light_20260116/20221125T144101_SmallPatches_C6-CAM4;23;noise;
Minipatches_light_20260116/20221125T144101_SmallPatches_C6-CAM4;24;noise;
Minipatches_light_20260116/20221125T144101_SmallPatches_C6-CAM4;25;noise;
Minipatches_light_20260116/20221125T144101_SmallPatches_C6-CAM4;26;noise;
Minipatches_light_20260116/20221125T144101_SmallPatches_C6-CAM4;27;noise;
Minipatches_light_20260116/20221125T144101_SmallPatches_C6-CAM4;28;noise;
Minipatches_light_20260116/20221125T144101_SmallPatches_C6-CAM4;29;noise;
Minipatches_light_20260116/20221125T144101_SmallPatches_C6-CAM4;30;noise;
Minipatches_light_20260116/20221125T144101_SmallPatches_C6-CAM4;31;noise;
Minipatches_light_20260116/20221125T144101_SmallPatches_C6-CAM4;32;noise;
Minipatches_light_20260116/20221125T144101_SmallPatches_C6-CAM4;33;noise;
Minipatches_light_20260116/20221125T144101_SmallPatches_C6-CAM4;34;noise;
Minipatches_light_20260116/20221125T144101_SmallPatches_C6-CAM4;35;noise;
Minipatches_light_20260116/20221125T144101_SmallPatches_C6-CAM4;36;noise;
Minipatches_light_20260116/20221125T144101_SmallPatches_C6-CAM4;37;noise;
Minipatches_light_20260116/20221125T144101_SmallPatches_C6-CAM4;38;noise;
Minipatches_light_20260116/20221125T144101_SmallPatches_C6-CAM4;39;noise;
Minipatches_light_20260116/20221125T144101_SmallPatches_C6-CAM4;40;noise;
Minipatches_light_20260116/20221125T144101_SmallPatches_C6-CAM4;41;noise;
Minipatches_light_20260116/20221125T144101_SmallPatches_C6-CAM4;42;noise;
Minipatches_light_20260116/20221125T144101_SmallPatches_C6-CAM4;43;noise;
Minipatches_light_20260116/20221125T144101_SmallPatches_C6-CAM4;44;noise;
Minipatches_light_20260116/20221125T144101_SmallPatches_C6-CAM4;45;noise;
Minipatches_light_20260116/20221125T144101_SmallPatches_C6-CAM4;46;NA;
Minipatches_light_20260116/20221125T144101_SmallPatches_C6-CAM4;47;NA;
Minipatches_light_20260116/20221125T144101_SmallPatches_C6-CAM4;48;NA;
Minipatches_light_20260116/20221125T144101_SmallPatches_C6-CAM4;49;NA;
Minipatches_light_20260116/20221125T144101_SmallPatches_C6-CAM4;50;NA;
Minipatches_light_20260116/20221125T144101_SmallPatches_C6-CAM4;51;NA;
Minipatches_light_20260116/20221125T144101_SmallPatches_C6-CAM4;52;NA;
Minipatches_light_20260116/20221125T144101_SmallPatches_C6-CAM4;53;NA;
Minipatches_light_20260116/20221125T144101_SmallPatches_C6-CAM4;54;NA;
Minipatches_light_20260116/20221125T144101_SmallPatches_C6-CAM4;55;NA;
Minipatches_light_20260116/20221125T144101_SmallPatches_C6-CAM4;56;NA;
Minipatches_light_20260116/20221125T144101_SmallPatches_C6-CAM4;57;NA;
Minipatches_light_20260116/20221125T144101_SmallPatches_C6-CAM4;58;NA;
Minipatches_light_20260116/20221125T144101_SmallPatches_C6-CAM4;59;NA;
Minipatches_light_20260116/20221125T144101_SmallPatches_C6-CAM4;60;NA;
Minipatches_light_20260116/20221125T144101_SmallPatches_C6-CAM4;61;NA;
Minipatches_light_20260116/20221125T144101_SmallPatches_C6-CAM4;62;NA;
Minipatches_light_20260116/20221125T144101_SmallPatches_C6-CAM4;63;NA;
Minipatches_light_20260116/20221125T144101_SmallPatches_C6-CAM4;64;NA;
Minipatches_light_20260116/20221125T144101_SmallPatches_C6-CAM4;65;NA;
Minipatches_light_20260116/20221125T144101_SmallPatches_C6-CAM4;66;NA;
Minipatches_light_20260116/20221125T144101_SmallPatches_C6-CAM4;67;NA;
Minipatches_light_20260116/20221125T144101_SmallPatches_C6-CAM4;68;NA;
Minipatches_light_20260116/20221125T144101_SmallPatches_C6-CAM4;69;NA;
Minipatches_light_20260116/20221125T144101_SmallPatches_C6-CAM4;70;NA;
Minipatches_light_20260116/20221125T144101_SmallPatches_C6-CAM4;71;NA;
Minipatches_light_20260116/20221125T144101_SmallPatches_C6-CAM4;72;NA;
Minipatches_light_20260116/20221125T144101_SmallPatches_C6-CAM4;73;NA;
Minipatches_light_20260116/20221125T144101_SmallPatches_C6-CAM4;74;NA;
Minipatches_light_20260116/20221125T144101_SmallPatches_C6-CAM4;75;NA;
Minipatches_light_20260116/20221125T144101_SmallPatches_C6-CAM4;76;NA;
Minipatches_light_20260116/20221125T144101_SmallPatches_C6-CAM4;77;NA;
Minipatches_light_20260116/20221125T144101_SmallPatches_C6-CAM4;78;NA;
Minipatches_light_20260116/20221125T144101_SmallPatches_C6-CAM4;79;NA;
Minipatches_light_20260116/20221125T144101_SmallPatches_C6-CAM4;80;NA;
Minipatches_light_20260116/20221125T144101_SmallPatches_C6-CAM4;81;NA;
Minipatches_light_20260116/20221125T144101_SmallPatches_C6-CAM4;82;NA;
Minipatches_light_20260116/20221125T144101_SmallPatches_C6-CAM4;83;NA;
Minipatches_light_20260116/20221125T144101_SmallPatches_C6-CAM4;84;NA;
Minipatches_light_20260116/20221125T144101_SmallPatches_C6-CAM4;85;NA;
Minipatches_light_20260116/20221125T144101_SmallPatches_C6-CAM4;86;NA;
Minipatches_light_20260116/20221125T144101_SmallPatches_C6-CAM4;87;NA;
Minipatches_light_20260116/20221125T144101_SmallPatches_C6-CAM4;88;NA;
Minipatches_light_20260116/20221125T144101_SmallPatches_C6-CAM4;89;NA;
Minipatches_light_20260116/20221125T144101_SmallPatches_C6-CAM4;90;NA;
Minipatches_light_20260116/20221125T144101_SmallPatches_C6-CAM4;91;NA;
Minipatches_light_20260116/20221125T144101_SmallPatches_C6-CAM4;92;NA;
Minipatches_light_20260116/20221125T144101_SmallPatches_C6-CAM4;93;NA;
Minipatches_light_20260116/20221125T144101_SmallPatches_C6-CAM4;94;NA;
Minipatches_light_20260116/20221125T144101_SmallPatches_C6-CAM4;95;NA;
Minipatches_light_20260116/20221125T144101_SmallPatches_C6-CAM4;96;NA;
Minipatches_light_20260116/20221125T144101_SmallPatches_C6-CAM4;97;NA;
Minipatches_light_20260116/20221125T144101_SmallPatches_C6-CAM4;98;NA;
Minipatches_light_20260116/20221125T144101_SmallPatches_C6-CAM4;99;NA;
Minipatches_light_20260116/20221125T144101_SmallPatches_C6-CAM4;100;NA;
Minipatches_light_20260116/20221125T144101_SmallPatches_C6-CAM4;101;NA;
Minipatches_light_20260116/20221125T144101_SmallPatches_C6-CAM4;102;NA;
Minipatches_light_20260116/20221125T144101_SmallPatches_C6-CAM4;103;NA;
Minipatches_light_20260116/20221125T144101_SmallPatches_C6-CAM4;104;NA;
Minipatches_light_20260116/20221125T144101_SmallPatches_C6-CAM4;105;NA;
Minipatches_light_20260116/20221125T144101_SmallPatches_C6-CAM4;106;NA;
Minipatches_light_20260116/20221125T144101_SmallPatches_C6-CAM4;107;NA;
Minipatches_light_20260116/20221125T144101_SmallPatches_C6-CAM4;108;NA;
Minipatches_light_20260116/20221125T144101_SmallPatches_C6-CAM4;109;NA;
Minipatches_light_20260116/20221125T144101_SmallPatches_C6-CAM4;110;NA;
Minipatches_light_20260116/20221125T144101_SmallPatches_C6-CAM4;111;NA;
Minipatches_light_20260116/20221122T192144_SmallPatches_C1-CAM1;NA;0;0 worm
Minipatches_light_20260116/20221126T203516_SmallPatches_C1-CAM3;1;worm;1 worm
Minipatches_light_20260116/20221126T203516_SmallPatches_C1-CAM3;2;noise;
Minipatches_light_20260116/20221126T203516_SmallPatches_C1-CAM3;3;noise;
Minipatches_light_20260116/20221126T203516_SmallPatches_C1-CAM3;4;noise;
Minipatches_light_20260116/20221126T203516_SmallPatches_C1-CAM3;5;noise;
Minipatches_light_20260116/20221126T203516_SmallPatches_C1-CAM3;6;noise;
Minipatches_light_20260116/20221126T203516_SmallPatches_C1-CAM3;7;noise;
Minipatches_light_20260116/20221126T203516_SmallPatches_C1-CAM3;8;noise;
Minipatches_light_20260116/20221126T203516_SmallPatches_C1-CAM3;9;noise;
Minipatches_light_20260116/20221126T203516_SmallPatches_C1-CAM3;10;noise;
Minipatches_light_20260116/20221126T203516_SmallPatches_C1-CAM3;11;noise;
Minipatches_light_20260116/20221126T203516_SmallPatches_C1-CAM3;12;noise;
Minipatches_light_20260116/20221126T203516_SmallPatches_C1-CAM3;13;noise;
Minipatches_light_20260116/20221126T203516_SmallPatches_C1-CAM3;14;noise;
Minipatches_light_20260116/20221126T203516_SmallPatches_C1-CAM3;15;noise;
Minipatches_light_20260116/20221126T203516_SmallPatches_C1-CAM3;16;noise;
Minipatches_light_20260116/20221126T203516_SmallPatches_C1-CAM3;17;noise;
Minipatches_light_20260116/20221126T203516_SmallPatches_C1-CAM3;18;noise;
Minipatches_light_20260116/20221126T203516_SmallPatches_C1-CAM3;19;noise;
Minipatches_light_20260116/20221126T203516_SmallPatches_C1-CAM3;20;noise;
Minipatches_light_20260116/20221126T203516_SmallPatches_C1-CAM3;21;noise;
Minipatches_light_20260116/20221126T203516_SmallPatches_C1-CAM3;22;noise;
Minipatches_light_20260116/20221126T203516_SmallPatches_C1-CAM3;23;noise;
Minipatches_light_20260116/20221126T203516_SmallPatches_C1-CAM3;24;noise;
Minipatches_light_20260116/20221126T203516_SmallPatches_C1-CAM3;25;noise;
Minipatches_light_20260116/20221126T203516_SmallPatches_C1-CAM3;26;noise;
Minipatches_light_20260116/20221126T203516_SmallPatches_C1-CAM3;27;noise;
Minipatches_light_20260116/20221126T203516_SmallPatches_C1-CAM3;28;noise;
Minipatches_light_20260116/20221126T203516_SmallPatches_C1-CAM3;29;noise;
Minipatches_light_20260116/20221126T203516_SmallPatches_C1-CAM3;30;noise;
Minipatches_light_20260116/20221126T203516_SmallPatches_C1-CAM3;31;noise;
Minipatches_light_20260116/20221126T203516_SmallPatches_C1-CAM3;32;noise;
Minipatches_light_20260116/20221126T203516_SmallPatches_C1-CAM3;33;noise;
Minipatches_light_20260116/20221126T203516_SmallPatches_C1-CAM3;34;noise;
Minipatches_light_20260116/20221126T203516_SmallPatches_C1-CAM3;35;noise;
Minipatches_light_20260116/20221126T203516_SmallPatches_C1-CAM3;36;noise;
Minipatches_light_20260116/20221126T203516_SmallPatches_C1-CAM3;37;noise;
Minipatches_light_20260116/20221126T203516_SmallPatches_C1-CAM3;38;noise;
Minipatches_light_20260116/20221126T203516_SmallPatches_C1-CAM3;39;noise;
Minipatches_light_20260116/20221126T203516_SmallPatches_C1-CAM3;40;noise;
Minipatches_light_20260116/20221126T203516_SmallPatches_C1-CAM3;41;noise;
Minipatches_light_20260116/20221126T203516_SmallPatches_C1-CAM3;42;noise;
Minipatches_light_20260116/20221126T203516_SmallPatches_C1-CAM3;43;noise;
Minipatches_light_20260116/20221126T203516_SmallPatches_C1-CAM3;44;noise;
Minipatches_light_20260116/20221126T203516_SmallPatches_C1-CAM3;45;noise;
Minipatches_light_20260116/20221126T203516_SmallPatches_C1-CAM3;46;noise;
Minipatches_light_20260116/20221126T203516_SmallPatches_C1-CAM3;47;noise;
Minipatches_light_20260116/20221126T203516_SmallPatches_C1-CAM3;48;noise;
Minipatches_light_20260116/20221126T203516_SmallPatches_C1-CAM3;49;noise;
Minipatches_light_20260116/20221126T203516_SmallPatches_C1-CAM3;50;noise;
Minipatches_light_20260116/20221126T203516_SmallPatches_C1-CAM3;51;noise;
Minipatches_light_20260116/20221126T203516_SmallPatches_C1-CAM3;52;noise;
Minipatches_light_20260116/20221126T203516_SmallPatches_C1-CAM3;53;noise;
Minipatches_light_20260116/20221126T203516_SmallPatches_C1-CAM3;54;noise;
Minipatches_light_20260116/20221126T203516_SmallPatches_C1-CAM3;55;noise;
Minipatches_light_20260116/20221126T203516_SmallPatches_C1-CAM3;56;noise;
Minipatches_light_20260116/20221126T203516_SmallPatches_C1-CAM3;57;noise;
Minipatches_light_20260116/20221126T203516_SmallPatches_C1-CAM3;58;noise;
Minipatches_light_20260116/20221126T203516_SmallPatches_C1-CAM3;59;noise;
Minipatches_light_20260116/20221126T203516_SmallPatches_C1-CAM3;60;noise;
Minipatches_light_20260116/20221126T203516_SmallPatches_C1-CAM3;61;noise;
Minipatches_light_20260116/20221126T203516_SmallPatches_C1-CAM3;62;noise;
Minipatches_light_20260116/20221126T203516_SmallPatches_C1-CAM3;63;noise;
Minipatches_light_20260116/20221126T203516_SmallPatches_C1-CAM3;64;noise;
Minipatches_light_20260116/20221126T203516_SmallPatches_C1-CAM3;65;noise;
Minipatches_light_20260116/20221126T203516_SmallPatches_C1-CAM3;66;NA;
Minipatches_light_20260116/20221126T203516_SmallPatches_C1-CAM3;67;NA;
Minipatches_light_20260116/20221126T203516_SmallPatches_C1-CAM3;68;NA;
Minipatches_light_20260116/20221126T203516_SmallPatches_C1-CAM3;69;NA;
Minipatches_light_20260116/20221126T203516_SmallPatches_C1-CAM3;70;NA;
Minipatches_light_20260116/20221126T203516_SmallPatches_C1-CAM3;71;NA;
Minipatches_light_20260116/20221126T203516_SmallPatches_C1-CAM3;72;NA;
Minipatches_light_20260116/20221126T203516_SmallPatches_C1-CAM3;73;NA;
Minipatches_light_20260116/20221126T203516_SmallPatches_C1-CAM3;74;NA;
Minipatches_light_20260116/20221012T203108_SmallPatches_C6-CAM1;0;NA;No traj csv
Minipatches_light_20260116/20221119T201803_SmallPatches_C3-CAM2;1;worm;3 worms
Minipatches_light_20260116/20221119T201803_SmallPatches_C3-CAM2;2;noise;
Minipatches_light_20260116/20221119T201803_SmallPatches_C3-CAM2;3;noise;
Minipatches_light_20260116/20221119T201803_SmallPatches_C3-CAM2;4;noise;
Minipatches_light_20260116/20221119T201803_SmallPatches_C3-CAM2;5;noise;
Minipatches_light_20260116/20221119T201803_SmallPatches_C3-CAM2;6;noise;
Minipatches_light_20260116/20221119T201803_SmallPatches_C3-CAM2;7;noise;
Minipatches_light_20260116/20221119T201803_SmallPatches_C3-CAM2;8;noise;
Minipatches_light_20260116/20221119T201803_SmallPatches_C3-CAM2;9;noise;
Minipatches_light_20260116/20221119T201803_SmallPatches_C3-CAM2;10;noise;
Minipatches_light_20260116/20221119T201803_SmallPatches_C3-CAM2;11;noise;
Minipatches_light_20260116/20221119T201803_SmallPatches_C3-CAM2;12;noise;
Minipatches_light_20260116/20221119T201803_SmallPatches_C3-CAM2;13;noise;
Minipatches_light_20260116/20221119T201803_SmallPatches_C3-CAM2;14;noise;
Minipatches_light_20260116/20221119T201803_SmallPatches_C3-CAM2;15;noise;
Minipatches_light_20260116/20221119T201803_SmallPatches_C3-CAM2;16;noise;
Minipatches_light_20260116/20221119T201803_SmallPatches_C3-CAM2;17;noise;
Minipatches_light_20260116/20221119T201803_SmallPatches_C3-CAM2;18;noise;
Minipatches_light_20260116/20221119T201803_SmallPatches_C3-CAM2;19;noise;
Minipatches_light_20260116/20221119T201803_SmallPatches_C3-CAM2;20;noise;
Minipatches_light_20260116/20221119T201803_SmallPatches_C3-CAM2;21;noise;
Minipatches_light_20260116/20221119T201803_SmallPatches_C3-CAM2;22;noise;
Minipatches_light_20260116/20221119T201803_SmallPatches_C3-CAM2;23;noise;
Minipatches_light_20260116/20221119T201803_SmallPatches_C3-CAM2;24;noise;
Minipatches_light_20260116/20221119T201803_SmallPatches_C3-CAM2;25;noise;
Minipatches_light_20260116/20221119T201803_SmallPatches_C3-CAM2;26;noise;
Minipatches_light_20260116/20221119T201803_SmallPatches_C3-CAM2;27;noise;
Minipatches_light_20260116/20221119T201803_SmallPatches_C3-CAM2;28;noise;
Minipatches_light_20260116/20221119T201803_SmallPatches_C3-CAM2;29;noise;
Minipatches_light_20260116/20221119T201803_SmallPatches_C3-CAM2;30;noise;
Minipatches_light_20260116/20221119T201803_SmallPatches_C3-CAM2;31;noise;
Minipatches_light_20260116/20221119T201803_SmallPatches_C3-CAM2;32;noise;
Minipatches_light_20260116/20221119T201803_SmallPatches_C3-CAM2;33;noise;
Minipatches_light_20260116/20221119T201803_SmallPatches_C3-CAM2;34;noise;
Minipatches_light_20260116/20221119T201803_SmallPatches_C3-CAM2;35;noise;
Minipatches_light_20260116/20221119T201803_SmallPatches_C3-CAM2;36;noise;
Minipatches_light_20260116/20221119T201803_SmallPatches_C3-CAM2;37;noise;
Minipatches_light_20260116/20221119T201803_SmallPatches_C3-CAM2;38;noise;
Minipatches_light_20260116/20221119T201803_SmallPatches_C3-CAM2;39;noise;
Minipatches_light_20260116/20221119T201803_SmallPatches_C3-CAM2;40;noise;
Minipatches_light_20260116/20221119T201803_SmallPatches_C3-CAM2;41;noise;
Minipatches_light_20260116/20221119T201803_SmallPatches_C3-CAM2;42;noise;
Minipatches_light_20260116/20221119T201803_SmallPatches_C3-CAM2;43;noise;
Minipatches_light_20260116/20221119T201803_SmallPatches_C3-CAM2;44;noise;
Minipatches_light_20260116/20221119T201803_SmallPatches_C3-CAM2;45;noise;
Minipatches_light_20260116/20221119T201803_SmallPatches_C3-CAM2;46;noise;
Minipatches_light_20260116/20221119T201803_SmallPatches_C3-CAM2;47;noise;
Minipatches_light_20260116/20221119T201803_SmallPatches_C3-CAM2;48;noise;
Minipatches_light_20260116/20221119T201803_SmallPatches_C3-CAM2;49;noise;
Minipatches_light_20260116/20221119T201803_SmallPatches_C3-CAM2;50;noise;
Minipatches_light_20260116/20221119T201803_SmallPatches_C3-CAM2;51;noise;
Minipatches_light_20260116/20221119T201803_SmallPatches_C3-CAM2;52;noise;
Minipatches_light_20260116/20221119T201803_SmallPatches_C3-CAM2;53;noise;
Minipatches_light_20260116/20221119T201803_SmallPatches_C3-CAM2;54;noise;
Minipatches_light_20260116/20221119T201803_SmallPatches_C3-CAM2;55;noise;
Minipatches_light_20260116/20221119T201803_SmallPatches_C3-CAM2;56;noise;
Minipatches_light_20260116/20221119T201803_SmallPatches_C3-CAM2;57;noise;
Minipatches_light_20260116/20221119T201803_SmallPatches_C3-CAM2;58;noise;
Minipatches_light_20260116/20221119T201803_SmallPatches_C3-CAM2;59;noise;
Minipatches_light_20260116/20221119T201803_SmallPatches_C3-CAM2;60;noise;
Minipatches_light_20260116/20221119T201803_SmallPatches_C3-CAM2;61;noise;
Minipatches_light_20260116/20221119T201803_SmallPatches_C3-CAM2;62;noise;
Minipatches_light_20260116/20221119T201803_SmallPatches_C3-CAM2;63;noise;
Minipatches_light_20260116/20221119T201803_SmallPatches_C3-CAM2;64;noise;
Minipatches_light_20260116/20221119T201803_SmallPatches_C3-CAM2;65;noise;
Minipatches_light_20260116/20221119T201803_SmallPatches_C3-CAM2;66;noise;
Minipatches_light_20260116/20221119T201803_SmallPatches_C3-CAM2;67;noise;
Minipatches_light_20260116/20221119T201803_SmallPatches_C3-CAM2;68;noise;
Minipatches_light_20260116/20221119T201803_SmallPatches_C3-CAM2;69;noise;
Minipatches_light_20260116/20221119T201803_SmallPatches_C3-CAM2;70;noise;
Minipatches_light_20260116/20221119T201803_SmallPatches_C3-CAM2;71;noise;
Minipatches_light_20260116/20221119T201803_SmallPatches_C3-CAM2;72;noise;
Minipatches_light_20260116/20221119T201803_SmallPatches_C3-CAM2;73;noise;
Minipatches_light_20260116/20221119T201803_SmallPatches_C3-CAM2;74;noise;
Minipatches_light_20260116/20221119T201803_SmallPatches_C3-CAM2;75;noise;
Minipatches_light_20260116/20221119T201803_SmallPatches_C3-CAM2;76;noise;
Minipatches_light_20260116/20221119T201803_SmallPatches_C3-CAM2;77;noise;
Minipatches_light_20260116/20221119T201803_SmallPatches_C3-CAM2;78;noise;
Minipatches_light_20260116/20221119T201803_SmallPatches_C3-CAM2;79;noise;
Minipatches_light_20260116/20221119T201803_SmallPatches_C3-CAM2;80;worm;
Minipatches_light_20260116/20221119T201803_SmallPatches_C3-CAM2;81;noise;
Minipatches_light_20260116/20221119T201803_SmallPatches_C3-CAM2;82;noise;
Minipatches_light_20260116/20221119T201803_SmallPatches_C3-CAM2;83;noise;
Minipatches_light_20260116/20221119T201803_SmallPatches_C3-CAM2;84;noise;
Minipatches_light_20260116/20221119T201803_SmallPatches_C3-CAM2;85;noise;
Minipatches_light_20260116/20221119T201803_SmallPatches_C3-CAM2;86;worm;
Minipatches_light_20260116/20221119T201803_SmallPatches_C3-CAM2;87;noise;
Minipatches_light_20260116/20221119T201803_SmallPatches_C3-CAM2;88;noise;
Minipatches_light_20260116/20221119T201803_SmallPatches_C3-CAM2;89;noise;
Minipatches_light_20260116/20221119T201803_SmallPatches_C3-CAM2;90;noise;
Minipatches_light_20260116/20221119T201803_SmallPatches_C3-CAM2;91;noise;
Minipatches_light_20260116/20221119T201803_SmallPatches_C3-CAM2;92;noise;
Minipatches_light_20260116/20221119T201803_SmallPatches_C3-CAM2;93;noise;
Minipatches_light_20260116/20221119T201803_SmallPatches_C3-CAM2;94;noise;
Minipatches_light_20260116/20221119T201803_SmallPatches_C3-CAM2;95;noise;
Minipatches_light_20260116/20221119T201803_SmallPatches_C3-CAM2;96;noise;
Minipatches_light_20260116/20221119T201803_SmallPatches_C3-CAM2;97;noise;
Minipatches_light_20260116/20221119T201803_SmallPatches_C3-CAM2;98;noise;
Minipatches_light_20260116/20221119T201803_SmallPatches_C3-CAM2;99;noise;
Minipatches_light_20260116/20221119T201803_SmallPatches_C3-CAM2;100;noise;
Minipatches_light_20260116/20221119T201803_SmallPatches_C3-CAM2;101;noise;
Minipatches_light_20260116/20221119T201803_SmallPatches_C3-CAM2;102;noise;
Minipatches_light_20260116/20221119T201803_SmallPatches_C3-CAM2;103;noise;
Minipatches_light_20260116/20221119T201803_SmallPatches_C3-CAM2;104;noise;
Minipatches_light_20260116/20221119T201803_SmallPatches_C3-CAM2;105;noise;
Minipatches_light_20260116/20221119T201803_SmallPatches_C3-CAM2;106;noise;
Minipatches_light_20260116/20221119T201803_SmallPatches_C3-CAM2;107;noise;
Minipatches_light_20260116/20221119T201803_SmallPatches_C3-CAM2;108;NA;
Minipatches_light_20260116/20221119T201803_SmallPatches_C3-CAM2;109;NA;
Minipatches_light_20260116/20221119T201803_SmallPatches_C3-CAM2;110;NA;
Minipatches_light_20260116/20221119T201803_SmallPatches_C3-CAM2;111;NA;
Minipatches_light_20260116/20221014T101512_SmallPatches_C1-CAM4;1;worm;1 worm
Minipatches_light_20260116/20221014T101512_SmallPatches_C1-CAM4;2;noise;
Minipatches_light_20260116/20221014T101512_SmallPatches_C1-CAM4;3;noise;
Minipatches_light_20260116/20221014T101512_SmallPatches_C1-CAM4;4;noise;
Minipatches_light_20260116/20221014T101512_SmallPatches_C1-CAM4;5;noise;
Minipatches_light_20260116/20221014T101512_SmallPatches_C1-CAM4;6;noise;
Minipatches_light_20260116/20221014T101512_SmallPatches_C1-CAM4;7;noise;
Minipatches_light_20260116/20221014T101512_SmallPatches_C1-CAM4;8;noise;
Minipatches_light_20260116/20221014T101512_SmallPatches_C1-CAM4;9;noise;
Minipatches_light_20260116/20221014T101512_SmallPatches_C1-CAM4;10;noise;
Minipatches_light_20260116/20221014T101512_SmallPatches_C1-CAM4;11;noise;
Minipatches_light_20260116/20221014T101512_SmallPatches_C1-CAM4;12;noise;
Minipatches_light_20260116/20221014T101512_SmallPatches_C1-CAM4;13;noise;
Minipatches_light_20260116/20221014T101512_SmallPatches_C1-CAM4;14;noise;
Minipatches_light_20260116/20221014T101512_SmallPatches_C1-CAM4;15;noise;
Minipatches_light_20260116/20221014T101512_SmallPatches_C1-CAM4;16;noise;
Minipatches_light_20260116/20221014T101512_SmallPatches_C1-CAM4;17;noise;
Minipatches_light_20260116/20221014T101512_SmallPatches_C1-CAM4;18;noise;
Minipatches_light_20260116/20221014T101512_SmallPatches_C1-CAM4;19;noise;
Minipatches_light_20260116/20221014T101512_SmallPatches_C1-CAM4;20;noise;
Minipatches_light_20260116/20221014T101512_SmallPatches_C1-CAM4;21;noise;
Minipatches_light_20260116/20221014T101512_SmallPatches_C1-CAM4;22;noise;
Minipatches_light_20260116/20221014T101512_SmallPatches_C1-CAM4;23;noise;
Minipatches_light_20260116/20221014T101512_SmallPatches_C1-CAM4;24;noise;
Minipatches_light_20260116/20221014T101512_SmallPatches_C1-CAM4;25;noise;
Minipatches_light_20260116/20221014T101512_SmallPatches_C1-CAM4;26;noise;
Minipatches_light_20260116/20221014T101512_SmallPatches_C1-CAM4;27;noise;
Minipatches_light_20260116/20221014T101512_SmallPatches_C1-CAM4;28;noise;
Minipatches_light_20260116/20221014T101512_SmallPatches_C1-CAM4;29;noise;
Minipatches_light_20260116/20221014T101512_SmallPatches_C1-CAM4;30;noise;
Minipatches_light_20260116/20221014T101512_SmallPatches_C1-CAM4;31;noise;
Minipatches_light_20260116/20221014T101512_SmallPatches_C1-CAM4;32;noise;
Minipatches_light_20260116/20221014T101512_SmallPatches_C1-CAM4;33;noise;
Minipatches_light_20260116/20221014T101512_SmallPatches_C1-CAM4;34;noise;
Minipatches_light_20260116/20221014T101512_SmallPatches_C1-CAM4;35;noise;
Minipatches_light_20260116/20221014T101512_SmallPatches_C1-CAM4;36;noise;
Minipatches_light_20260116/20221014T101512_SmallPatches_C1-CAM4;37;noise;
Minipatches_light_20260116/20221014T101512_SmallPatches_C1-CAM4;38;noise;
Minipatches_light_20260116/20221014T101512_SmallPatches_C1-CAM4;39;noise;
Minipatches_light_20260116/20221014T101512_SmallPatches_C1-CAM4;40;noise;
Minipatches_light_20260116/20221014T101512_SmallPatches_C1-CAM4;41;noise;
Minipatches_light_20260116/20221014T101512_SmallPatches_C1-CAM4;42;noise;
Minipatches_light_20260116/20221014T101512_SmallPatches_C1-CAM4;43;noise;
Minipatches_light_20260116/20221014T101512_SmallPatches_C1-CAM4;44;noise;
Minipatches_light_20260116/20221014T101512_SmallPatches_C1-CAM4;45;noise;
Minipatches_light_20260116/20221014T101512_SmallPatches_C1-CAM4;46;noise;
Minipatches_light_20260116/20221014T101512_SmallPatches_C1-CAM4;47;noise;
Minipatches_light_20260116/20221014T101512_SmallPatches_C1-CAM4;48;noise;
Minipatches_light_20260116/20221014T101512_SmallPatches_C1-CAM4;49;noise;
Minipatches_light_20260116/20221014T101512_SmallPatches_C1-CAM4;50;noise;
Minipatches_light_20260116/20221014T101512_SmallPatches_C1-CAM4;51;noise;
Minipatches_light_20260116/20221014T101512_SmallPatches_C1-CAM4;52;noise;
Minipatches_light_20260116/20221014T101512_SmallPatches_C1-CAM4;53;noise;
Minipatches_light_20260116/20221014T101512_SmallPatches_C1-CAM4;54;noise;
Minipatches_light_20260116/20221014T101512_SmallPatches_C1-CAM4;55;noise;
Minipatches_light_20260116/20221014T101512_SmallPatches_C1-CAM4;56;noise;
Minipatches_light_20260116/20221014T101512_SmallPatches_C1-CAM4;57;noise;
Minipatches_light_20260116/20221014T101512_SmallPatches_C1-CAM4;58;noise;
Minipatches_light_20260116/20221014T101512_SmallPatches_C1-CAM4;59;noise;
Minipatches_light_20260116/20221014T101512_SmallPatches_C1-CAM4;60;noise;
Minipatches_light_20260116/20221014T101512_SmallPatches_C1-CAM4;61;noise;
Minipatches_light_20260116/20221014T101512_SmallPatches_C1-CAM4;62;noise;
Minipatches_light_20260116/20221014T101512_SmallPatches_C1-CAM4;63;noise;
Minipatches_light_20260116/20221014T101512_SmallPatches_C1-CAM4;64;noise;
Minipatches_light_20260116/20221014T101512_SmallPatches_C1-CAM4;65;noise;
Minipatches_light_20260116/20221014T101512_SmallPatches_C1-CAM4;66;noise;
Minipatches_light_20260116/20221014T101512_SmallPatches_C1-CAM4;67;NA;
Minipatches_light_20260116/20221014T101512_SmallPatches_C1-CAM4;68;NA;
Minipatches_light_20260116/20221014T101512_SmallPatches_C1-CAM4;69;NA;
Minipatches_light_20260116/20221014T101512_SmallPatches_C1-CAM4;70;NA;
Minipatches_light_20260116/20221014T101512_SmallPatches_C1-CAM4;71;NA;
Minipatches_light_20260116/20221014T101512_SmallPatches_C1-CAM4;72;NA;
Minipatches_light_20260116/20221014T101512_SmallPatches_C1-CAM4;73;NA;
Minipatches_light_20260116/20221014T101512_SmallPatches_C1-CAM4;74;NA;
Minipatches_light_20260116/20221014T101512_SmallPatches_C1-CAM4;75;NA;
Minipatches_light_20260116/20221014T101512_SmallPatches_C1-CAM4;76;NA;
Minipatches_light_20260116/20221125T144055_SmallPatches_C5-CAM1;1;worm;1 worm
Minipatches_light_20260116/20221125T144055_SmallPatches_C5-CAM1;2;noise;
Minipatches_light_20260116/20221125T144055_SmallPatches_C5-CAM1;3;noise;
Minipatches_light_20260116/20221125T144055_SmallPatches_C5-CAM1;4;noise;
Minipatches_light_20260116/20221125T144055_SmallPatches_C5-CAM1;5;noise;
Minipatches_light_20260116/20221125T144055_SmallPatches_C5-CAM1;6;noise;
Minipatches_light_20260116/20221125T144055_SmallPatches_C5-CAM1;7;noise;
Minipatches_light_20260116/20221125T144055_SmallPatches_C5-CAM1;8;noise;
Minipatches_light_20260116/20221125T144055_SmallPatches_C5-CAM1;9;noise;
Minipatches_light_20260116/20221125T144055_SmallPatches_C5-CAM1;10;noise;
Minipatches_light_20260116/20221125T144055_SmallPatches_C5-CAM1;11;noise;
Minipatches_light_20260116/20221125T144055_SmallPatches_C5-CAM1;12;noise;
Minipatches_light_20260116/20221125T144055_SmallPatches_C5-CAM1;13;noise;
Minipatches_light_20260116/20221125T144055_SmallPatches_C5-CAM1;14;noise;
Minipatches_light_20260116/20221125T144055_SmallPatches_C5-CAM1;15;noise;
Minipatches_light_20260116/20221125T144055_SmallPatches_C5-CAM1;16;noise;
Minipatches_light_20260116/20221125T144055_SmallPatches_C5-CAM1;17;noise;
Minipatches_light_20260116/20221125T144055_SmallPatches_C5-CAM1;18;noise;
Minipatches_light_20260116/20221125T144055_SmallPatches_C5-CAM1;19;noise;
Minipatches_light_20260116/20221125T144055_SmallPatches_C5-CAM1;20;noise;
Minipatches_light_20260116/20221125T144055_SmallPatches_C5-CAM1;21;noise;
Minipatches_light_20260116/20221125T144055_SmallPatches_C5-CAM1;22;noise;
Minipatches_light_20260116/20221125T144055_SmallPatches_C5-CAM1;23;noise;
Minipatches_light_20260116/20221125T144055_SmallPatches_C5-CAM1;24;noise;
Minipatches_light_20260116/20221125T144055_SmallPatches_C5-CAM1;25;noise;
Minipatches_light_20260116/20221125T144055_SmallPatches_C5-CAM1;26;noise;
Minipatches_light_20260116/20221125T144055_SmallPatches_C5-CAM1;27;noise;
Minipatches_light_20260116/20221125T144055_SmallPatches_C5-CAM1;28;noise;
Minipatches_light_20260116/20221125T144055_SmallPatches_C5-CAM1;29;noise;
Minipatches_light_20260116/20221125T144055_SmallPatches_C5-CAM1;30;noise;
Minipatches_light_20260116/20221125T144055_SmallPatches_C5-CAM1;31;noise;
Minipatches_light_20260116/20221125T144055_SmallPatches_C5-CAM1;32;noise;
Minipatches_light_20260116/20221125T144055_SmallPatches_C5-CAM1;33;noise;
Minipatches_light_20260116/20221125T144055_SmallPatches_C5-CAM1;34;noise;
Minipatches_light_20260116/20221125T144055_SmallPatches_C5-CAM1;35;noise;
Minipatches_light_20260116/20221125T144055_SmallPatches_C5-CAM1;36;noise;
Minipatches_light_20260116/20221125T144055_SmallPatches_C5-CAM1;37;noise;
Minipatches_light_20260116/20221125T144055_SmallPatches_C5-CAM1;38;noise;
Minipatches_light_20260116/20221125T144055_SmallPatches_C5-CAM1;39;noise;
Minipatches_light_20260116/20221125T144055_SmallPatches_C5-CAM1;40;noise;
Minipatches_light_20260116/20221125T144055_SmallPatches_C5-CAM1;41;noise;
Minipatches_light_20260116/20221125T144055_SmallPatches_C5-CAM1;42;noise;
Minipatches_light_20260116/20221125T144055_SmallPatches_C5-CAM1;43;noise;
Minipatches_light_20260116/20221125T144055_SmallPatches_C5-CAM1;44;noise;
Minipatches_light_20260116/20221125T144055_SmallPatches_C5-CAM1;45;noise;
Minipatches_light_20260116/20221125T144055_SmallPatches_C5-CAM1;46;noise;
Minipatches_light_20260116/20221125T144055_SmallPatches_C5-CAM1;47;noise;
Minipatches_light_20260116/20221125T144055_SmallPatches_C5-CAM1;48;noise;
Minipatches_light_20260116/20221125T144055_SmallPatches_C5-CAM1;49;noise;
Minipatches_light_20260116/20221125T144055_SmallPatches_C5-CAM1;50;noise;
Minipatches_light_20260116/20221125T144055_SmallPatches_C5-CAM1;51;noise;
Minipatches_light_20260116/20221125T144055_SmallPatches_C5-CAM1;52;NA;
Minipatches_light_20260116/20221125T144055_SmallPatches_C5-CAM1;53;NA;
Minipatches_light_20260116/20221125T144055_SmallPatches_C5-CAM1;54;NA;
Minipatches_light_20260116/20221125T144055_SmallPatches_C5-CAM1;55;NA;
Minipatches_light_20260116/20221125T144055_SmallPatches_C5-CAM1;56;NA;
Minipatches_light_20260116/20221125T144055_SmallPatches_C5-CAM1;57;NA;
Minipatches_light_20260116/20221125T144055_SmallPatches_C5-CAM1;58;NA;
Minipatches_light_20260116/20221125T144055_SmallPatches_C5-CAM1;59;NA;
Minipatches_light_20260116/20221125T144055_SmallPatches_C5-CAM1;60;NA;
Minipatches_light_20260116/20221125T144055_SmallPatches_C5-CAM1;61;NA;
Minipatches_light_20260116/20221125T144055_SmallPatches_C5-CAM1;62;NA;
Minipatches_light_20260116/20221125T144055_SmallPatches_C5-CAM1;63;NA;
Minipatches_light_20260116/20221125T144055_SmallPatches_C5-CAM1;64;NA;
Minipatches_light_20260116/20221125T144055_SmallPatches_C5-CAM1;65;NA;
Minipatches_light_20260116/20221125T144055_SmallPatches_C5-CAM1;66;NA;
Minipatches_light_20260116/20221125T144055_SmallPatches_C5-CAM1;67;NA;
Minipatches_light_20260116/20221125T144055_SmallPatches_C5-CAM1;68;NA;
Minipatches_light_20260116/20221125T144055_SmallPatches_C5-CAM1;69;NA;
Minipatches_light_20260116/20221125T144055_SmallPatches_C5-CAM1;70;NA;
Minipatches_light_20260116/20221125T144055_SmallPatches_C5-CAM1;71;NA;
Minipatches_light_20260116/20221013T115441_SmallPatches_C6-CAM1;1;worm;2 worms
Minipatches_light_20260116/20221013T115441_SmallPatches_C6-CAM1;2;noise;
Minipatches_light_20260116/20221013T115441_SmallPatches_C6-CAM1;3;noise;
Minipatches_light_20260116/20221013T115441_SmallPatches_C6-CAM1;4;noise;
Minipatches_light_20260116/20221013T115441_SmallPatches_C6-CAM1;5;worm;
Minipatches_light_20260116/20221013T115441_SmallPatches_C6-CAM1;6;noise;
Minipatches_light_20260116/20221013T115441_SmallPatches_C6-CAM1;7;noise;
Minipatches_light_20260116/20221013T115441_SmallPatches_C6-CAM1;8;noise;
Minipatches_light_20260116/20221013T115441_SmallPatches_C6-CAM1;9;noise;
Minipatches_light_20260116/20221013T115441_SmallPatches_C6-CAM1;10;noise;
Minipatches_light_20260116/20221013T115441_SmallPatches_C6-CAM1;11;noise;
Minipatches_light_20260116/20221013T115441_SmallPatches_C6-CAM1;12;noise;
Minipatches_light_20260116/20221013T115441_SmallPatches_C6-CAM1;13;noise;
Minipatches_light_20260116/20221013T115441_SmallPatches_C6-CAM1;14;noise;
Minipatches_light_20260116/20221013T115441_SmallPatches_C6-CAM1;15;noise;
Minipatches_light_20260116/20221013T115441_SmallPatches_C6-CAM1;16;noise;
Minipatches_light_20260116/20221013T115441_SmallPatches_C6-CAM1;17;noise;
Minipatches_light_20260116/20221013T115441_SmallPatches_C6-CAM1;18;noise;
Minipatches_light_20260116/20221013T115441_SmallPatches_C6-CAM1;19;noise;
Minipatches_light_20260116/20221013T115441_SmallPatches_C6-CAM1;20;noise;
Minipatches_light_20260116/20221013T115441_SmallPatches_C6-CAM1;21;noise;
Minipatches_light_20260116/20221013T115441_SmallPatches_C6-CAM1;22;noise;
Minipatches_light_20260116/20221013T115441_SmallPatches_C6-CAM1;23;noise;
Minipatches_light_20260116/20221013T115441_SmallPatches_C6-CAM1;24;noise;
Minipatches_light_20260116/20221013T115441_SmallPatches_C6-CAM1;25;noise;
Minipatches_light_20260116/20221013T115441_SmallPatches_C6-CAM1;26;noise;
Minipatches_light_20260116/20221013T115441_SmallPatches_C6-CAM1;27;noise;
Minipatches_light_20260116/20221013T115441_SmallPatches_C6-CAM1;28;noise;
Minipatches_light_20260116/20221013T115441_SmallPatches_C6-CAM1;29;noise;
Minipatches_light_20260116/20221013T115441_SmallPatches_C6-CAM1;30;NA/noise;
Minipatches_light_20260116/20221013T115441_SmallPatches_C6-CAM1;31;worm;
Minipatches_light_20260116/20221013T115441_SmallPatches_C6-CAM1;32;noise;
Minipatches_light_20260116/20221013T115441_SmallPatches_C6-CAM1;33;NA;
Minipatches_light_20260116/20221013T115441_SmallPatches_C6-CAM1;34;NA;
Minipatches_light_20260116/20221013T115441_SmallPatches_C6-CAM1;35;NA;
Minipatches_light_20260116/20221013T115441_SmallPatches_C6-CAM1;36;NA;
Minipatches_light_20260116/20221126T205114_SmallPatches_C6-CAM6;1;worm;1 worm
Minipatches_light_20260116/20221126T205114_SmallPatches_C6-CAM6;2;noise;
Minipatches_light_20260116/20221126T205114_SmallPatches_C6-CAM6;3;noise;
Minipatches_light_20260116/20221126T205114_SmallPatches_C6-CAM6;4;noise;
Minipatches_light_20260116/20221126T205114_SmallPatches_C6-CAM6;5;noise;
Minipatches_light_20260116/20221126T205114_SmallPatches_C6-CAM6;6;noise;
Minipatches_light_20260116/20221126T205114_SmallPatches_C6-CAM6;7;noise;
Minipatches_light_20260116/20221126T205114_SmallPatches_C6-CAM6;8;noise;
Minipatches_light_20260116/20221126T205114_SmallPatches_C6-CAM6;9;noise;
Minipatches_light_20260116/20221126T205114_SmallPatches_C6-CAM6;10;noise;
Minipatches_light_20260116/20221126T205114_SmallPatches_C6-CAM6;11;noise;
Minipatches_light_20260116/20221126T205114_SmallPatches_C6-CAM6;12;noise;
Minipatches_light_20260116/20221126T205114_SmallPatches_C6-CAM6;13;noise;
Minipatches_light_20260116/20221126T205114_SmallPatches_C6-CAM6;14;noise;
Minipatches_light_20260116/20221126T205114_SmallPatches_C6-CAM6;15;noise;
Minipatches_light_20260116/20221126T205114_SmallPatches_C6-CAM6;16;noise;
Minipatches_light_20260116/20221126T205114_SmallPatches_C6-CAM6;17;noise;
Minipatches_light_20260116/20221126T205114_SmallPatches_C6-CAM6;18;noise;
Minipatches_light_20260116/20221126T205114_SmallPatches_C6-CAM6;19;noise;
Minipatches_light_20260116/20221126T205114_SmallPatches_C6-CAM6;20;noise;
Minipatches_light_20260116/20221126T205114_SmallPatches_C6-CAM6;21;noise;
Minipatches_light_20260116/20221126T205114_SmallPatches_C6-CAM6;22;noise;
Minipatches_light_20260116/20221126T205114_SmallPatches_C6-CAM6;23;noise;
Minipatches_light_20260116/20221126T205114_SmallPatches_C6-CAM6;24;noise;
Minipatches_light_20260116/20221126T205114_SmallPatches_C6-CAM6;25;noise;
Minipatches_light_20260116/20221126T205114_SmallPatches_C6-CAM6;26;noise;
Minipatches_light_20260116/20221126T205114_SmallPatches_C6-CAM6;27;noise;
Minipatches_light_20260116/20221126T205114_SmallPatches_C6-CAM6;28;noise;
Minipatches_light_20260116/20221126T205114_SmallPatches_C6-CAM6;29;noise;
Minipatches_light_20260116/20221126T205114_SmallPatches_C6-CAM6;30;noise;
Minipatches_light_20260116/20221126T205114_SmallPatches_C6-CAM6;31;noise;
Minipatches_light_20260116/20221126T205114_SmallPatches_C6-CAM6;32;noise;
Minipatches_light_20260116/20221126T205114_SmallPatches_C6-CAM6;33;noise;
Minipatches_light_20260116/20221126T205114_SmallPatches_C6-CAM6;34;noise;
Minipatches_light_20260116/20221126T205114_SmallPatches_C6-CAM6;35;noise;
Minipatches_light_20260116/20221126T205114_SmallPatches_C6-CAM6;36;noise;
Minipatches_light_20260116/20221126T205114_SmallPatches_C6-CAM6;37;noise;
Minipatches_light_20260116/20221126T205114_SmallPatches_C6-CAM6;38;noise;
Minipatches_light_20260116/20221126T205114_SmallPatches_C6-CAM6;39;noise;
Minipatches_light_20260116/20221126T205114_SmallPatches_C6-CAM6;40;noise;
Minipatches_light_20260116/20221126T205114_SmallPatches_C6-CAM6;41;noise;
Minipatches_light_20260116/20221126T205114_SmallPatches_C6-CAM6;42;noise;
Minipatches_light_20260116/20221126T205114_SmallPatches_C6-CAM6;43;noise;
Minipatches_light_20260116/20221126T205114_SmallPatches_C6-CAM6;44;noise;
Minipatches_light_20260116/20221126T205114_SmallPatches_C6-CAM6;45;noise;
Minipatches_light_20260116/20221126T205114_SmallPatches_C6-CAM6;46;noise;
Minipatches_light_20260116/20221126T205114_SmallPatches_C6-CAM6;47;noise;
Minipatches_light_20260116/20221126T205114_SmallPatches_C6-CAM6;48;noise;
Minipatches_light_20260116/20221126T205114_SmallPatches_C6-CAM6;49;noise;
Minipatches_light_20260116/20221126T205114_SmallPatches_C6-CAM6;50;noise;
Minipatches_light_20260116/20221126T205114_SmallPatches_C6-CAM6;51;noise;
Minipatches_light_20260116/20221126T205114_SmallPatches_C6-CAM6;52;noise;
Minipatches_light_20260116/20221126T205114_SmallPatches_C6-CAM6;53;noise;
Minipatches_light_20260116/20221126T205114_SmallPatches_C6-CAM6;54;noise;
Minipatches_light_20260116/20221126T205114_SmallPatches_C6-CAM6;55;NA;
Minipatches_light_20260116/20221126T205114_SmallPatches_C6-CAM6;56;NA;
Minipatches_light_20260116/20221126T205114_SmallPatches_C6-CAM6;57;NA;
Minipatches_light_20260116/20221126T205114_SmallPatches_C6-CAM6;58;NA;
Minipatches_light_20260116/20221126T205114_SmallPatches_C6-CAM6;59;NA;
Minipatches_light_20260116/20221126T205114_SmallPatches_C6-CAM6;60;NA;
Minipatches_light_20260116/20221126T205114_SmallPatches_C6-CAM6;61;NA;
Minipatches_light_20260116/20221126T205114_SmallPatches_C6-CAM6;62;NA;
Minipatches_light_20260116/20221126T205114_SmallPatches_C6-CAM6;63;NA;
Minipatches_light_20260116/20221126T205114_SmallPatches_C6-CAM6;64;NA;
Minipatches_light_20260116/20221126T205114_SmallPatches_C6-CAM6;65;NA;
Minipatches_light_20260116/20221126T205114_SmallPatches_C6-CAM6;66;NA;
Minipatches_light_20260116/20221126T205114_SmallPatches_C6-CAM6;67;NA;
Minipatches_light_20260116/20221126T205114_SmallPatches_C6-CAM6;68;NA;
Minipatches_light_20260116/20221126T205114_SmallPatches_C6-CAM6;69;NA;
Minipatches_light_20260116/20221126T205114_SmallPatches_C6-CAM6;70;NA;
Minipatches_light_20260116/20221126T205114_SmallPatches_C6-CAM6;71;NA;
Minipatches_light_20260116/20221126T205114_SmallPatches_C6-CAM6;72;NA;
Minipatches_light_20260116/20221126T205114_SmallPatches_C6-CAM6;73;NA;
Minipatches_light_20260116/20221126T205114_SmallPatches_C6-CAM6;74;NA;
Minipatches_light_20260116/20221126T205114_SmallPatches_C6-CAM6;75;NA;
Minipatches_light_20260116/20221126T205114_SmallPatches_C6-CAM6;76;NA;
Minipatches_light_20260116/20221126T205114_SmallPatches_C6-CAM6;77;NA;
Minipatches_light_20260116/20221126T205114_SmallPatches_C6-CAM6;78;NA;
Minipatches_light_20260116/20221126T205114_SmallPatches_C6-CAM6;79;NA;
Minipatches_light_20260116/20221126T205114_SmallPatches_C6-CAM6;80;NA;
Minipatches_light_20260116/20221126T205114_SmallPatches_C6-CAM6;81;NA;
Minipatches_light_20260116/20221126T205114_SmallPatches_C6-CAM6;82;NA;
Minipatches_light_20260116/20221126T205114_SmallPatches_C6-CAM6;83;NA;
Minipatches_light_20260116/20221126T205114_SmallPatches_C6-CAM6;84;NA;
Minipatches_light_20260116/20221126T205114_SmallPatches_C6-CAM6;85;NA;
Minipatches_light_20260116/20221126T205114_SmallPatches_C6-CAM6;86;NA;
Minipatches_light_20260116/20221126T205114_SmallPatches_C6-CAM6;87;NA;
Minipatches_light_20260116/20221126T205114_SmallPatches_C6-CAM6;88;NA;
Minipatches_light_20260116/20221126T205114_SmallPatches_C6-CAM6;89;NA;
Minipatches_light_20260116/20221126T205114_SmallPatches_C6-CAM6;90;NA;
Minipatches_light_20260116/20221126T205114_SmallPatches_C6-CAM6;91;NA;
Minipatches_light_20260116/20221126T205114_SmallPatches_C6-CAM6;92;NA;
Minipatches_light_20260116/20221126T205114_SmallPatches_C6-CAM6;93;NA;
Minipatches_light_20260116/20221126T205114_SmallPatches_C6-CAM6;94;NA;
Minipatches_light_20260116/20221122T102404_SmallPatches_C3-CAM3;1;worm;1worm
Minipatches_light_20260116/20221122T102404_SmallPatches_C3-CAM3;2;noise;
Minipatches_light_20260116/20221122T102404_SmallPatches_C3-CAM3;3;noise;
Minipatches_light_20260116/20221122T102404_SmallPatches_C3-CAM3;4;noise;
Minipatches_light_20260116/20221122T102404_SmallPatches_C3-CAM3;5;noise;
Minipatches_light_20260116/20221122T102404_SmallPatches_C3-CAM3;6;noise;
Minipatches_light_20260116/20221122T102404_SmallPatches_C3-CAM3;7;noise;
Minipatches_light_20260116/20221122T102404_SmallPatches_C3-CAM3;8;noise;
Minipatches_light_20260116/20221122T102404_SmallPatches_C3-CAM3;9;noise;
Minipatches_light_20260116/20221122T102404_SmallPatches_C3-CAM3;10;noise;
Minipatches_light_20260116/20221122T102404_SmallPatches_C3-CAM3;11;noise;
Minipatches_light_20260116/20221122T102404_SmallPatches_C3-CAM3;12;noise;
Minipatches_light_20260116/20221122T102404_SmallPatches_C3-CAM3;13;noise;
Minipatches_light_20260116/20221122T102404_SmallPatches_C3-CAM3;14;noise;
Minipatches_light_20260116/20221122T102404_SmallPatches_C3-CAM3;15;noise;
Minipatches_light_20260116/20221122T102404_SmallPatches_C3-CAM3;16;noise;
Minipatches_light_20260116/20221122T102404_SmallPatches_C3-CAM3;17;noise;
Minipatches_light_20260116/20221122T102404_SmallPatches_C3-CAM3;18;noise;
Minipatches_light_20260116/20221122T102404_SmallPatches_C3-CAM3;19;noise;
Minipatches_light_20260116/20221122T102404_SmallPatches_C3-CAM3;20;noise;
Minipatches_light_20260116/20221122T102404_SmallPatches_C3-CAM3;21;NA;
Minipatches_light_20260116/20221122T102404_SmallPatches_C3-CAM3;22;NA;
Minipatches_light_20260116/20221122T102404_SmallPatches_C3-CAM3;23;NA;
Minipatches_light_20260116/20221122T102404_SmallPatches_C3-CAM3;24;noise;
Minipatches_light_20260116/20221122T102404_SmallPatches_C3-CAM3;25;noise;
Minipatches_light_20260116/20221122T102404_SmallPatches_C3-CAM3;26;noise;
Minipatches_light_20260116/20221122T102404_SmallPatches_C3-CAM3;27;noise;
Minipatches_light_20260116/20221122T102404_SmallPatches_C3-CAM3;28;noise;
Minipatches_light_20260116/20221122T102404_SmallPatches_C3-CAM3;29;noise;
Minipatches_light_20260116/20221122T102404_SmallPatches_C3-CAM3;30;noise;
Minipatches_light_20260116/20221122T102404_SmallPatches_C3-CAM3;31;noise;
Minipatches_light_20260116/20221122T102404_SmallPatches_C3-CAM3;32;noise;
Minipatches_light_20260116/20221122T102404_SmallPatches_C3-CAM3;33;noise;
Minipatches_light_20260116/20221122T102404_SmallPatches_C3-CAM3;34;noise;
Minipatches_light_20260116/20221122T102404_SmallPatches_C3-CAM3;35;noise;
Minipatches_light_20260116/20221122T102404_SmallPatches_C3-CAM3;36;noise;
Minipatches_light_20260116/20221122T102404_SmallPatches_C3-CAM3;37;noise;
Minipatches_light_20260116/20221122T102404_SmallPatches_C3-CAM3;38;noise;
Minipatches_light_20260116/20221122T102404_SmallPatches_C3-CAM3;39;noise;
Minipatches_light_20260116/20221122T102404_SmallPatches_C3-CAM3;40;noise;
Minipatches_light_20260116/20221122T102404_SmallPatches_C3-CAM3;41;noise;
Minipatches_light_20260116/20221122T102404_SmallPatches_C3-CAM3;42;noise;
Minipatches_light_20260116/20221122T102404_SmallPatches_C3-CAM3;43;noise;
Minipatches_light_20260116/20221122T102404_SmallPatches_C3-CAM3;44;noise;
Minipatches_light_20260116/20221122T102404_SmallPatches_C3-CAM3;45;noise;
Minipatches_light_20260116/20221122T102404_SmallPatches_C3-CAM3;46;noise;
Minipatches_light_20260116/20221122T102404_SmallPatches_C3-CAM3;47;noise;
Minipatches_light_20260116/20221122T102404_SmallPatches_C3-CAM3;48;noise;
Minipatches_light_20260116/20221122T102404_SmallPatches_C3-CAM3;49;noise;
Minipatches_light_20260116/20221122T102404_SmallPatches_C3-CAM3;50;noise;
Minipatches_light_20260116/20221122T102404_SmallPatches_C3-CAM3;51;noise;
Minipatches_light_20260116/20221122T102404_SmallPatches_C3-CAM3;52;noise;
Minipatches_light_20260116/20221122T102404_SmallPatches_C3-CAM3;53;noise;
Minipatches_light_20260116/20221122T102404_SmallPatches_C3-CAM3;54;noise;
Minipatches_light_20260116/20221122T102404_SmallPatches_C3-CAM3;55;noise;
Minipatches_light_20260116/20221122T102404_SmallPatches_C3-CAM3;56;noise;
Minipatches_light_20260116/20221122T102404_SmallPatches_C3-CAM3;57;noise;
Minipatches_light_20260116/20221122T102404_SmallPatches_C3-CAM3;58;noise;
Minipatches_light_20260116/20221122T102404_SmallPatches_C3-CAM3;59;noise;
Minipatches_light_20260116/20221122T102404_SmallPatches_C3-CAM3;60;noise;
Minipatches_light_20260116/20221122T102404_SmallPatches_C3-CAM3;61;noise;
Minipatches_light_20260116/20221122T102404_SmallPatches_C3-CAM3;62;noise;
Minipatches_light_20260116/20221122T102404_SmallPatches_C3-CAM3;63;noise;
Minipatches_light_20260116/20221122T102404_SmallPatches_C3-CAM3;64;noise;
Minipatches_light_20260116/20221122T102404_SmallPatches_C3-CAM3;65;noise;
Minipatches_light_20260116/20221122T102404_SmallPatches_C3-CAM3;66;noise;
Minipatches_light_20260116/20221122T102404_SmallPatches_C3-CAM3;67;noise;
Minipatches_light_20260116/20221122T102404_SmallPatches_C3-CAM3;68;noise;
Minipatches_light_20260116/20221122T102404_SmallPatches_C3-CAM3;69;noise;
Minipatches_light_20260116/20221122T102404_SmallPatches_C3-CAM3;70;noise;
Minipatches_light_20260116/20221122T102404_SmallPatches_C3-CAM3;71;noise;
Minipatches_light_20260116/20221122T102404_SmallPatches_C3-CAM3;72;noise;
Minipatches_light_20260116/20221122T102404_SmallPatches_C3-CAM3;73;noise;
Minipatches_light_20260116/20221122T102404_SmallPatches_C3-CAM3;74;noise;
Minipatches_light_20260116/20221122T102404_SmallPatches_C3-CAM3;75;noise;
Minipatches_light_20260116/20221122T102404_SmallPatches_C3-CAM3;76;noise;
Minipatches_light_20260116/20221122T102404_SmallPatches_C3-CAM3;77;noise;
Minipatches_light_20260116/20221122T102404_SmallPatches_C3-CAM3;78;noise;
Minipatches_light_20260116/20221122T102404_SmallPatches_C3-CAM3;79;noise;
Minipatches_light_20260116/20221122T102404_SmallPatches_C3-CAM3;80;noise;
Minipatches_light_20260116/20221122T102404_SmallPatches_C3-CAM3;81;noise;
Minipatches_light_20260116/20221122T102404_SmallPatches_C3-CAM3;82;noise;
Minipatches_light_20260116/20221122T102404_SmallPatches_C3-CAM3;83;noise;
Minipatches_light_20260116/20221122T102404_SmallPatches_C3-CAM3;84;noise;
Minipatches_light_20260116/20221122T102404_SmallPatches_C3-CAM3;85;noise;
Minipatches_light_20260116/20221122T102404_SmallPatches_C3-CAM3;86;noise;
Minipatches_light_20260116/20221122T102404_SmallPatches_C3-CAM3;87;noise;
Minipatches_light_20260116/20221122T102404_SmallPatches_C3-CAM3;88;NA;
Minipatches_light_20260116/20221122T102404_SmallPatches_C3-CAM3;89;NA;
Minipatches_light_20260116/20221122T102404_SmallPatches_C3-CAM3;90;NA;
Minipatches_light_20260116/20221122T102404_SmallPatches_C3-CAM3;91;NA;
Minipatches_light_20260116/20221122T102404_SmallPatches_C3-CAM3;92;NA;
Minipatches_light_20260116/20221122T102404_SmallPatches_C3-CAM3;93;NA;
Minipatches_light_20260116/20221122T102404_SmallPatches_C3-CAM3;94;NA;
Minipatches_light_20260116/20221122T102404_SmallPatches_C3-CAM3;95;NA;
Minipatches_light_20260116/20221122T102404_SmallPatches_C3-CAM3;96;NA;
Minipatches_light_20260116/20221122T102404_SmallPatches_C3-CAM3;97;NA;
Minipatches_light_20260116/20221122T102404_SmallPatches_C3-CAM3;98;NA;
Minipatches_light_20260116/20221122T102404_SmallPatches_C3-CAM3;99;NA;
Minipatches_light_20260116/20221122T102404_SmallPatches_C3-CAM3;100;NA;
Minipatches_light_20260116/20221122T102404_SmallPatches_C3-CAM3;101;NA;
Minipatches_light_20260116/20221122T102404_SmallPatches_C3-CAM3;102;NA;
Minipatches_light_20260116/20221122T102404_SmallPatches_C3-CAM3;103;NA;
Minipatches_light_20260116/20221122T102404_SmallPatches_C3-CAM3;104;NA;
Minipatches_light_20260116/20221122T102404_SmallPatches_C3-CAM3;105;NA;
Minipatches_light_20260116/20221122T102404_SmallPatches_C3-CAM3;106;NA;
Minipatches_light_20260116/20221122T102404_SmallPatches_C3-CAM3;107;NA;
Minipatches_light_20260116/20221122T102404_SmallPatches_C3-CAM3;108;NA;
Minipatches_light_20260116/20221122T102404_SmallPatches_C3-CAM3;109;NA;
Minipatches_light_20260116/20221122T102404_SmallPatches_C3-CAM3;110;NA;
Minipatches_light_20260116/20221122T102404_SmallPatches_C3-CAM3;111;NA;
Minipatches_light_20260116/20221122T102404_SmallPatches_C3-CAM3;112;NA;
Minipatches_light_20260116/20221122T102404_SmallPatches_C3-CAM3;113;NA;
Minipatches_light_20260116/20221122T102404_SmallPatches_C3-CAM3;114;NA;
Minipatches_light_20260116/20221122T102404_SmallPatches_C3-CAM3;115;NA;
Minipatches_light_20260116/20221122T102404_SmallPatches_C3-CAM3;116;NA;
Minipatches_light_20260116/20221122T102404_SmallPatches_C3-CAM3;117;NA;
Minipatches_light_20260116/20221122T102404_SmallPatches_C3-CAM3;118;NA;
Minipatches_light_20260116/20221122T102404_SmallPatches_C3-CAM3;119;NA;
Minipatches_light_20260116/20221122T102404_SmallPatches_C3-CAM3;120;NA;
Minipatches_light_20260116/20221122T102404_SmallPatches_C3-CAM3;121;NA;
Minipatches_light_20260116/20221122T102404_SmallPatches_C3-CAM3;122;NA;
Minipatches_light_20260116/20221122T102404_SmallPatches_C3-CAM3;123;NA;
Minipatches_light_20260116/20221122T102404_SmallPatches_C3-CAM3;124;NA;
Minipatches_light_20260116/20221122T102404_SmallPatches_C3-CAM3;125;NA;
Minipatches_light_20260116/20221122T102404_SmallPatches_C3-CAM3;126;NA;
Minipatches_light_20260116/20221122T102404_SmallPatches_C3-CAM3;127;NA;
Minipatches_light_20260116/20221122T102404_SmallPatches_C3-CAM3;128;NA;
Minipatches_light_20260116/20221122T102404_SmallPatches_C3-CAM3;129;NA;
Minipatches_light_20260116/20221122T102404_SmallPatches_C3-CAM3;130;NA;
Minipatches_light_20260116/20221122T102404_SmallPatches_C3-CAM3;131;NA;
Minipatches_light_20260116/20221122T102404_SmallPatches_C3-CAM3;132;NA;
Minipatches_light_20260116/20221122T102404_SmallPatches_C3-CAM3;133;NA;
Minipatches_light_20260116/20221122T102404_SmallPatches_C3-CAM3;134;NA;
Minipatches_light_20260116/20221122T102404_SmallPatches_C3-CAM3;135;NA;
Minipatches_light_20260116/20221122T102404_SmallPatches_C3-CAM3;136;NA;
Minipatches_light_20260116/20221122T102404_SmallPatches_C3-CAM3;137;NA;
Minipatches_light_20260116/20221122T102404_SmallPatches_C3-CAM3;138;NA;
Minipatches_light_20260116/20221122T102404_SmallPatches_C3-CAM3;139;NA;
Minipatches_light_20260116/20221122T102404_SmallPatches_C3-CAM3;140;NA;
Minipatches_light_20260116/20221122T102404_SmallPatches_C3-CAM3;141;NA;
Minipatches_light_20260116/20221122T102404_SmallPatches_C3-CAM3;142;NA;
Minipatches_light_20260116/20221122T102404_SmallPatches_C3-CAM3;143;NA;
Minipatches_light_20260116/20221122T102404_SmallPatches_C3-CAM3;144;NA;
Minipatches_light_20260116/20221122T102404_SmallPatches_C3-CAM3;145;NA;
Minipatches_light_20260116/20221122T102404_SmallPatches_C3-CAM3;146;NA;
Minipatches_light_20260116/20221122T102404_SmallPatches_C3-CAM3;147;NA;
Minipatches_light_20260116/20221122T102404_SmallPatches_C3-CAM3;148;NA;
Minipatches_light_20260116/20221122T102404_SmallPatches_C3-CAM3;149;NA;
Minipatches_light_20260116/20221122T102404_SmallPatches_C3-CAM3;150;NA;
Minipatches_light_20260116/20221122T102404_SmallPatches_C3-CAM3;151;NA;
Minipatches_light_20260116/20221122T102404_SmallPatches_C3-CAM3;152;NA;
Minipatches_light_20260116/20221122T102404_SmallPatches_C3-CAM3;153;NA;
Minipatches_light_20260116/20221122T102404_SmallPatches_C3-CAM3;154;NA;
Minipatches_light_20260116/20221122T102404_SmallPatches_C3-CAM3;155;NA;
Minipatches_light_20260116/20221122T102404_SmallPatches_C3-CAM3;156;NA;
Minipatches_light_20260116/20221122T102404_SmallPatches_C3-CAM3;157;NA;
Minipatches_light_20260116/20221122T102404_SmallPatches_C3-CAM3;158;NA;
Minipatches_light_20260116/20221122T102404_SmallPatches_C3-CAM3;159;NA;
Minipatches_light_20260116/20221122T102404_SmallPatches_C3-CAM3;160;NA;
Minipatches_light_20260116/20221122T102404_SmallPatches_C3-CAM3;161;NA;
Minipatches_light_20260116/20221122T102404_SmallPatches_C3-CAM3;162;NA;
Minipatches_light_20260116/20221122T102404_SmallPatches_C3-CAM3;163;NA;
Minipatches_light_20260116/20221122T102404_SmallPatches_C3-CAM3;164;NA;
Minipatches_light_20260116/20221122T102404_SmallPatches_C3-CAM3;165;NA;
Minipatches_light_20260116/20221122T102404_SmallPatches_C3-CAM3;166;NA;
Minipatches_light_20260116/20221122T102404_SmallPatches_C3-CAM3;167;NA;
Minipatches_light_20260116/20221122T102404_SmallPatches_C3-CAM3;168;NA;
Minipatches_light_20260116/20221122T102404_SmallPatches_C3-CAM3;169;NA;
Minipatches_light_20260116/20221122T102404_SmallPatches_C3-CAM3;170;NA;
Minipatches_light_20260116/20221122T102404_SmallPatches_C3-CAM3;171;NA;
Minipatches_light_20260116/20221122T102404_SmallPatches_C3-CAM3;172;NA;
Minipatches_light_20260116/20221122T102404_SmallPatches_C3-CAM3;173;NA;
Minipatches_light_20260116/20221122T102404_SmallPatches_C3-CAM3;174;NA;
Minipatches_light_20260116/20221122T102404_SmallPatches_C3-CAM3;175;NA;
Minipatches_light_20260116/20221122T102404_SmallPatches_C3-CAM3;176;NA;
Minipatches_light_20260116/20221122T102404_SmallPatches_C3-CAM3;177;NA;
Minipatches_light_20260116/20221122T102404_SmallPatches_C3-CAM3;178;NA;
Minipatches_light_20260116/20221122T102404_SmallPatches_C3-CAM3;179;NA;
Minipatches_light_20260116/20221122T102404_SmallPatches_C3-CAM3;180;NA;
Minipatches_light_20260116/20221122T102404_SmallPatches_C3-CAM3;181;NA;
Minipatches_light_20260116/20221122T102404_SmallPatches_C3-CAM3;182;NA;
Minipatches_light_20260116/20221122T102404_SmallPatches_C3-CAM3;183;NA;
Minipatches_light_20260116/20221122T103611_SmallPatches_C6-CAM4;1;worm;1 worm
Minipatches_light_20260116/20221122T103611_SmallPatches_C6-CAM4;2;noise;
Minipatches_light_20260116/20221122T103611_SmallPatches_C6-CAM4;3;noise;
Minipatches_light_20260116/20221122T103611_SmallPatches_C6-CAM4;4;noise;
Minipatches_light_20260116/20221122T103611_SmallPatches_C6-CAM4;5;noise;
Minipatches_light_20260116/20221122T103611_SmallPatches_C6-CAM4;6;noise;
Minipatches_light_20260116/20221122T103611_SmallPatches_C6-CAM4;7;noise;
Minipatches_light_20260116/20221122T103611_SmallPatches_C6-CAM4;8;noise;
Minipatches_light_20260116/20221122T103611_SmallPatches_C6-CAM4;9;noise;
Minipatches_light_20260116/20221122T103611_SmallPatches_C6-CAM4;10;noise;
Minipatches_light_20260116/20221122T103611_SmallPatches_C6-CAM4;11;noise;
Minipatches_light_20260116/20221122T103611_SmallPatches_C6-CAM4;12;noise;
Minipatches_light_20260116/20221122T103611_SmallPatches_C6-CAM4;13;noise;
Minipatches_light_20260116/20221122T103611_SmallPatches_C6-CAM4;14;noise;
Minipatches_light_20260116/20221122T103611_SmallPatches_C6-CAM4;15;noise;
Minipatches_light_20260116/20221122T103611_SmallPatches_C6-CAM4;16;noise;
Minipatches_light_20260116/20221122T103611_SmallPatches_C6-CAM4;17;noise;
Minipatches_light_20260116/20221122T103611_SmallPatches_C6-CAM4;18;noise;
Minipatches_light_20260116/20221122T103611_SmallPatches_C6-CAM4;19;noise;
Minipatches_light_20260116/20221122T103611_SmallPatches_C6-CAM4;20;noise;
Minipatches_light_20260116/20221122T103611_SmallPatches_C6-CAM4;21;noise;
Minipatches_light_20260116/20221122T103611_SmallPatches_C6-CAM4;22;noise;
Minipatches_light_20260116/20221122T103611_SmallPatches_C6-CAM4;23;noise;
Minipatches_light_20260116/20221122T103611_SmallPatches_C6-CAM4;24;noise;
Minipatches_light_20260116/20221122T103611_SmallPatches_C6-CAM4;25;noise;
Minipatches_light_20260116/20221122T103611_SmallPatches_C6-CAM4;26;noise;
Minipatches_light_20260116/20221122T103611_SmallPatches_C6-CAM4;27;noise;
Minipatches_light_20260116/20221122T103611_SmallPatches_C6-CAM4;28;noise;
Minipatches_light_20260116/20221122T103611_SmallPatches_C6-CAM4;29;noise;
Minipatches_light_20260116/20221122T103611_SmallPatches_C6-CAM4;30;noise;
Minipatches_light_20260116/20221122T103611_SmallPatches_C6-CAM4;31;noise;
Minipatches_light_20260116/20221122T103611_SmallPatches_C6-CAM4;32;noise;
Minipatches_light_20260116/20221122T103611_SmallPatches_C6-CAM4;33;noise;
Minipatches_light_20260116/20221122T103611_SmallPatches_C6-CAM4;34;noise;
Minipatches_light_20260116/20221122T103611_SmallPatches_C6-CAM4;35;noise;
Minipatches_light_20260116/20221122T103611_SmallPatches_C6-CAM4;36;noise;
Minipatches_light_20260116/20221122T103611_SmallPatches_C6-CAM4;37;noise;
Minipatches_light_20260116/20221122T103611_SmallPatches_C6-CAM4;38;noise;
Minipatches_light_20260116/20221122T103611_SmallPatches_C6-CAM4;39;noise;
Minipatches_light_20260116/20221122T103611_SmallPatches_C6-CAM4;40;noise;
Minipatches_light_20260116/20221122T103611_SmallPatches_C6-CAM4;41;NA;
